2025-11-24T17:41:35.364699+00:00,30.006555441994653,4.9532279755403525,996.223473194121,0.4671807077289344,0.8527179141089289,3.3873304628289085e-05,4.3889747104026166e-05,0.01691538054683477,33,30.0,5.0,1000.0,0,nofaults
2025-11-24T17:41:36.463038+00:00,29.994841762110255,5.000408651524274,1001.5027736197877,0.4640252667326427,0.8483169210798075,3.9407206334583856e-05,6.195996166988414e-05,0.018239910391596833,35,30.0,5.0,1000.0,0,nofaults
2025-11-24T17:41:37.463734+00:00,30.011154159327578,5.063563887093302,994.3462251786466,0.4611456648967948,0.8526814666332955,4.247450818982475e-05,4.273062872822305e-05,0.016561423372265995,33,30.0,5.0,1000.0,0,nofaults
2025-11-24T17:41:38.564040+00:00,29.994846640347063,5.058610535283967,1002.3660398768287,0.46722587405136784,0.8499903390122,2.6012915606653488e-05,5.611650452878824e-05,0.01865207165332878,36,30.0,5.0,1000.0,0,nofaults
2025-11-24T17:41:39.664412+00:00,30.01156815054885,5.129195798566998,1004.1032322097213,0.4624092932782828,0.8487466961906475,3.814424533268526e-05,6.559698174090858e-05,0.018031819714560606,37,30.0,5.0,1000.0,0,nofaults
2025-11-24T17:41:40.763313+00:00,30.028299966369875,5.161392585327682,1002.7795946251081,0.459699365243146,0.8487287507547996,4.659818857922946e-05,4.026584899666086e-05,0.018265607295788747,38,30.0,5.0,1000.0,0,nofaults
2025-11-24T17:41:41.763766+00:00,29.999651416202095,5.233835355539211,989.4588531099304,0.4626448761861125,0.8549243554863633,4.016512352153632e-05,5.50354423035716e-05,0.016925020188314602,34,30.0,5.0,1000.0,0,nofaults
2025-11-24T17:41:42.763804+00:00,29.999649021644682,5.291046568937039,1009.7044896911633,0.46734475800647335,0.8446955866888898,2.2913280377771055e-05,4.9807655002815786e-05,0.016712331398483164,36,30.0,5.0,1000.0,0,nofaults
2025-11-24T17:41:43.865984+00:00,29.996936983678065,5.262936297419058,997.0087155266458,0.4639008554702585,0.852482667342408,0.00010355784022853073,4.755866179577004e-05,0.018469515077929176,37,30.0,5.0,1000.0,0,nofaults
2025-11-24T17:41:44.864349+00:00,30.00425011997774,5.133034646219235,1008.9089637382818,0.4660160245651911,0.8469336475468872,2.9916285300366824e-05,4.5702538857229214e-05,0.016977588703694327,34,30.0,5.0,1000.0,0,nofaults
2025-11-24T17:41:45.964337+00:00,30.007386955444073,5.147770867852007,1003.2344165673672,0.4592898252346585,0.847352649238028,7.420093479923799e-05,2.7038241954168284e-05,0.018796646817475005,39,30.0,5.0,1000.0,0,nofaults
2025-11-24T17:41:46.963825+00:00,30.001949573521443,5.0553908566078976,1007.3635633403126,0.4684323599968613,0.8441026714138626,4.16936140208809e-05,4.8008026054336204e-05,0.017012453317500467,33,30.0,5.0,1000.0,0,nofaults
2025-11-24T17:41:48.064121+00:00,30.005295548337926,5.1081440533773215,996.6895663372153,0.4604134161992958,0.848632837059241,2.0667705604612462e-05,6.044318147569321e-05,0.018416690099324392,38,30.0,5.0,1000.0,0,nofaults
2025-11-24T17:41:49.063278+00:00,29.997349067047185,5.107153383015454,991.729715264239,0.4650450091171729,0.8511906227224946,4.8588129007390995e-05,2.658704227359897e-06,0.01697602736321039,34,30.0,5.0,1000.0,0,nofaults
2025-11-24T17:41:50.062540+00:00,30.008848831890184,4.981833582239265,996.7822542496231,0.46584367967422846,0.8505493495836524,8.03461203490675e-05,1.9786453081702998e-05,0.01711377631266584,33,30.0,5.0,1000.0,0,nofaults
2025-11-24T17:41:51.065078+00:00,30.013450537005923,4.930071055831709,1004.9181543462082,0.4633258811514011,0.8480868292864454,4.406874419583265e-05,2.9551598413566836e-05,0.016811718444658386,36,30.0,5.0,1000.0,0,nofaults
2025-11-24T17:41:52.163557+00:00,30.009482715048648,4.905056629194564,1005.266458353747,0.4602373901474627,0.8456579565865173,1.7301376376093106e-05,5.677834299547365e-05,0.01842765172136098,38,30.0,5.0,1000.0,0,nofaults
2025-11-24T17:41:53.164817+00:00,30.01344933701162,4.999541814957641,1001.8301414370471,0.4656509984931566,0.8464439523969547,3.0675534934959305e-05,3.948194913177635e-05,0.016509713930085372,33,30.0,5.0,1000.0,0,nofaults
2025-11-24T17:41:54.163570+00:00,29.9674681040163,4.996817471462505,1000.1823530173499,0.4636135492653751,0.8472787659879586,3.5421108398960535e-05,4.50033919166911e-05,0.016953501054397132,35,30.0,5.0,1000.0,0,nofaults
2025-11-24T17:41:55.163454+00:00,30.018055213612474,5.037682623889525,999.6195597980279,0.46433887925731704,0.8503673594177188,1.5702776502426035e-05,2.80768384901668e-05,0.016674798051871238,33,30.0,5.0,1000.0,0,nofaults
2025-11-24T17:41:56.164736+00:00,30.047963600322543,5.025423078161419,995.8439941887311,0.46098383556592815,0.8496989363228871,7.145727619260362e-05,2.8693761157931068e-05,0.016378357807341187,32,30.0,5.0,1000.0,0,nofaults
2025-11-24T17:41:57.264214+00:00,29.99275630813186,4.959543499097255,997.7184114596665,0.464980304203914,0.8472161546983478,4.5204046070548414e-05,5.028477177610421e-05,0.018446901127290763,39,30.0,5.0,1000.0,0,nofaults
2025-11-24T17:41:58.265789+00:00,29.981251188926894,4.981833582239266,1009.376403562225,0.46547930630017775,0.8490545668782994,2.8290395042611713e-05,3.703094111575287e-05,0.016927463531574087,34,30.0,5.0,1000.0,0,nofaults
2025-11-24T17:41:59.363628+00:00,30.001111111346656,4.962020175001923,995.6257886505335,0.46260998627785865,0.8476468738753227,4.4106420162589346e-05,4.476074790928792e-05,0.018397071519173417,37,30.0,5.0,1000.0,0,nofaults
2025-11-24T17:42:00.363347+00:00,30.00425012811761,4.973660551753862,995.3090819791005,0.46122587488955197,0.8478771309769074,3.554903927063032e-05,4.7387368417605294e-05,0.01653302366812664,33,30.0,5.0,1000.0,0,nofaults
2025-11-24T17:42:01.463945+00:00,30.00320251721323,4.989263609953269,992.5726482940597,0.4668035664571726,0.8523517724816938,2.9084984820731558e-05,1.4101601559183669e-05,0.01832945331573674,39,30.0,5.0,1000.0,0,nofaults
2025-11-24T17:42:02.564473+00:00,30.019931075125104,4.991740285857936,1003.0979257133644,0.4587717463520425,0.8480368480615809,2.004990549409226e-05,5.4406797684564094e-05,0.018332743427018194,37,30.0,5.0,1000.0,0,nofaults
2025-11-24T17:42:03.663965+00:00,30.003209013322138,5.098237349758651,1001.2111788077538,0.4667822786643022,0.8485335612498551,4.2258633280886614e-05,7.313875172739534e-05,0.01866650689248381,34,30.0,5.0,1000.0,0,nofaults
2025-11-24T17:42:04.763716+00:00,30.00947402975842,5.162630923280014,1004.5705938655384,0.46228861911091673,0.8468214520255397,3.68194356187849e-05,7.388853034104317e-05,0.01859582328913253,35,30.0,5.0,1000.0,0,nofaults
2025-11-24T17:42:05.765364+00:00,30.022658101089934,5.335998236606759,1008.1234162569472,0.46055368119970835,0.8467259509278531,3.4007164634237065e-05,5.9497850077628376e-05,0.016499558952823925,35,30.0,5.0,1000.0,0,nofaults
2025-11-24T17:42:06.864402+00:00,30.03249094015903,5.327329870940421,1001.2404646804154,0.4657493860159414,0.8472697695610928,6.477669994439742e-05,1.945169921563424e-05,0.018431032709431912,37,30.0,5.0,1000.0,0,nofaults
2025-11-24T17:42:07.963036+00:00,30.028302160531755,5.213402779325703,1002.268451743088,0.4615726965064803,0.8459682645893913,6.036385731957482e-05,4.668820947995942e-05,0.017868724911100208,39,30.0,5.0,1000.0,0,nofaults
2025-11-24T17:42:08.964375+00:00,30.015747497047307,5.16572676816085,994.0674586452303,0.4606641630206571,0.8493194277017746,7.811630968606654e-05,5.921151097913139e-05,0.01649422748456969,31,30.0,5.0,1000.0,0,nofaults
2025-11-24T17:42:09.963544+00:00,30.013466043345367,5.07990994806411,989.8427268435573,0.46425411385268295,0.8509402934589161,4.5675709334499286e-05,5.2345014132612284e-05,0.016906713838495402,34,30.0,5.0,1000.0,0,nofaults
2025-11-24T17:42:11.063124+00:00,30.011570322491533,5.068517238902637,997.925649690184,0.46525081930103857,0.8501359577251191,4.802420733558043e-05,2.3522902721119196e-05,0.018593214767738144,35,30.0,5.0,1000.0,0,nofaults
2025-11-24T17:42:12.164205+00:00,30.036667249634068,5.043750479855959,993.72124574831,0.46333605190050303,0.8509634588068,3.515565611021268e-05,3.463740866695941e-05,0.018599544584826273,38,30.0,5.0,1000.0,0,nofaults
2025-11-24T17:42:13.266600+00:00,30.030388667179135,5.124242446757663,1004.8435245185544,0.458146747176531,0.8488307437207356,3.532135790719745e-05,8.050959367855018e-05,0.018168417616335693,37,30.0,5.0,1000.0,0,nofaults
2025-11-24T17:42:14.364956+00:00,30.00948379979222,5.1056673774726535,1003.6740564728832,0.4673377170335103,0.8483551396493746,8.359555642002121e-05,2.918490677634849e-05,0.018812566765225844,40,30.0,5.0,1000.0,0,nofaults
2025-11-24T17:42:15.364351+00:00,29.9789607583391,5.01452570418088,996.7344543760804,0.46053281284478975,0.8506080449056131,5.0457178314594517e-05,5.2361865083393485e-05,0.016759226228863843,35,30.0,5.0,1000.0,0,nofaults
2025-11-24T17:42:16.464358+00:00,30.013670412421266,5.059848873236301,1008.2293018304172,0.46828410901429507,0.8455757498361414,3.16606667486274e-05,4.0622957394535475e-05,0.018148948048600327,37,30.0,5.0,1000.0,0,nofaults
2025-11-24T17:42:17.463455+00:00,30.00885421151102,4.995455299714939,1000.9409635208267,0.46072812430466425,0.848640780862619,5.402373053652791e-05,3.380624716289005e-05,0.016522990224169254,34,30.0,5.0,1000.0,0,nofaults
2025-11-24T17:42:18.464539+00:00,29.988151045935375,5.03495828039439,1009.3744642050009,0.4637517488477624,0.8441337115573511,2.3643354677028406e-05,4.96653856733663e-05,0.01657142056976729,34,30.0,5.0,1000.0,0,nofaults
2025-11-24T17:42:19.563626+00:00,29.984388516402678,5.064802225045636,993.9288155683399,0.46495950742768816,0.8487237115957359,6.656975382196934e-05,5.3951777976962344e-05,0.01841094306526877,39,30.0,5.0,1000.0,0,nofaults
2025-11-24T17:42:20.664767+00:00,29.999027835460165,5.037558790094291,1008.4418559299046,0.4591617887226281,0.8436373555193669,3.3009017255415353e-05,5.814625951868989e-05,0.018033762368956464,34,30.0,5.0,1000.0,0,nofaults
2025-11-24T17:42:21.664020+00:00,30.013453519352975,5.062201715345735,1000.9510189630852,0.46531585524510566,0.8456282895186616,5.1222732903784576e-05,2.9732779263932204e-05,0.016842404572261493,33,30.0,5.0,1000.0,0,nofaults
2025-11-24T17:42:22.764162+00:00,30.019937068948852,5.0722322527596395,990.4824132787745,0.4627260857834338,0.8505076593258013,7.049644190292901e-05,3.804697970821274e-05,0.01813649772371376,38,30.0,5.0,1000.0,0,nofaults
2025-11-24T17:42:23.764495+00:00,30.018049236712375,4.970936208258728,992.6799946432044,0.46510572470072675,0.851087891900319,2.849505366854711e-05,2.484120420612975e-05,0.017052405780722917,33,30.0,5.0,1000.0,0,nofaults
2025-11-24T17:42:24.764778+00:00,30.011161318595505,4.92870888408414,998.0424891761126,0.46061339984251093,0.8478078950201334,4.119173063490748e-05,1.8982123885138295e-05,0.017069614554431355,34,30.0,5.0,1000.0,0,nofaults
2025-11-24T17:42:25.764589+00:00,30.008852404746268,4.930071055831708,998.7234656272185,0.4618519723494243,0.8502105263387086,3.072097105212825e-05,2.395299731991135e-05,0.01640915416820055,35,30.0,5.0,1000.0,0,nofaults
2025-11-24T17:42:26.864583+00:00,30.024119321657277,4.9137249948609005,997.8526959739374,0.46250566833620205,0.849899143364317,5.2307097167422247e-05,4.8924166624551065e-05,0.01793069679788788,36,30.0,5.0,1000.0,0,nofaults
2025-11-24T17:42:27.967364+00:00,30.022023030145657,4.9087716430515655,993.4086210024662,0.46254205692256556,0.8533594108873378,3.1483627544792264e-05,3.760062992005162e-05,0.018158936779140232,35,30.0,5.0,1000.0,0,nofaults
2025-11-24T17:42:29.063720+00:00,30.011572485801718,4.901341615337562,985.3531927117857,0.4617823769053533,0.8556807704387079,5.6743108780915396e-05,1.3498252786445725e-05,0.01813798566564908,38,30.0,5.0,1000.0,0,nofaults
2025-11-24T17:42:30.062527+00:00,30.018050432634446,4.845616407482538,1003.8661810693923,0.46262160271048514,0.8496617628690837,3.81764995363867e-05,6.471374420335171e-05,0.01630045222201281,33,30.0,5.0,1000.0,0,nofaults
2025-11-24T17:42:31.164969+00:00,30.01158008637892,4.902579953289898,997.9470075228023,0.4617431015934134,0.8532621701694919,1.6194128070274354e-05,5.6185349852093095e-05,0.018276762422695516,35,30.0,5.0,1000.0,0,nofaults
2025-11-24T17:42:32.163273+00:00,30.006549473222197,4.932795399326843,1002.9472948871329,0.46414850721985274,0.8504791608164682,6.585223049871178e-05,1.6012705419384183e-05,0.01670818223803806,33,30.0,5.0,1000.0,0,nofaults
2025-11-24T17:42:33.263767+00:00,30.024119333979318,4.866668152672214,1003.4200420436249,0.4645076596591563,0.8513942704565899,8.520353543960802e-05,7.475072438036515e-05,0.01862602999789989,36,30.0,5.0,1000.0,0,nofaults
2025-11-24T17:42:34.265859+00:00,30.01114878377745,4.8551516097155085,999.5329796762231,0.4615911896325101,0.8498466981804247,5.591752879534078e-05,8.43581243754576e-05,0.01692308686298259,34,30.0,5.0,1000.0,0,nofaults
2025-11-24T17:42:35.364445+00:00,30.032487683472777,4.886481559909555,998.0190874024902,0.46524699925823093,0.8538138818371492,4.0091142376303726e-05,4.8998410240222226e-05,0.018263932061512726,36,30.0,5.0,1000.0,0,nofaults
2025-11-24T17:42:36.469125+00:00,29.999024035795525,4.940968429812245,996.816365682762,0.4577573332723734,0.8525299788156189,4.588448511668412e-05,5.961406103508988e-05,0.017810485466059508,35,30.0,5.0,1000.0,0,nofaults
2025-11-24T17:42:37.464184+00:00,29.997350854828056,4.9573144907830535,1009.9575452361202,0.4666920767479182,0.8454532414271204,2.82710612382524e-05,6.111986150234152e-05,0.01676211394572466,33,30.0,5.0,1000.0,0,nofaults
2025-11-24T17:42:38.566153+00:00,29.98648262857449,5.010315355142944,1001.4816161635459,0.46565621645307476,0.8521627360210374,1.8050033340686547e-05,1.5988808019690318e-05,0.01834151838614959,36,30.0,5.0,1000.0,0,nofaults
2025-11-24T17:42:39.565890+00:00,29.995058060862014,4.987282269229534,1002.5658995849514,0.4620822464165948,0.8481681609628922,3.4851272508982836e-05,2.2129688106557117e-05,0.01676071744109108,34,30.0,5.0,1000.0,0,nofaults
2025-11-24T17:42:40.663906+00:00,30.00948053818381,4.948398457526252,999.3599273786305,0.45958469448996353,0.852096392565936,5.08029626249649e-05,4.380545152459201e-05,0.0182806146828089,38,30.0,5.0,1000.0,0,nofaults
2025-11-24T17:42:41.662911+00:00,29.999650221638984,4.953227975540352,1005.5481606582649,0.4654546744114431,0.8480101008029978,5.023768592946639e-05,3.815598456366568e-05,0.016875510908078987,32,30.0,5.0,1000.0,0,nofaults
2025-11-24T17:42:42.764325+00:00,30.02829834111178,4.964496850906591,1001.1976920806329,0.4610887898056207,0.8494972158652725,3.567619308370847e-05,4.7997608182624747e-05,0.01811888553677755,38,30.0,5.0,1000.0,0,nofaults
2025-11-24T17:42:43.864866+00:00,30.0011154564591,4.952113471383253,999.5615170161345,0.46301015017207675,0.8487815557905249,8.653897343415863e-05,3.321512496897043e-05,0.018129320474114998,39,30.0,5.0,1000.0,0,nofaults
2025-11-24T17:42:44.863773+00:00,29.98585049406167,4.872859842433883,997.9269551532668,0.4646928560193829,0.8518779631131732,5.766828051753764e-05,3.508744742629802e-05,0.01674688167594698,33,30.0,5.0,1000.0,0,nofaults
2025-11-24T17:42:45.965080+00:00,30.001114898683724,4.814657958674189,1005.1494406258105,0.4651658021233974,0.8478643708232636,4.4751734295989436e-05,3.8658634240877816e-05,0.018395242172349145,39,30.0,5.0,1000.0,0,nofaults
2025-11-24T17:42:46.968039+00:00,30.01114699599658,4.810199942045789,993.4851636171894,0.460346732607274,0.852248731823663,3.138573356913698e-05,1.9620545981643602e-05,0.016615289636622774,34,30.0,5.0,1000.0,0,nofaults
2025-11-24T17:42:48.067990+00:00,30.01784835456266,4.794844551436849,996.7724183421964,0.4614002873925285,0.8507600504792635,5.484286021640112e-05,4.514738870160329e-05,0.018195560070961587,39,30.0,5.0,1000.0,0,nofaults
2025-11-24T17:42:49.163579+00:00,30.00739398469534,4.798559565293849,997.2133564073177,0.46386019602728434,0.8495499656351323,5.41644627514241e-05,5.3781385949341495e-05,0.018475188848948394,37,30.0,5.0,1000.0,0,nofaults
2025-11-24T17:42:50.163411+00:00,30.00425727112411,4.781594335346876,1000.3581779093458,0.4617014230579947,0.8518108477038453,4.25330341433395e-05,1.5507124767048332e-05,0.016869290865652857,34,30.0,5.0,1000.0,0,nofaults
2025-11-24T17:42:51.163799+00:00,30.02725263879784,4.744815698162556,1002.46010544751,0.4585883648853086,0.8500708065090719,3.6740711954011185e-05,3.1318745189503915e-05,0.016740002933492898,32,30.0,5.0,1000.0,0,nofaults
2025-11-24T17:42:52.270343+00:00,30.01366391139576,4.7428343574388245,1009.3608994024959,0.4678698000507237,0.8461067415588525,6.944336623495985e-05,3.8240617910106166e-05,0.018601698909498095,37,30.0,5.0,1000.0,0,nofaults
2025-11-24T17:42:53.365285+00:00,30.030397369749696,4.7477877092481595,1000.0435101836857,0.4576684830056061,0.8496046170165414,2.152521791763349e-05,6.04843023798537e-05,0.01823253190992709,39,30.0,5.0,1000.0,0,nofaults
2025-11-24T17:42:54.364634+00:00,29.99505030566765,4.810199942045787,993.0361009062175,0.46542776373429273,0.851455630556089,4.671972429734019e-05,6.959281808590354e-05,0.016525987682894833,32,30.0,5.0,1000.0,0,nofaults
2025-11-24T17:42:55.466280+00:00,30.015755877537774,4.793606213484515,995.708301430728,0.4634601071103903,0.8539806978227749,4.9979677064879975e-05,7.402859120165511e-05,0.018427071030817713,36,30.0,5.0,1000.0,0,nofaults
2025-11-24T17:42:56.567108+00:00,30.030394646186377,4.761409426723833,999.6183414991923,0.4618752590943603,0.8478775954645615,9.507553266948605e-05,2.8407165009760817e-05,0.01855792519106161,36,30.0,5.0,1000.0,0,nofaults
2025-11-24T17:42:57.564619+00:00,30.041058922931114,4.752988728647962,993.2854104888886,0.4603191192667901,0.8529606085542489,3.08316296812249e-05,6.074949277306705e-05,0.016369132892498257,34,30.0,5.0,1000.0,0,nofaults
2025-11-24T17:42:58.668463+00:00,30.0366650727609,4.771316130342502,1001.3053134894816,0.4615693837458966,0.8521929762044954,8.4775905439636e-05,0.00010110195569274613,0.0181431804876112,35,30.0,5.0,1000.0,0,nofaults
2025-11-24T17:42:59.762898+00:00,30.026206388560624,4.820849648435858,997.5825063535314,0.4608060745255073,0.8537111848096035,6.899333676404609e-05,7.706708675832174e-05,0.018446190938906596,36,30.0,5.0,1000.0,0,nofaults
2025-11-24T17:43:00.870564+00:00,30.005297180990386,4.84313973157787,999.5977295746906,0.46466627927675935,0.8503609582622499,2.3366406336643633e-05,8.027768057079135e-05,0.01836656560932157,37,30.0,5.0,1000.0,0,nofaults
2025-11-24T17:43:01.863596+00:00,30.018047448931505,4.872859842433884,1003.5365070649611,0.46091632463527155,0.8510535142493291,8.456589316440614e-05,6.0326046062449067e-05,0.01648642570282763,37,30.0,5.0,1000.0,0,nofaults
2025-11-24T17:43:02.965601+00:00,30.003214455514104,4.897626601480561,1010.0642305749527,0.45828684826256594,0.8480383330893392,5.17438568006784e-05,0.00010485043943414385,0.018172538531844983,35,30.0,5.0,1000.0,0,nofaults
2025-11-24T17:43:03.970395+00:00,29.992753333417205,4.977747066996564,1000.2103767272213,0.4699596715947436,0.8490901730110277,1.2396683351167601e-05,4.300677527951838e-05,0.01679061462651007,34,30.0,5.0,1000.0,0,nofaults
2025-11-24T17:43:05.066290+00:00,30.028296166708007,4.991740285857937,1007.4954142419364,0.45960001643789555,0.8463702853105126,4.0379796134267975e-05,3.9497154112660525e-05,0.01822152274512274,38,30.0,5.0,1000.0,0,nofaults
2025-11-24T17:43:06.066856+00:00,30.00885419524044,5.041769139132226,1003.6663631864003,0.45999004225751233,0.848076984889641,1.4815048295647673e-05,5.6894511178819774e-05,0.01643514447000333,35,30.0,5.0,1000.0,0,nofaults
2025-11-24T17:43:07.162855+00:00,30.005302620711543,5.095760673853984,1001.4670390875334,0.4656414757985321,0.8467043839095052,5.0995215412989017e-05,3.1536441601659616e-05,0.018671703484566673,37,30.0,5.0,1000.0,0,nofaults
2025-11-24T17:43:08.263975+00:00,29.996931547654764,5.085853970235312,997.1740708188561,0.4595103521929025,0.8500116006321885,2.1101491782662458e-05,3.276694478708704e-05,0.01817282859544928,36,30.0,5.0,1000.0,0,nofaults
2025-11-24T17:43:09.264388+00:00,30.020350984517314,5.075823432821406,1002.1472624711944,0.4678181675428646,0.8480077466548824,3.280411543002684e-05,3.364460934726061e-05,0.01723907213659668,33,30.0,5.0,1000.0,0,nofaults
2025-11-24T17:43:10.366370+00:00,30.017848370592276,5.15520089556601,1000.005379248162,0.4598627190356482,0.8478578829803115,1.4675547398508055e-05,6.250944220102839e-05,0.017710479753728515,37,30.0,5.0,1000.0,0,nofaults
2025-11-24T17:43:11.465053+00:00,30.009481637721645,5.262936297419059,993.3335485296572,0.46439076815085956,0.8518616487103947,3.0372811258988287e-05,3.19576640634004e-05,0.018731874182712216,34,30.0,5.0,1000.0,0,nofaults
2025-11-24T17:43:12.465528+00:00,30.01115713896745,5.254267931752721,1005.4626589810663,0.45630236967612314,0.846539743301658,4.576706624460324e-05,3.7231056501647406e-05,0.016157077294358307,32,30.0,5.0,1000.0,0,nofaults
2025-11-24T17:43:13.467274+00:00,30.006552456925142,5.25018141651002,995.052995514968,0.46349726747160214,0.8509051877241159,4.35058464849952e-05,3.79802508369516e-05,0.016853148987745932,32,30.0,5.0,1000.0,0,nofaults
2025-11-24T17:43:14.462727+00:00,30.006554263706697,5.203867577092732,995.6352992491202,0.46701552647567235,0.8505828392071686,2.1975420836939954e-05,1.051366995370996e-05,0.01680377973329553,33,30.0,5.0,1000.0,0,nofaults
2025-11-24T17:43:15.563732+00:00,30.032489861598073,5.1527242196613425,999.9616643405735,0.45717003964779934,0.8504604090855824,6.273727459789044e-05,5.584839280420087e-05,0.0178216786423471,37,30.0,5.0,1000.0,0,nofaults
2025-11-24T17:43:16.663186+00:00,30.005292843277825,5.080900618425976,993.3574479705626,0.4644341717851729,0.8511387827868987,5.1147153521211616e-05,1.5775833447558886e-05,0.01823293058476182,37,30.0,5.0,1000.0,0,nofaults
2025-11-24T17:43:17.668591+00:00,30.020350394014407,5.010439188938179,999.0985852942837,0.46179088920049916,0.8508953886933053,6.2231942827798e-05,4.3873897756788924e-05,0.016410900723407076,32,30.0,5.0,1000.0,0,nofaults
2025-11-24T17:43:18.766625+00:00,30.01365739310942,4.989263609953268,998.9667574979234,0.46197976956748055,0.8512000574047289,5.821514992529509e-05,2.9233862753910254e-05,0.018019667496321938,36,30.0,5.0,1000.0,0,nofaults
2025-11-24T17:43:19.864126+00:00,30.00947945344856,4.952113471383251,1012.3980237805544,0.4610277823342072,0.8437310294232244,5.986736065348615e-05,7.782899002114227e-05,0.018182840994082215,38,30.0,5.0,1000.0,0,nofaults
2025-11-24T17:43:20.964426+00:00,30.001110024144772,4.969450202715927,1004.7417622834615,0.4623606530654916,0.8479581468425699,4.8687512982947865e-05,4.226545384698824e-05,0.018246855441746923,36,30.0,5.0,1000.0,0,nofaults
2025-11-24T17:43:22.065751+00:00,29.994845007700167,4.997931975619606,993.8644942239811,0.4625741906037952,0.8519577324558806,3.148357886623554e-05,3.7143968784647854e-05,0.018775566541268596,34,30.0,5.0,1000.0,0,nofaults
2025-11-24T17:43:23.067052+00:00,30.004247730846895,4.987282269229534,1004.9130956606793,0.4622726154206619,0.8470639209652141,1.808362518576074e-05,2.468073462557788e-05,0.016434093485039998,34,30.0,5.0,1000.0,0,nofaults
2025-11-24T17:43:24.164221+00:00,29.99484284931214,5.023937072618617,993.7296358076695,0.46471208321426666,0.8512470706523788,3.081519359726417e-05,4.691964923430504e-05,0.018347979495025264,35,30.0,5.0,1000.0,0,nofaults
2025-11-24T17:43:25.264135+00:00,30.011570336061478,5.022698734666284,996.6919094369752,0.4588176084243003,0.8498144314229957,6.043169426377808e-05,2.5945007338497353e-05,0.018196304251364898,36,30.0,5.0,1000.0,0,nofaults
2025-11-24T17:43:26.473212+00:00,29.994841759651976,4.950875133430919,990.8398917938063,0.4647030057526994,0.8553088065346901,5.599047924754315e-05,2.861836663580179e-05,0.01811561427523087,38,30.0,5.0,1000.0,0,nofaults
2025-11-24T17:43:27.464641+00:00,30.017847811578722,4.923631698479573,1003.5661436674479,0.4607452666013914,0.8491934393422348,3.576020528816337e-05,3.6618453278046723e-05,0.01833749349350342,37,30.0,5.0,1000.0,0,nofaults
2025-11-24T17:43:28.516840+00:00,30.043358292464507,4.917811510103602,995.6875783615972,0.4597752993165477,0.8531435906113038,2.7877419507838723e-05,5.690947276790485e-05,0.016629733600391158,34,30.0,5.0,1000.0,0,nofaults
2025-11-24T17:43:29.463800+00:00,29.99965677548471,4.950503632045217,1002.9760708396694,0.46350085037213534,0.8503974335772572,6.240013346832985e-05,4.5628069259731865e-05,0.016917294338740403,32,30.0,5.0,1000.0,0,nofaults
2025-11-24T17:43:30.672986+00:00,29.984388512708975,4.953351809335584,1001.8466030263749,0.4649727991104586,0.8483771849455629,2.5535637438895666e-05,6.012548264321558e-05,0.01846252980994896,39,30.0,5.0,1000.0,0,nofaults
2025-11-24T17:43:31.563317+00:00,30.001945991181827,4.97502272350143,998.5109642032021,0.4587510937567186,0.8508549489689787,1.769326960525974e-05,1.4918181490365532e-05,0.01606525426805065,32,30.0,5.0,1000.0,0,nofaults
2025-11-24T17:43:32.664412+00:00,30.001117090353898,4.979356906334598,1002.6776859574791,0.46230268821302295,0.8503159618915597,5.891396331276432e-05,9.394226688309849e-06,0.01811057103112338,36,30.0,5.0,1000.0,0,nofaults
2025-11-24T17:43:33.763222+00:00,30.001113816406757,4.928585050288908,1001.6792731842819,0.46337106859845406,0.8507246506350895,4.193958646429371e-05,3.5302765608710423e-05,0.01826563372342082,39,30.0,5.0,1000.0,0,nofaults
2025-11-24T17:43:34.765721+00:00,29.999649021644682,4.89465459039496,999.8269270393597,0.4599933759890876,0.8526103476649096,1.6690941116643015e-05,2.4194600545500694e-05,0.016558124420792783,34,30.0,5.0,1000.0,0,nofaults
2025-11-24T17:43:35.863299+00:00,29.984391764456436,4.8567614490535425,1002.0575221524904,0.4639216390110136,0.8486374845311889,3.4476757923712215e-05,1.869660812115677e-05,0.01830070251430524,37,30.0,5.0,1000.0,0,nofaults
2025-11-24T17:43:36.865923+00:00,29.99735264125916,4.876946357676584,1002.6783390324908,0.46596782856424374,0.8476071323757687,3.44537265637758e-05,4.8537177691413856e-05,0.0169062327117097,33,30.0,5.0,1000.0,0,nofaults
2025-11-24T17:43:37.863382+00:00,30.022661092935785,4.912362823113333,988.8668924660144,0.46161437070871597,0.8549131602050387,3.4916993433568876e-05,3.331575503302347e-05,0.01676962019831293,35,30.0,5.0,1000.0,0,nofaults
2025-11-24T17:43:38.967934+00:00,29.99902782437491,4.914963332813235,1006.366099055094,0.4602188448949235,0.8448479311563922,1.3042273841929392e-05,2.118527921135697e-05,0.017980138831455446,37,30.0,5.0,1000.0,0,nofaults
2025-11-24T17:43:40.088542+00:00,29.96348905544786,4.8827665460525544,1000.4794517597685,0.46780318027980533,0.8532821650724297,4.733028209785432e-05,1.2425274121082425e-05,0.018691177141736393,36,30.0,5.0,1000.0,0,nofaults
2025-11-24T17:43:41.064260+00:00,29.988154013386055,4.856513781463074,1004.0183979117719,0.45925023842642193,0.8501517157400261,3.3183189620181194e-05,4.659193124604959e-05,0.016550732972918918,35,30.0,5.0,1000.0,0,nofaults
2025-11-24T17:43:42.063915+00:00,30.006549480003137,4.902827620880364,999.2837305351608,0.46335566092616576,0.8471195033334864,2.7226794043048337e-05,5.310296471458817e-05,0.016886930013284687,32,30.0,5.0,1000.0,0,nofaults
2025-11-24T17:43:43.162964+00:00,29.996937492148607,4.949636795478584,1003.1114428440349,0.46036230310864157,0.8490709307846749,5.256189685456941e-05,7.721138030646934e-05,0.01803620601702399,36,30.0,5.0,1000.0,0,nofaults
2025-11-24T17:43:44.274370+00:00,30.005299334453465,4.963258512954256,998.5341878845585,0.4622227862213439,0.8503823914985132,4.671064846193003e-05,4.609701557600833e-05,0.018283783779383292,36,30.0,5.0,1000.0,0,nofaults
2025-11-24T17:43:45.365192+00:00,30.015748262160717,4.95830516114492,998.097274344067,0.46293360646619475,0.8501599885614805,5.553944964510998e-05,2.823471436407181e-05,0.018008323026812604,39,30.0,5.0,1000.0,0,nofaults
2025-11-24T17:43:46.365448+00:00,30.008854807455815,4.923260197093872,1009.251932226192,0.4620755661014842,0.8472762567319088,6.266037787737175e-05,2.8125025291053325e-05,0.01665188555751492,35,30.0,5.0,1000.0,0,nofaults
2025-11-24T17:43:47.467082+00:00,30.001123018837493,4.815896296626523,993.9972524384145,0.4612545360450516,0.8499872849273835,9.158147372228192e-05,2.328995527512483e-05,0.018659592980020342,38,30.0,5.0,1000.0,0,nofaults
2025-11-24T17:43:48.568270+00:00,29.99066491704284,4.787414523722846,1004.0844372955439,0.46586413988099573,0.8466901304994238,3.699568490155217e-05,7.342403869068956e-05,0.01866111505387059,38,30.0,5.0,1000.0,0,nofaults
2025-11-24T17:43:49.566239+00:00,29.990455167957986,4.788405194084712,995.5838646957894,0.4591589112403004,0.8515892004403579,7.439733127187736e-05,4.5888836841080635e-05,0.016733007885949645,31,30.0,5.0,1000.0,0,nofaults
2025-11-24T17:43:50.635811+00:00,30.015749290251712,4.777507820104175,995.8844717595755,0.4595095594171751,0.8494353911280079,4.013506107950265e-05,4.605892750272378e-05,0.016752880335305656,34,30.0,5.0,1000.0,0,nofaults
2025-11-24T17:43:51.672930+00:00,30.015752047026975,4.793606213484513,1001.3209412409539,0.4639692507224801,0.8510935143594218,3.5672687713897595e-05,5.5242893641372636e-05,0.018328907181024437,34,30.0,5.0,1000.0,0,nofaults
2025-11-24T17:43:52.767468+00:00,30.022039886141158,4.81465795867419,997.3414032082517,0.4648071462571275,0.8501304690173537,3.206190440387451e-05,3.8243730560691714e-05,0.018316340705124518,36,30.0,5.0,1000.0,0,nofaults
2025-11-24T17:43:53.865409+00:00,29.999026212671467,4.827041338197529,1006.0657110889085,0.46020505321397426,0.8484820839726278,5.4618138787021044e-05,4.884126460783413e-05,0.018634984708753646,38,30.0,5.0,1000.0,0,nofaults
2025-11-24T17:43:54.864350+00:00,29.99965855377287,4.8156486290360565,992.4288022899103,0.4599603476513258,0.8524691338930873,7.12723383695126e-05,5.4985510309555554e-05,0.01617913112805232,31,30.0,5.0,1000.0,0,nofaults
2025-11-24T17:43:55.863232+00:00,29.997353826346377,4.79385388107498,992.207967531385,0.4635660561013862,0.8514896857154115,3.3331537467328296e-05,3.4620995082952016e-05,0.016667264296234118,35,30.0,5.0,1000.0,0,nofaults
2025-11-24T17:43:56.964765+00:00,29.976032642005908,4.789891199627513,1005.3046368131036,0.4662934589788671,0.8499839669890804,2.158039657175419e-05,5.297943130418628e-05,0.01845869906922333,37,30.0,5.0,1000.0,0,nofaults
2025-11-24T17:43:57.963591+00:00,29.98585466013244,4.859238124958211,999.4719733950433,0.4604584592629082,0.8513848601289059,5.650495325954569e-05,7.213314511343137e-05,0.016522870655954352,35,30.0,5.0,1000.0,0,nofaults
2025-11-24T17:43:58.962901+00:00,30.006557233843164,4.846978579230105,996.7610223171954,0.46214860220162224,0.8521507030902716,5.407715043581209e-05,3.917409234906575e-05,0.016810822618970173,34,30.0,5.0,1000.0,0,nofaults
2025-11-24T17:44:00.063926+00:00,30.005296640475844,4.888958235814224,999.3294471162765,0.46218375061602274,0.8509102377243153,1.6421870247678808e-05,9.363222627208894e-05,0.01781176257399489,37,30.0,5.0,1000.0,0,nofaults
2025-11-24T17:44:01.165179+00:00,29.994850444944962,5.014030368999946,991.6451445111713,0.45823284583553653,0.8553777572127934,5.640787370548386e-05,6.581824824299807e-05,0.018409735863532145,39,30.0,5.0,1000.0,0,nofaults
2025-11-24T17:44:02.164288+00:00,30.01574928482818,5.006352673695475,1000.976661628137,0.4688866153324228,0.8497163674982895,2.462208918184318e-05,3.4636533809780794e-05,0.016702324069619866,31,30.0,5.0,1000.0,0,nofaults
2025-11-24T17:44:03.264985+00:00,29.9843912251662,5.04375047985596,1007.8426121984207,0.4628440556522407,0.8497098922540787,4.614328400812066e-05,7.600674885290478e-05,0.01817304200470998,38,30.0,5.0,1000.0,0,nofaults
2025-11-24T17:44:04.364514+00:00,29.982297642434787,5.048703831665296,999.8443439760001,0.45972739768426646,0.8511526884941947,7.088152658954973e-05,4.192927491365736e-05,0.018605346487809895,35,30.0,5.0,1000.0,0,nofaults
2025-11-24T17:44:05.465073+00:00,29.999018617044193,5.001646989476609,1003.9925243928174,0.46240968484808787,0.849562863982279,2.652526706568572e-05,3.0079775155749143e-05,0.018559953475870188,37,30.0,5.0,1000.0,0,nofaults
2025-11-24T17:44:06.590775+00:00,29.99903702802717,5.016507044904614,1013.1947698767686,0.46026791364660996,0.8445689401903674,4.1191459916615865e-05,2.889338643657661e-05,0.01831798770121408,35,30.0,5.0,1000.0,0,nofaults
2025-11-24T17:44:07.665544+00:00,30.01365739064278,5.002885327428941,996.0092115932697,0.46406827550896756,0.8515510151146082,6.209284772964161e-05,5.5334060410667126e-05,0.01825113155198546,35,30.0,5.0,1000.0,0,nofaults
2025-11-24T17:44:08.764382+00:00,29.984390133039394,4.981833582239265,1005.744385932801,0.46501831801287763,0.847076841303856,2.8560712529950346e-05,5.083271712701493e-05,0.0184377870276727,37,30.0,5.0,1000.0,0,nofaults
2025-11-24T17:44:09.765399+00:00,29.988157605204634,5.043131310879792,995.4008528312248,0.4639409402539748,0.8491454248873191,2.408770747309675e-05,3.594536950598712e-05,0.01639133035653041,33,30.0,5.0,1000.0,0,nofaults
2025-11-24T17:44:10.768709+00:00,30.02035697363412,5.093531665539781,993.269358883711,0.4582035996031572,0.852410599248608,3.0540866888693454e-05,4.6111606858751516e-05,0.016681688187465925,31,30.0,5.0,1000.0,0,nofaults
2025-11-24T17:44:11.865632+00:00,30.007390769897373,5.09452233590165,1009.0490639255672,0.4610711351188193,0.846565975028359,4.3981384772869685e-05,1.3929575382784053e-05,0.018534332904615033,36,30.0,5.0,1000.0,0,nofaults
2025-11-24T17:44:12.863888+00:00,30.0042495240513,5.039044795637091,993.635820378851,0.4622226085229103,0.8507725616340606,2.5271736979731056e-05,5.065471550921186e-05,0.016945285851451438,31,30.0,5.0,1000.0,0,nofaults
2025-11-24T17:44:13.875376+00:00,29.98815223914415,5.0513043413651975,999.0604255125756,0.46275293199892176,0.8471581707199333,4.655028480951759e-05,4.5472539892673714e-05,0.016749430953848003,33,30.0,5.0,1000.0,0,nofaults
2025-11-24T17:44:14.964018+00:00,29.996934788314192,5.137864164233335,999.3825445318078,0.4678150240921191,0.8515511276238208,3.5056427490641815e-05,4.7309710408959385e-05,0.01846309331791866,35,30.0,5.0,1000.0,0,nofaults
2025-11-24T17:44:16.062704+00:00,29.9948412178951,5.106905715424987,1002.5219524934363,0.4593446219273172,0.8490742872615197,4.293049381645061e-05,3.130514863040146e-05,0.017994168710714964,37,30.0,5.0,1000.0,0,nofaults
2025-11-24T17:44:17.167392+00:00,29.99275577006731,5.038797128046624,993.8208418081696,0.46154999594501817,0.8525718943032289,5.988689933659859e-05,5.310870914895171e-05,0.018356048735517518,36,30.0,5.0,1000.0,0,nofaults
2025-11-24T17:44:18.266394+00:00,30.02202738389756,5.129195798566997,994.971444259213,0.46380265677717764,0.8512370481694568,2.0994435432941862e-05,3.283979976880313e-05,0.01867269676346388,39,30.0,5.0,1000.0,0,nofaults
2025-11-24T17:44:19.262772+00:00,29.99734907247072,5.104429039520321,999.6374247636637,0.46244968507801454,0.8495227586364533,2.4751290608268607e-05,1.5690110627514955e-05,0.016566212316779145,33,30.0,5.0,1000.0,0,nofaults
2025-11-24T17:44:20.264425+00:00,30.02035517906927,5.105791211267888,1003.8221951578998,0.46168885746234467,0.8502755593519664,2.2773066393455438e-05,5.5402703495880225e-05,0.016506002308695082,35,30.0,5.0,1000.0,0,nofaults
2025-11-24T17:44:21.364290+00:00,29.990664896100796,5.18987435823136,1007.0072845023592,0.46371085083095737,0.847505110350112,5.419204268085034e-05,3.532318161362692e-05,0.018230451280004164,38,30.0,5.0,1000.0,0,nofaults
2025-11-24T17:44:22.366768+00:00,29.995057467642756,5.103066867772753,1012.1435802729959,0.4625117623618217,0.8453437265502439,2.7756609653541202e-05,5.6290439578107026e-05,0.01661695301490344,37,30.0,5.0,1000.0,0,nofaults
2025-11-24T17:44:23.465270+00:00,29.99692991870157,5.199781061850029,1009.0279341370693,0.4624560385649408,0.8431481642506107,3.905656343470551e-05,2.1432559273731948e-05,0.01828896307456891,36,30.0,5.0,1000.0,0,nofaults
2025-11-24T17:44:24.465556+00:00,29.995052697505674,5.126223787481395,1005.1705717824958,0.4625294238370036,0.8450696742155518,3.541183584889213e-05,1.0947493571607534e-05,0.016738848037176055,33,30.0,5.0,1000.0,0,nofaults
2025-11-24T17:44:25.464965+00:00,29.999650809425553,5.058115200103033,996.4073473812035,0.45885718003666787,0.8477524622219775,1.700316579632359e-05,2.3167348246211548e-05,0.01629944615145351,34,30.0,5.0,1000.0,0,nofaults
2025-11-24T17:44:26.465269+00:00,29.978960774600523,5.119412928743562,1007.2526563681024,0.46425284953179624,0.8441400357254146,4.8136252929103884e-05,6.010272334546633e-05,0.01634368057621479,35,30.0,5.0,1000.0,0,nofaults
2025-11-24T17:44:27.564809+00:00,30.009481088562094,5.144055853995005,994.6448539859689,0.46208654678792593,0.8471018802301267,5.7368384470213956e-05,5.526340576559092e-05,0.01812387028459358,37,30.0,5.0,1000.0,0,nofaults
2025-11-24T17:44:28.664783+00:00,29.980225760654886,5.075947266616641,996.3715388656029,0.4566270211207577,0.8468380726416769,0.00010807608885698733,2.7218933273526917e-05,0.01829016002232333,34,30.0,5.0,1000.0,0,nofaults
2025-11-24T17:44:29.664776+00:00,29.99966335513964,4.984557925734398,989.2129784263536,0.4694954977897846,0.850107518031175,3.389041813730217e-05,6.17937274453946e-05,0.01693154851559271,32,30.0,5.0,1000.0,0,nofaults
2025-11-24T17:44:30.764502+00:00,29.999021871252726,4.960781837049588,1008.4034267913553,0.4624509547231112,0.8447720055641472,5.535159958792289e-05,3.7216958629113974e-05,0.018308146917532582,36,30.0,5.0,1000.0,0,nofaults
2025-11-24T17:44:31.865485+00:00,30.005293925549225,5.005362003333609,993.400515125339,0.46224116542891375,0.8500292221893916,2.9864727497166814e-05,5.807508726688274e-05,0.01852379545543695,36,30.0,5.0,1000.0,0,nofaults
2025-11-24T17:44:32.965357+00:00,29.96975678311983,4.9706885406682595,996.8885969770054,0.46447143735154534,0.8492430162536011,6.82499545431786e-05,4.7948910667467145e-05,0.01816593738620458,37,30.0,5.0,1000.0,0,nofaults
2025-11-24T17:44:33.965003+00:00,30.0042495240513,4.975022723501429,996.1192134477275,0.4611438883548494,0.8482628517938269,4.3734143163237624e-05,2.346665551267551e-05,0.016702116860339882,32,30.0,5.0,1000.0,0,nofaults
2025-11-24T17:44:34.964964+00:00,29.999648425715172,4.943692773307381,1001.9277402190521,0.46010709558865087,0.8479320849832213,4.2230126222617415e-05,4.5972247849544436e-05,0.016513876824325233,34,30.0,5.0,1000.0,0,nofaults
2025-11-24T17:44:36.064850+00:00,30.001115453992462,4.94839845752625,1004.9707682787132,0.4656185080785209,0.8463143366673236,2.4051373556920254e-05,3.539993967778936e-05,0.018504969340861054,36,30.0,5.0,1000.0,0,nofaults
2025-11-24T17:44:37.067178+00:00,29.99275690762918,4.998179643210072,990.9567647805186,0.46502145557604857,0.8531234211181884,2.39055356927022e-05,3.709549285907983e-05,0.016652780247019824,34,30.0,5.0,1000.0,0,nofaults
2025-11-24T17:44:38.180622+00:00,29.983554112320252,4.980471410491697,1001.8130707080785,0.4606453226495059,0.847616899063025,2.124534142276167e-05,2.3206884739424807e-05,0.016583422290264434,33,30.0,5.0,1000.0,0,nofaults
2025-11-24T17:44:39.064661+00:00,30.024952084201676,4.97502272350143,999.2205157038104,0.46165474157609926,0.8484653037463467,5.856556314773373e-05,3.63753635083059e-05,0.016528886205329073,33,30.0,5.0,1000.0,0,nofaults
2025-11-24T17:44:40.097483+00:00,30.001951355884906,4.962763177773323,1005.8347209886384,0.46120390125107225,0.8473028449148119,3.5769620287836356e-05,6.930471908780518e-05,0.01624465003265058,33,30.0,5.0,1000.0,0,nofaults
2025-11-24T17:44:41.064891+00:00,29.99505448393981,5.049942169617628,1005.7769990755405,0.46143663325372264,0.8461890233510264,4.712348721615133e-05,4.941629517547085e-05,0.016634494005861478,34,30.0,5.0,1000.0,0,nofaults
2025-11-24T17:44:42.066552+00:00,29.985855843863767,5.00907701719061,992.5136341867759,0.4687902465072393,0.8494152232788336,3.5216344810697874e-05,1.76564136018169e-05,0.017327266288259466,35,30.0,5.0,1000.0,0,nofaults
2025-11-24T17:44:43.164919+00:00,30.011565440558265,5.062325549140968,996.5760309375775,0.458876895956111,0.8495670267641575,2.9738975805966086e-05,7.777539015686196e-05,0.017821255074139182,36,30.0,5.0,1000.0,0,nofaults
2025-11-24T17:44:44.162875+00:00,30.006548281370833,5.045855654374927,995.1154722619219,0.45987806757761823,0.8496547084146003,6.16919227965669e-05,3.1388795110632796e-05,0.01610679478547299,33,30.0,5.0,1000.0,0,nofaults
2025-11-24T17:44:45.163717+00:00,30.020359347838024,5.037682623889522,996.859929536257,0.4594232338361424,0.8507556455886217,4.315835113823258e-05,4.70135965085471e-05,0.01663587418484992,30,30.0,5.0,1000.0,0,nofaults
2025-11-24T17:44:46.165061+00:00,29.995053285301402,5.014525704180879,993.4116068375254,0.4672819037681138,0.8545684930212424,3.308870386599861e-05,1.164945704333208e-05,0.016812652627344583,32,30.0,5.0,1000.0,0,nofaults
2025-11-24T17:44:47.265509+00:00,29.986493463629937,4.959543499097256,989.2272476482864,0.46072134972383955,0.8537814572634592,9.871340748657886e-05,4.749512355053137e-05,0.01851477457901841,40,30.0,5.0,1000.0,0,nofaults
2025-11-24T17:44:48.365037+00:00,30.00320522967045,4.912486656908569,995.5404029554007,0.4612632658220456,0.854665616382324,2.7547990917977442e-05,4.762486645276475e-05,0.018166846457117775,38,30.0,5.0,1000.0,0,nofaults
2025-11-24T17:44:49.465812+00:00,29.996942340868987,4.975641892477596,1003.719582938993,0.4614792294864637,0.8498549282732849,7.954825552883232e-05,9.662083244965877e-05,0.018372389025569317,38,30.0,5.0,1000.0,0,nofaults
2025-11-24T17:44:50.564009+00:00,29.984387970957666,5.0462271557606275,997.0890092823211,0.4651062000243032,0.8564685190370434,2.0361055530930566e-05,8.978504186441717e-05,0.01867935225393688,37,30.0,5.0,1000.0,0,nofaults
2025-11-24T17:44:51.565227+00:00,30.006548881363397,5.126223787481396,996.6629451274484,0.4645951728345709,0.852953561455412,2.743274886754783e-05,1.4323802093477095e-05,0.01617095699234745,32,30.0,5.0,1000.0,0,nofaults
2025-11-24T17:44:52.565448+00:00,29.995056856800073,5.093531665539782,995.1369261104979,0.46027320870972577,0.8534746220166426,4.1149617734720705e-05,4.690186289538249e-05,0.016306795561519573,33,30.0,5.0,1000.0,0,nofaults
2025-11-24T17:44:53.564766+00:00,30.02725861027441,5.107153383015453,997.8257573082116,0.46038510798309906,0.8553192664447815,3.83800924312612e-05,4.455500989352407e-05,0.01649394761359844,32,30.0,5.0,1000.0,0,nofaults
2025-11-24T17:44:54.665053+00:00,29.996935889073505,5.1415791780903355,1005.4621280267348,0.46360845748893115,0.8507883543743056,9.240907728203146e-06,3.636108956113785e-05,0.018276606658944455,36,30.0,5.0,1000.0,0,nofaults
2025-11-24T17:44:55.664412+00:00,29.981254755008155,5.14938070719004,996.1630574201074,0.4665817005209945,0.8552685773292179,3.9844858103089704e-05,2.6124600852393684e-05,0.016743580956829526,33,30.0,5.0,1000.0,0,nofaults
2025-11-24T17:44:56.764427+00:00,29.986485318876415,5.267889649228394,997.0092833434697,0.4628937699421103,0.8561709267062529,3.6462067741623784e-05,9.094416429386131e-05,0.018382694263601954,38,30.0,5.0,1000.0,0,nofaults
2025-11-24T17:44:57.863210+00:00,29.999020786517477,5.3558116438441,997.1240346138239,0.46036520694563765,0.8549269363138516,5.292676804332234e-05,3.6128293364238443e-05,0.018759870293060688,38,30.0,5.0,1000.0,0,nofaults
2025-11-24T17:44:58.965504+00:00,30.007388585629894,5.286464718513402,1006.2913070297196,0.46223775095181135,0.8525049726246199,5.8516951205013254e-05,4.951844414729731e-05,0.01823622517085791,41,30.0,5.0,1000.0,0,nofaults
2025-11-24T17:44:59.965055+00:00,29.976663172569296,5.203867577092732,1006.1480730678201,0.4632394460942706,0.8507941799589552,9.907219996166085e-05,5.746387192193382e-05,0.016234094900975014,31,30.0,5.0,1000.0,0,nofaults
2025-11-24T17:45:01.064845+00:00,30.009488674322846,5.093283997949316,1007.9611601301048,0.4600396649763388,0.8510735122818814,6.976528201576531e-05,5.0219183328949035e-05,0.017926983750667508,39,30.0,5.0,1000.0,0,nofaults
2025-11-24T17:45:02.064248+00:00,29.983553513689667,5.043131310879792,1005.6247925350084,0.4665512970290309,0.8488046369998188,5.140943140981921e-05,1.42031942018471e-05,0.016978889211847197,32,30.0,5.0,1000.0,0,nofaults
2025-11-24T17:45:03.064349+00:00,29.96976093590133,4.960038834278189,999.381297944393,0.46467744942588496,0.8538381454415568,7.505817793453088e-05,3.851453580812659e-05,0.016730435435620587,33,30.0,5.0,1000.0,0,nofaults
2025-11-24T17:45:04.163321+00:00,29.988574035675068,4.924870036431906,1002.692282761923,0.459712588475805,0.8481357031203077,7.835539927489114e-05,4.4528122256961083e-05,0.018351911477851764,38,30.0,5.0,1000.0,0,nofaults
2025-11-24T17:45:05.263779+00:00,29.986479916117265,4.884004884004887,990.6140295580316,0.46408004293052674,0.8541329450590069,4.4985606656491864e-05,4.0949218314864576e-05,0.018150009659560432,37,30.0,5.0,1000.0,0,nofaults
2025-11-24T17:45:06.265791+00:00,30.01114818920535,4.913724994860902,1005.3004004061495,0.4598643237398636,0.8521642222097576,1.3732839485836582e-05,6.463926731212758e-05,0.016651325552793864,31,30.0,5.0,1000.0,0,nofaults
2025-11-24T17:45:07.264079+00:00,29.990453977459445,4.923260197093872,1005.9971147177536,0.46406485561934485,0.8460204184187354,4.45751411357536e-05,3.8952339490794284e-05,0.016295941107932015,31,30.0,5.0,1000.0,0,nofaults
2025-11-24T17:45:08.265122+00:00,29.999650820275654,4.953227975540351,998.7456076095859,0.4649370923140411,0.8519078569547827,1.9496970654409487e-05,3.0122283972937213e-05,0.016725714653145013,36,30.0,5.0,1000.0,0,nofaults
2025-11-24T17:45:09.365690+00:00,29.98857296326462,4.952113471383254,1009.21845938927,0.4608226803710075,0.847403052833501,2.3479840921414286e-05,2.7664838097008485e-05,0.017678720736469415,34,30.0,5.0,1000.0,0,nofaults
2025-11-24T17:45:10.365645+00:00,29.99275332799367,4.9968174714625055,998.0228785148663,0.46284256542888846,0.852028511663512,6.158890869279613e-05,7.101681845097885e-05,0.016903899989905217,32,30.0,5.0,1000.0,0,nofaults
2025-11-24T17:45:11.365822+00:00,29.965164006358396,4.947779288550084,1001.4360325649993,0.4661081982268641,0.8467282420009425,7.038536912832395e-05,3.3659979849001894e-05,0.016717289162521156,34,30.0,5.0,1000.0,0,nofaults
2025-11-24T17:45:12.464786+00:00,29.980208409732413,4.892673249671224,1007.7230079790224,0.4633019148119477,0.8478754404315025,3.8202138693583085e-05,2.433630050708967e-05,0.018499138152690442,37,30.0,5.0,1000.0,0,nofaults
2025-11-24T17:45:13.565749+00:00,30.01365955272451,4.871621504481549,1000.2174629411445,0.45795506273582,0.8490490452645136,6.13406877683755e-05,3.731254342910114e-05,0.017978915412454406,36,30.0,5.0,1000.0,0,nofaults
2025-11-24T17:45:14.665943+00:00,29.97393580752149,4.879051532195552,999.6790649724505,0.4688636202699032,0.8482660372736067,3.7985649283655564e-05,6.226470914977444e-05,0.01834682717422519,36,30.0,5.0,1000.0,0,nofaults
2025-11-24T17:45:15.664533+00:00,29.99275689814409,4.8442542357349705,992.4837980032535,0.46176961670371935,0.8494551814831925,9.950895853990382e-05,5.44884437242758e-05,0.016749760301903557,36,30.0,5.0,1000.0,0,nofaults
2025-11-24T17:45:16.764953+00:00,29.992751438512297,4.812181282769522,1006.0221204189637,0.4629513179371912,0.8479661660301836,4.402837290731718e-05,2.887414785892778e-05,0.017801497255873898,39,30.0,5.0,1000.0,0,nofaults
2025-11-24T17:45:17.866115+00:00,29.994841764576893,4.807227930960187,995.5678383957676,0.45968820300818264,0.8513303417348058,5.952958441961862e-05,8.615223179985422e-05,0.018066150008628126,35,30.0,5.0,1000.0,0,nofaults
2025-11-24T17:45:18.865138+00:00,29.992752142918665,4.821097316026326,1005.7372741280676,0.46648866543923895,0.8454897616516952,6.438480903412582e-05,3.0345175005306238e-05,0.016579314704805913,33,30.0,5.0,1000.0,0,nofaults
2025-11-24T17:45:19.863573+00:00,29.988158199776734,4.787043022337144,999.7570251437919,0.46312231727264486,0.8488662737376572,4.867760242445396e-05,2.720085175238602e-05,0.016874658869559495,35,30.0,5.0,1000.0,0,nofaults
2025-11-24T17:45:20.965106+00:00,29.992747104499003,4.796082889389183,996.2574515350726,0.4619223425150169,0.8498380654887693,4.631947617781568e-05,6.992952799331561e-05,0.01832292029389061,36,30.0,5.0,1000.0,0,nofaults
2025-11-24T17:45:21.966869+00:00,30.01575703730621,4.7938538810749804,1001.4912737711742,0.45989362530421973,0.8493946347120873,4.7719823186367455e-05,5.136699548038955e-05,0.016952285859169955,36,30.0,5.0,1000.0,0,nofaults
2025-11-24T17:45:23.068265+00:00,30.005293385029134,4.817134634578856,1000.1768507399119,0.4636317986894694,0.8488967064086161,4.166613881779006e-05,5.8099476394837994e-05,0.018626895163571033,36,30.0,5.0,1000.0,0,nofaults
2025-11-24T17:45:24.064809+00:00,29.99735444259731,4.8401677204922695,1005.4542673131839,0.4592976336091292,0.8469878141443467,5.712063564761938e-05,5.700154073680515e-05,0.016591330953573527,31,30.0,5.0,1000.0,0,nofaults
2025-11-24T17:45:25.163993+00:00,29.990664902256967,4.846854745434872,996.3471208002563,0.47051798234111397,0.8498573465798581,4.015083154646312e-05,9.845128360907081e-05,0.01884940028509229,36,30.0,5.0,1000.0,0,nofaults
2025-11-24T17:45:26.265127+00:00,29.984389603604562,4.905056629194565,1001.6378694845738,0.4611273975699279,0.8467865667322674,4.636221987120283e-05,3.944441016464823e-05,0.0183075196509335,38,30.0,5.0,1000.0,0,nofaults
2025-11-24T17:45:27.265362+00:00,30.006583974958648,4.871497670686314,999.9163039982484,0.46022458788062004,0.8488133666566368,5.489662213491279e-05,2.8363515933882164e-05,0.01639229415938359,35,30.0,5.0,1000.0,0,nofaults
2025-11-24T17:45:28.365127+00:00,29.992757385478342,4.866668152672212,993.240967416138,0.46300091717885566,0.8511646048317177,3.063898064049388e-05,5.50896861645018e-05,0.01844371380544609,37,30.0,5.0,1000.0,0,nofaults
2025-11-24T17:45:29.465822+00:00,30.005295550804565,4.877813194243219,999.5644513571176,0.460470884717609,0.8496874807263002,5.0041106828423776e-05,4.2819894853006796e-05,0.018355256965477743,38,30.0,5.0,1000.0,0,nofaults
2025-11-24T17:45:30.466164+00:00,29.985852875058747,4.896016762142525,1006.0377922723164,0.46910554264286947,0.8457677233107788,4.6596773307169655e-05,6.443949928454577e-05,0.0166892646198273,32,30.0,5.0,1000.0,0,nofaults
2025-11-24T17:45:31.465012+00:00,29.976663783381476,4.891930246899824,1001.6943331593702,0.4612022463944133,0.849134149990715,4.382918472953244e-05,2.9582860065010583e-05,0.01633471563793072,35,30.0,5.0,1000.0,0,nofaults
2025-11-24T17:45:32.465555+00:00,29.972057335240198,4.891930246899824,999.2678586141744,0.4660856456875867,0.847432056604027,8.262860195799487e-05,5.0212652935444535e-05,0.017102843575713286,33,30.0,5.0,1000.0,0,nofaults
2025-11-24T17:45:33.567388+00:00,29.992750353777048,4.865429814719881,1000.8877871013276,0.4598908144950261,0.8489408540554865,2.3632552929368626e-05,5.5565657477395824e-05,0.018025100962675816,34,30.0,5.0,1000.0,0,nofaults
2025-11-24T17:45:34.568890+00:00,29.992755711713194,4.919173681851171,993.4090704022458,0.4642775568131956,0.849491718131552,9.48641496155714e-06,5.4154544148627873e-05,0.017153248248562146,31,30.0,5.0,1000.0,0,nofaults
2025-11-24T17:45:35.665474+00:00,29.988569163598598,4.93230006414591,1002.5555440562828,0.4611248567739869,0.8496053414890415,3.8249383793277404e-05,1.4346057527666615e-05,0.017995445325583448,36,30.0,5.0,1000.0,0,nofaults
2025-11-24T17:45:36.765597+00:00,30.001119783080835,4.969450202715927,1000.5873442200457,0.46286042651748593,0.8483718005710873,3.43525661763188e-05,5.1911886308639163e-05,0.018301748293143565,36,30.0,5.0,1000.0,0,nofaults
2025-11-24T17:45:37.765326+00:00,29.990452780183034,4.94505494505495,999.075708167836,0.46790872422360713,0.8488047254765686,2.1094332334761034e-05,1.713094655671384e-05,0.016883501685564274,36,30.0,5.0,1000.0,0,nofaults
2025-11-24T17:45:38.764880+00:00,29.999649618927016,4.946417116802515,996.4899257975933,0.46291083494580887,0.8508551312423043,3.7830935806331266e-05,6.434517128344247e-06,0.016972156726145094,34,30.0,5.0,1000.0,0,nofaults
2025-11-24T17:45:39.865643+00:00,29.98857673828242,4.865429814719881,999.0265178347272,0.4654216855253923,0.850589875966374,5.776637348557182e-05,2.4053072214297532e-05,0.018355042170232327,39,30.0,5.0,1000.0,0,nofaults
2025-11-24T17:45:40.865787+00:00,29.981252379425435,4.825183831269028,997.6738259350556,0.458836894401767,0.8500902276340317,7.286952307497673e-05,5.665419388903382e-05,0.016165364478832177,31,30.0,5.0,1000.0,0,nofaults
2025-11-24T17:45:41.966515+00:00,29.982299819296838,4.840663055673201,1003.0793862840757,0.4645923004632593,0.8492724253989468,1.4678735321939137e-05,5.410378722694312e-05,0.01846326977850279,38,30.0,5.0,1000.0,0,nofaults
2025-11-24T17:45:43.065639+00:00,29.98857187359334,4.902579953289895,996.429622891109,0.4633534995001044,0.8484277489667199,1.3689778392898074e-05,6.0666159582649956e-05,0.018280693022732178,40,30.0,5.0,1000.0,0,nofaults
2025-11-24T17:45:44.066192+00:00,29.97895778275771,4.987282269229537,993.0011112956497,0.4660355669091558,0.854653528576702,1.6892001108490195e-05,4.412841448430075e-05,0.01710294183727294,32,30.0,5.0,1000.0,0,nofaults
2025-11-24T17:45:45.164640+00:00,30.001118700809435,5.028890424427953,1005.1078756861842,0.4576347736985376,0.8477684250865035,3.144851775749201e-05,4.370374940697754e-05,0.017927643843008052,37,30.0,5.0,1000.0,0,nofaults
2025-11-24T17:45:46.265699+00:00,30.01157140353032,5.048703831665296,1000.6472940613942,0.46263625562233057,0.8480145704406766,3.534805708705368e-05,3.57005541484158e-05,0.018597744553106636,36,30.0,5.0,1000.0,0,nofaults
2025-11-24T17:45:47.264882+00:00,30.022653935031393,5.122137272238696,995.1553831759138,0.4657705520233022,0.8524225441263065,1.786781598616657e-05,7.110417834459361e-05,0.01649888304879049,33,30.0,5.0,1000.0,0,nofaults
2025-11-24T17:45:48.364230+00:00,30.009477829417527,5.170060950994016,1001.9871226449618,0.4594449154223261,0.8511558074233947,5.090030564304922e-05,3.6398439133706855e-05,0.01802655001071753,37,30.0,5.0,1000.0,0,nofaults
2025-11-24T17:45:49.469429+00:00,29.992749271505648,5.214641117278038,990.794492367118,0.4642640234035022,0.8534284057960323,1.9572977555660286e-05,5.210603591448325e-05,0.018320406616636458,40,30.0,5.0,1000.0,0,nofaults
2025-11-24T17:45:50.464029+00:00,29.99506105269871,5.3169278321408155,1009.5163283013404,0.4595963962908646,0.8482182181309488,4.378324881265996e-05,3.698470053004837e-05,0.016541673770443036,33,30.0,5.0,1000.0,0,nofaults
2025-11-24T17:45:51.469726+00:00,29.999656175482972,5.286960053694335,1010.0762506553401,0.4653330291017529,0.8475814082751845,4.204530179487406e-05,5.453545514755731e-05,0.01650895942835986,33,30.0,5.0,1000.0,0,nofaults
2025-11-24T17:45:52.565047+00:00,29.980214904605905,5.25674460765739,997.5106058555302,0.4646926614596769,0.849069215135171,6.098649715935455e-05,3.877930683928044e-05,0.018517462450400805,35,30.0,5.0,1000.0,0,nofaults
2025-11-24T17:45:53.570819+00:00,29.99044861411226,5.201143233597598,1005.6891670401277,0.46449103818554666,0.848613656119222,4.23106862045921e-05,1.6165702343512703e-05,0.016681788563401155,35,30.0,5.0,1000.0,0,nofaults
2025-11-24T17:45:54.668240+00:00,29.98647775157169,5.123004108805328,996.5988495584884,0.4634643691147781,0.8493771552585428,2.787532650444143e-05,3.09890442823854e-05,0.01848211222760808,36,30.0,5.0,1000.0,0,nofaults
2025-11-24T17:45:55.665388+00:00,30.013449939723593,5.198418890102462,1005.7701558717154,0.46141687862568437,0.8463747224780442,3.484556015815101e-05,6.593651631753472e-05,0.016806504390692263,33,30.0,5.0,1000.0,0,nofaults
2025-11-24T17:45:56.665213+00:00,30.01114818649512,5.231111012044078,1001.531804582896,0.46029867071808334,0.8491765427777329,7.125019618960666e-05,3.9765144406166776e-05,0.0166352396698202,33,30.0,5.0,1000.0,0,nofaults
2025-11-24T17:45:57.766582+00:00,30.02411823937474,5.147770867852007,997.7943236591425,0.4643514806810403,0.8495365714564591,2.0122184791804066e-05,1.359243724566393e-05,0.018582652680664696,37,30.0,5.0,1000.0,0,nofaults
2025-11-24T17:45:58.766511+00:00,30.008844654981537,5.118050756995993,999.5621578534359,0.46267223759160075,0.8487018934795305,3.464660476900357e-05,4.2023020085887666e-05,0.016592978106572516,33,30.0,5.0,1000.0,0,nofaults
2025-11-24T17:45:59.866067+00:00,30.024122048905937,5.11681241904366,1005.2686453591402,0.46002017283028657,0.8460968868472887,3.610697137940741e-05,2.909543106465923e-05,0.018140884704589095,36,30.0,5.0,1000.0,0,nofaults
2025-11-24T17:46:00.965713+00:00,29.98021057304536,5.110620729281992,998.1665664596344,0.4667850805545601,0.8484627709615182,3.859783326405372e-05,1.709105429759034e-05,0.018570718747283763,37,30.0,5.0,1000.0,0,nofaults
2025-11-24T17:46:02.066781+00:00,29.97812078626963,5.067278900950305,998.2654409850547,0.461541559743144,0.849767658980009,2.8190835549287924e-05,3.055592357465751e-05,0.018157559277514414,38,30.0,5.0,1000.0,0,nofaults
2025-11-24T17:46:03.066468+00:00,30.0157612359365,5.075823432821408,994.0686685831736,0.4648058182578472,0.8490105665169828,5.191434809231624e-05,4.881999719192322e-05,0.01691506775208779,31,30.0,5.0,1000.0,0,nofaults
2025-11-24T17:46:04.065029+00:00,29.985853480471793,5.075823432821408,996.2684592545935,0.46343209845830763,0.84908855837765,3.0899878565530985e-05,4.001740202167213e-05,0.016691896316633554,35,30.0,5.0,1000.0,0,nofaults
2025-11-24T17:46:05.165157+00:00,30.007397300539186,5.057372197331633,1001.9895869957119,0.463804155881728,0.8521230582327625,3.839656073952674e-05,2.0183103237814442e-05,0.01829336058266974,38,30.0,5.0,1000.0,0,nofaults
2025-11-24T17:46:06.264606+00:00,29.999022948596416,5.025175410570951,999.8293277064241,0.4608681057178236,0.8488634756527689,4.911826061765575e-05,3.5683806554110965e-05,0.01835676241481708,38,30.0,5.0,1000.0,0,nofaults
2025-11-24T17:46:07.263550+00:00,29.999651398577175,5.024060906413851,1000.9505684172982,0.46415621006266006,0.8474134885873779,4.588717104466063e-05,4.9273340929468685e-05,0.016943005898314076,32,30.0,5.0,1000.0,0,nofaults
2025-11-24T17:46:08.264644+00:00,29.992751549699403,5.000903986705207,1002.6507668811375,0.4632005037532353,0.848558825622965,3.0732172914925816e-05,3.917182777694976e-05,0.01692818840083813,33,30.0,5.0,1000.0,0,nofaults
2025-11-24T17:46:09.365098+00:00,29.999028369825485,5.025175410570951,995.1230154627802,0.4630050981534309,0.8510789049446449,3.632071449404797e-05,1.7857006592231977e-05,0.018628313191688367,36,30.0,5.0,1000.0,0,nofaults
2025-11-24T17:46:10.464471+00:00,29.984389053229066,4.992978623810269,997.3749190411789,0.4666942406396583,0.8508945951662816,3.926468272139679e-05,2.1784679464868155e-05,0.01874122969799516,36,30.0,5.0,1000.0,0,nofaults
2025-11-24T17:46:11.466319+00:00,29.995047924664448,4.92870888408414,998.3089609143753,0.46081307918672093,0.8499850218061906,8.74870940325222e-05,4.558260076651204e-05,0.016793279135025017,34,30.0,5.0,1000.0,0,nofaults
2025-11-24T17:46:12.565117+00:00,30.00947348800711,4.835709703863866,1009.8113879580337,0.46055746771960404,0.8482247871106121,4.747402437379995e-05,1.1523970956670672e-05,0.01810848145617103,36,30.0,5.0,1000.0,0,nofaults
2025-11-24T17:46:13.664971+00:00,29.992747645019094,4.818372972531192,1008.5351535954841,0.462168152415451,0.844879714668865,2.9006542171228563e-05,5.122286093279228e-05,0.01821160482337013,37,30.0,5.0,1000.0,0,nofaults
2025-11-24T17:46:14.782686+00:00,29.99692937571763,4.819611310483526,1005.1013918804474,0.4673802682781638,0.8462764714865325,5.8305918908166896e-05,4.3445310546373835e-05,0.01861447086315184,35,30.0,5.0,1000.0,0,nofaults
2025-11-24T17:46:15.863955+00:00,30.01157466637412,4.848093083387204,994.5884516026239,0.4562149917043335,0.8467058235490977,7.298734190785591e-05,8.3539073439058e-05,0.01848595006277541,34,30.0,5.0,1000.0,0,nofaults
2025-11-24T17:46:16.964199+00:00,29.98857240918572,4.844378069530203,985.1819676650822,0.4676428481252239,0.8530940189211076,5.3317735553185897e-05,5.116331355125313e-05,0.018381083246100285,35,30.0,5.0,1000.0,0,nofaults
2025-11-24T17:46:18.061008+00:00,30.01993760204815,4.8493314213395395,1004.653976395538,0.4634094380539146,0.8484664344131535,3.056636570013913e-05,5.735143685803341e-05,0.018445096782705818,38,30.0,5.0,1000.0,0,nofaults
2025-11-24T17:46:19.060761+00:00,30.00425609416761,4.921898025346306,997.8443529678756,0.4581395609977282,0.8496964175940187,3.340642898486348e-05,5.187707254578669e-05,0.016563047104578763,37,30.0,5.0,1000.0,0,nofaults
2025-11-24T17:46:20.160827+00:00,29.98020678447151,4.897626601480561,993.7587465990623,0.46897218784694505,0.8528038761562595,5.539897468037924e-05,2.528190227418419e-05,0.018550203783118408,35,30.0,5.0,1000.0,0,nofaults
2025-11-24T17:46:21.259650+00:00,30.001126271814805,4.886481559909555,1002.5968077098573,0.46295686458410884,0.8489241829718283,4.90201412117671e-05,5.554292488183354e-05,0.018442226937093083,36,30.0,5.0,1000.0,0,nofaults
2025-11-24T17:46:22.361590+00:00,30.00111219238405,4.89391158762356,1000.0490883092582,0.4586971796665739,0.8479460948044033,4.650277873619014e-05,3.7434672766743066e-05,0.018290634043330794,36,30.0,5.0,1000.0,0,nofaults
2025-11-24T17:46:23.360906+00:00,29.999650817565424,4.868773327191181,1000.1113193659739,0.46418327126687525,0.8509039452110644,4.5752422341266775e-05,2.276487123658147e-05,0.016683646239219144,34,30.0,5.0,1000.0,0,nofaults
2025-11-24T17:46:24.458331+00:00,30.02830593674181,4.849331421339539,993.5083329558888,0.4588546026298859,0.8530793141370033,1.8297993749766003e-05,5.1215097643114084e-05,0.017966327438397954,36,30.0,5.0,1000.0,0,nofaults
2025-11-24T17:46:25.559351+00:00,29.994841760883194,4.892673249671225,995.7867871596083,0.4674016506936054,0.8518654304794556,1.384529932197918e-05,5.336086551271363e-05,0.018418923074939367,36,30.0,5.0,1000.0,0,nofaults
2025-11-24T17:46:26.661859+00:00,30.0157493407273,4.949636795478583,1005.6859616701106,0.4603076294788009,0.8490866552293667,7.625567791624021e-05,5.2501253324154396e-05,0.018502386637998545,39,30.0,5.0,1000.0,0,nofaults
2025-11-24T17:46:27.659794+00:00,30.020355170920205,4.923260197093872,989.8593992946501,0.4610928765591099,0.8537303825971799,2.663739109509437e-05,7.462419190718648e-05,0.016732878336849204,32,30.0,5.0,1000.0,0,nofaults
2025-11-24T17:46:28.758123+00:00,30.007384251611033,5.001646989476607,999.6340810402509,0.4658809416165688,0.8514252828973372,3.1448242386824405e-05,2.200714855503993e-05,0.018631473838202458,36,30.0,5.0,1000.0,0,nofaults
2025-11-24T17:46:29.759805+00:00,30.01344933430139,4.939606258064681,998.8111878574388,0.4624616783645833,0.8536592715703885,7.132176826460916e-05,6.131434803376353e-05,0.01711931290496791,34,30.0,5.0,1000.0,0,nofaults
2025-11-24T17:46:30.757511+00:00,29.990470043150044,4.964125349520892,1009.2530391785482,0.4608586436405545,0.8475129428249636,3.5280319476906844e-05,1.837450580183568e-05,0.01631356433181998,33,30.0,5.0,1000.0,0,nofaults
2025-11-24T17:46:31.858692+00:00,30.00947728643359,4.984310258143933,1003.7099942643816,0.46579971870145104,0.8509253163213554,5.209485437229069e-05,8.459422750053798e-05,0.018586920598479457,38,30.0,5.0,1000.0,0,nofaults
2025-11-24T17:46:32.956912+00:00,29.994847730018343,4.986786934048601,1003.3088276186731,0.46092256188920655,0.848416118290967,6.101211322441319e-05,2.7758756917821197e-05,0.017906066829226925,38,30.0,5.0,1000.0,0,nofaults
2025-11-24T17:46:34.057115+00:00,29.994846632955504,4.948398457526251,997.9246954220238,0.4651975439738944,0.8507084994873438,2.319007778075089e-05,5.3239736690273566e-05,0.01837724473818083,39,30.0,5.0,1000.0,0,nofaults
2025-11-24T17:46:35.157528+00:00,30.036661803741485,5.007838679238277,999.242666777849,0.45848769303017284,0.8495442992341213,5.219990721156258e-05,3.4079889675889746e-05,0.017957292130862296,35,30.0,5.0,1000.0,0,nofaults
2025-11-24T17:46:36.156588+00:00,30.029555571671683,4.949141460297652,997.0468758982221,0.46187230936422463,0.8514148057335733,7.864930440156591e-05,2.702814192329821e-05,0.016736324273083057,34,30.0,5.0,1000.0,0,nofaults
2025-11-24T17:46:37.256871+00:00,30.00947565501376,4.8802898701478865,999.6641976021824,0.4635650794810821,0.850840007136416,2.8442795246244873e-05,3.107371617674904e-05,0.018530703935615005,35,30.0,5.0,1000.0,0,nofaults
2025-11-24T17:46:38.357881+00:00,29.98856753834326,4.854284773148874,1001.9568981932966,0.4653107587351924,0.8512401436496433,5.182732116020683e-05,3.3678702500539035e-05,0.018401437278528585,35,30.0,5.0,1000.0,0,nofaults
2025-11-24T17:46:39.356801+00:00,30.008855407445328,4.860600296705778,990.0480142031168,0.4625130413189926,0.8551281226178725,4.072926900563496e-05,4.903891226855692e-05,0.016792592989746266,31,30.0,5.0,1000.0,0,nofaults
2025-11-24T17:46:40.456494+00:00,29.994844458560063,4.882766546052555,994.3000921455271,0.46616591134304014,0.8526384579264964,4.585416786976986e-05,6.776173308493269e-05,0.018823839099127816,37,30.0,5.0,1000.0,0,nofaults
2025-11-24T17:46:41.454919+00:00,30.013451722074826,4.919173681851172,999.6870522331385,0.46000141886684054,0.8525282300770899,2.1273884907090947e-05,4.393381905285896e-05,0.01670129560279868,33,30.0,5.0,1000.0,0,nofaults
2025-11-24T17:46:42.555838+00:00,29.992747102035153,4.9013416153375635,992.402199574263,0.45982199751347425,0.8564483931021858,4.120747949075682e-05,1.7118846585910852e-05,0.01839819158248308,35,30.0,5.0,1000.0,0,nofaults
2025-11-24T17:46:43.555702+00:00,30.01116907653681,4.8510650944728075,1001.8070000459362,0.4659478960205397,0.8530053642639877,6.360897814451188e-05,7.348614124026567e-06,0.017046065309101577,33,30.0,5.0,1000.0,0,nofaults
2025-11-24T17:46:44.656009+00:00,30.00947999519711,4.801036241198518,1000.0610834302267,0.45926371168108454,0.8532949344095241,3.8312363415052454e-05,3.400579038716609e-05,0.018397592390856157,35,30.0,5.0,1000.0,0,nofaults
2025-11-24T17:46:45.755567+00:00,30.026222699113873,4.8307563520545305,997.0376634911202,0.45868572819035536,0.8560058547369735,7.303410432397384e-05,0.00010919316944263594,0.018528757213926852,37,30.0,5.0,1000.0,0,nofaults
2025-11-24T17:46:46.856158+00:00,30.005296090094802,4.862953138815211,998.0388850730127,0.46576734595966196,0.8537035083023249,3.8788945710591254e-05,6.148029544250676e-05,0.018628572371430056,34,30.0,5.0,1000.0,0,nofaults
2025-11-24T17:46:47.854355+00:00,29.999661545615687,4.891930246899824,1009.3431581878667,0.4639012094769118,0.851061382254678,5.6978398476458124e-05,6.207893448374814e-05,0.016533614660829164,35,30.0,5.0,1000.0,0,nofaults
2025-11-24T17:46:48.855416+00:00,30.00885361287128,4.928708884084141,1010.4435044995556,0.4624399909539261,0.8468030925414537,1.577470385359502e-05,3.979061201905179e-05,0.016311261290722953,36,30.0,5.0,1000.0,0,nofaults
2025-11-24T17:46:49.956730+00:00,30.024132408859415,4.938491753907578,1008.6004010184624,0.4640520970759388,0.8490580359265529,6.067191655306111e-05,5.6834415329938056e-05,0.01867991924463772,39,30.0,5.0,1000.0,0,nofaults
2025-11-24T17:46:50.957219+00:00,30.01574928482818,4.917811510103602,993.7741800442654,0.459807141426574,0.8532259066401349,4.111368311728829e-05,1.392373073991219e-05,0.016729037616542704,32,30.0,5.0,1000.0,0,nofaults
2025-11-24T17:46:51.955102+00:00,29.999652593143356,4.890568075152257,1001.8627846448604,0.46148986065571007,0.8497724160827114,2.5980727847524962e-05,1.6412576647792425e-05,0.016502217925763306,32,30.0,5.0,1000.0,0,nofaults
2025-11-24T17:46:53.055119+00:00,29.990660573163026,4.917440008717904,1002.41400295442,0.46509980444895915,0.8505978747087486,5.0450064413506734e-05,7.132664153089186e-05,0.018272220693331523,35,30.0,5.0,1000.0,0,nofaults
2025-11-24T17:46:54.056609+00:00,29.992752742908174,4.919173681851171,1002.1497048081319,0.45821545390959734,0.8487922405125603,2.436351308539562e-05,2.5627630789389598e-05,0.016224211664944487,33,30.0,5.0,1000.0,0,nofaults
2025-11-24T17:46:55.054083+00:00,29.99965379177566,4.9464171168025155,1004.6439168549565,0.46269479392879387,0.8486852321192133,4.284597450381933e-05,7.02557499087824e-05,0.016947520218758373,34,30.0,5.0,1000.0,0,nofaults
2025-11-24T17:46:56.154628+00:00,29.9969331729101,4.949636795478583,995.4997518684385,0.4638527306566596,0.851731843235176,4.6172122976464865e-05,2.6664186839653094e-05,0.0186238116605511,36,30.0,5.0,1000.0,0,nofaults
2025-11-24T17:46:57.254821+00:00,30.017845650735172,4.940968429812246,997.8275195189901,0.46316075579964944,0.8516404214251824,4.036244712597805e-05,7.216183788250002e-05,0.018514286893497274,36,30.0,5.0,1000.0,0,nofaults
2025-11-24T17:46:58.362438+00:00,30.00739130671544,4.983071920191599,1005.7831839640079,0.4656151108409599,0.848354242673317,4.515511210615527e-05,5.587392717841843e-05,0.018302045297108525,36,30.0,5.0,1000.0,0,nofaults
2025-11-24T17:46:59.453550+00:00,30.013660652251193,5.014030368999945,999.199928237391,0.4589811919088214,0.8503287850660535,2.5236639925328036e-05,3.842843834640513e-05,0.01763396321669347,38,30.0,5.0,1000.0,0,nofaults
2025-11-24T17:47:00.554907+00:00,30.003200348975362,4.9843102581439345,1001.6923711967953,0.4635931042674781,0.8472207682552937,6.69571083346767e-05,2.8312211858567096e-06,0.018730985443157416,36,30.0,5.0,1000.0,0,nofaults
2025-11-24T17:47:01.556344+00:00,29.992750359200862,4.882395044666855,993.5533358300193,0.4605173978440395,0.8530403892955782,3.4274182406678647e-05,2.1354568678855877e-05,0.016613222113189205,34,30.0,5.0,1000.0,0,nofaults
2025-11-24T17:47:02.654966+00:00,29.996935886606867,4.924870036431906,998.4389470524712,0.4648683729542402,0.8512637764472967,2.1984145739255704e-05,4.899268511408545e-05,0.018430205830798334,35,30.0,5.0,1000.0,0,nofaults
2025-11-24T17:47:03.655648+00:00,30.013455301713368,4.962763177773324,1000.9053989634119,0.45868063054625596,0.8493569781903384,1.5559599174593423e-05,3.8314249775247834e-05,0.016585631287888092,35,30.0,5.0,1000.0,0,nofaults
2025-11-24T17:47:04.755530+00:00,30.00111598711267,4.942206767764582,1002.2612223790592,0.4679286459015837,0.8483504508002105,7.255521317492587e-05,3.249264139637633e-05,0.01863889543069651,39,30.0,5.0,1000.0,0,nofaults
2025-11-24T17:47:05.754452+00:00,30.03876499550404,4.938244086317112,1010.9804161938504,0.4554583015269323,0.8469522329400088,3.308634631687913e-05,7.110661835666236e-05,0.01630654731793895,34,30.0,5.0,1000.0,0,nofaults
2025-11-24T17:47:06.756756+00:00,29.99045279509162,4.992730956219804,1004.8661714554677,0.46758601307669456,0.849755547626519,5.308265462516532e-05,5.786004317708012e-05,0.017094705479556545,34,30.0,5.0,1000.0,0,nofaults
2025-11-24T17:47:07.855259+00:00,30.017840751527146,4.957066823192587,999.6544435753789,0.4577221238137572,0.8470743778112811,7.380166264290761e-05,4.8515439185131214e-05,0.018254152998221435,37,30.0,5.0,1000.0,0,nofaults
2025-11-24T17:47:08.959475+00:00,30.00738749842801,4.938491753907577,1001.4022821990865,0.4644418913952115,0.846676384699697,2.5036977527101564e-05,2.7406890015118707e-05,0.018303218376004248,37,30.0,5.0,1000.0,0,nofaults
2025-11-24T17:47:10.055519+00:00,30.01365739064278,4.9422067677645805,1001.1017020771807,0.4620912359281722,0.8484807899864898,6.58388663127735e-05,4.4236395028324126e-05,0.018168600488423767,36,30.0,5.0,1000.0,0,nofaults
2025-11-24T17:47:11.153463+00:00,30.038758655497876,4.924870036431906,995.7932456070506,0.45911087310523035,0.8481356578551993,1.518433092839672e-05,5.5181832283135794e-05,0.018128661993470626,37,30.0,5.0,1000.0,0,nofaults
2025-11-24T17:47:12.255996+00:00,30.003205232137088,4.959543499097256,997.1173185082675,0.46556953378781246,0.8491862556160507,2.1653034335972465e-05,1.9082574372391474e-05,0.018379011282380106,37,30.0,5.0,1000.0,0,nofaults
2025-11-24T17:47:13.354203+00:00,30.00320847895406,4.992978623810269,1006.6662279060249,0.46022520029845887,0.8468736005017949,6.35994692260778e-05,5.0071417571314415e-05,0.01802168168093133,39,30.0,5.0,1000.0,0,nofaults
2025-11-24T17:47:14.454674+00:00,29.99484230386713,4.997931975619606,993.3161269898349,0.4647618489869686,0.8502983059722872,1.901373957235708e-05,6.273889095176074e-05,0.01808842585165141,37,30.0,5.0,1000.0,0,nofaults
2025-11-24T17:47:15.554862+00:00,30.017849449183927,5.026413748523286,990.0792881181787,0.4608037920160876,0.8541567557072817,2.3374333895738752e-05,1.2706434919974824e-05,0.01831305297047508,37,30.0,5.0,1000.0,0,nofaults
2025-11-24T17:47:16.555687+00:00,29.98356721191301,5.024060906413849,1000.6454774140923,0.46298532370017453,0.8512125652766219,4.138842099159525e-05,4.2337938712194264e-05,0.016779377227697772,33,30.0,5.0,1000.0,0,nofaults
2025-11-24T17:47:17.654730+00:00,29.99693046045288,5.068517238902637,1001.9956142427814,0.46363214196518726,0.8476871662441101,5.6238169084204916e-05,0.00010042259425875589,0.01858423025226956,38,30.0,5.0,1000.0,0,nofaults
2025-11-24T17:47:18.654600+00:00,29.99964484744475,5.145294191947339,1000.3645234489513,0.46130068189836637,0.8499128578061838,5.2488771086997316e-05,4.654681111514451e-05,0.016319083851029138,35,30.0,5.0,1000.0,0,nofaults
2025-11-24T17:47:19.754792+00:00,30.015750968449275,5.087092308187647,1005.4958451749403,0.4608743325535119,0.8466047117298653,4.487948712567675e-05,1.4737205177142293e-05,0.018496340124683257,37,30.0,5.0,1000.0,0,nofaults
2025-11-24T17:47:20.856064+00:00,29.98020895148372,5.016507044904613,1011.9319151161646,0.4652353935574192,0.8458301211806607,2.38444598430412e-05,1.502143315363854e-05,0.01872935495683959,37,30.0,5.0,1000.0,0,nofaults
2025-11-24T17:47:21.954668+00:00,29.996932622534608,5.0462271557606275,1002.5373272381094,0.4657775001576319,0.8454863065788184,3.931603550068562e-05,5.6917110328676896e-05,0.018160492059331883,37,30.0,5.0,1000.0,0,nofaults
2025-11-24T17:47:23.055560+00:00,29.99902889187981,5.073470590711973,990.0023377274451,0.4571604428866514,0.8523080857009216,4.46441022166589e-05,3.5140660596396756e-05,0.018127582223630305,35,30.0,5.0,1000.0,0,nofaults
2025-11-24T17:47:24.055368+00:00,30.020351591296922,5.054028684860332,996.0502383797532,0.4641552400536109,0.8492477962771876,1.3695056072331899e-05,5.540511024705818e-05,0.016463449875524533,34,30.0,5.0,1000.0,0,nofaults
2025-11-24T17:47:25.066101+00:00,29.99275213207772,5.232473183791646,999.3568528810692,0.46151220524200365,0.8493382346339656,3.2982388184228126e-05,5.1660810422864535e-05,0.01658162619805076,32,30.0,5.0,1000.0,0,nofaults
2025-11-24T17:47:26.155610+00:00,29.994846088745884,5.175014302803351,1001.7422931802,0.46797412597057947,0.846870341453725,5.232020798948195e-05,4.181751497559169e-05,0.01811726284911748,39,30.0,5.0,1000.0,0,nofaults
2025-11-24T17:47:27.156133+00:00,29.985852875058747,5.198418890102463,1006.677548862793,0.45705625675835976,0.8479369464377084,3.28280279232378e-05,5.0247313687101165e-05,0.01632749029051539,30,30.0,5.0,1000.0,0,nofaults
2025-11-24T17:47:28.155441+00:00,30.034153089016428,5.214764951073271,987.7470430835554,0.4590061709948327,0.85274727512165,6.532566574000658e-05,3.151912564760136e-05,0.01695210239611808,32,30.0,5.0,1000.0,0,nofaults
2025-11-24T17:47:29.257984+00:00,29.99484392296492,5.104429039520321,1004.0645165531798,0.4647461936248321,0.8473891410562913,4.727989557081818e-05,1.414283997725952e-05,0.018441942488278244,38,30.0,5.0,1000.0,0,nofaults
2025-11-24T17:47:30.355228+00:00,29.999023496508062,5.044988817808294,996.7705408707847,0.4656826244021543,0.8497553057161955,2.8578544256755288e-05,3.411096602131423e-05,0.01863265577840572,38,30.0,5.0,1000.0,0,nofaults
2025-11-24T17:47:31.355064+00:00,30.001952546383443,5.062201715345734,991.8531878992089,0.46003388135550427,0.8538471540155527,5.943955066677658e-05,3.677331655321278e-05,0.016560638065805995,35,30.0,5.0,1000.0,0,nofaults
2025-11-24T17:47:32.455285+00:00,29.97603208670548,4.96697352681126,1001.2604667364285,0.46324293038639053,0.8484662476687117,7.098474465587473e-05,3.4193199904401656e-05,0.01845683179577101,35,30.0,5.0,1000.0,0,nofaults
2025-11-24T17:47:33.455372+00:00,30.008855410155558,4.919173681851171,1005.1662356641825,0.461022762815531,0.8508403006569971,6.384838583004907e-06,4.778644231381916e-06,0.01618858715717421,34,30.0,5.0,1000.0,0,nofaults
2025-11-24T17:47:34.561507+00:00,30.001112196081905,4.870383166529215,1004.1131155576254,0.46457146331994237,0.8476267125912295,7.38165779436006e-05,4.6824696569391005e-05,0.018234840182324324,37,30.0,5.0,1000.0,0,nofaults
2025-11-24T17:47:35.654025+00:00,29.99066057562966,4.864191476767544,994.2416680427475,0.463840214833097,0.8510767748720153,4.9600248779555854e-05,2.5781839817629734e-05,0.018447684411990406,37,30.0,5.0,1000.0,0,nofaults
2025-11-24T17:47:36.655120+00:00,30.001951964014285,4.833356861754431,1001.9150968603815,0.46007032973695744,0.8497813119087947,3.932199946282465e-05,4.183159406151892e-05,0.01718145818528267,32,30.0,5.0,1000.0,0,nofaults
2025-11-24T17:47:37.756649+00:00,30.015750983257398,4.857999787005877,999.0245743657623,0.4619581241779633,0.8494373080904905,5.660648478711474e-05,4.983372649607197e-05,0.018199036134319967,37,30.0,5.0,1000.0,0,nofaults
2025-11-24T17:47:38.754877+00:00,29.983557096023198,4.795216052822546,1005.3379352037834,0.4665113277551486,0.8485368350464517,8.739597348130953e-05,5.370330721884597e-05,0.017029025570226487,33,30.0,5.0,1000.0,0,nofaults
2025-11-24T17:47:39.854799+00:00,29.999022953524126,4.810942944817189,1007.0863499126946,0.45823868802749135,0.8457681379842179,4.468312738222758e-05,4.997758813309727e-05,0.018393554412805855,38,30.0,5.0,1000.0,0,nofaults
2025-11-24T17:47:40.856010+00:00,30.00885896402927,4.79930256806525,1003.5375485921919,0.45866430960578786,0.8465940514284434,5.048544071373633e-05,8.142664394482498e-05,0.016513376336694027,34,30.0,5.0,1000.0,0,nofaults
2025-11-24T17:47:41.953820+00:00,29.99275792969629,4.879051532195552,1003.1499320682168,0.4669757938525818,0.8469609190008023,5.838024737858575e-05,5.6100595189326354e-05,0.01843134302366816,36,30.0,5.0,1000.0,0,nofaults
2025-11-24T17:47:42.955310+00:00,29.988151636444407,4.860600296705778,985.8261209663681,0.4628663739388831,0.8507946471290653,2.0010486130436222e-05,6.466652379331405e-05,0.016876925811459307,32,30.0,5.0,1000.0,0,nofaults
2025-11-24T17:47:44.054584+00:00,29.994850980556805,4.918678346670237,1000.1812323151394,0.46267736491695816,0.8485628522105066,3.509240420198884e-05,6.288210581318905e-05,0.018141253986054425,35,30.0,5.0,1000.0,0,nofaults
2025-11-24T17:47:45.054896+00:00,30.00655007728547,4.960038834278189,1001.5401143287756,0.46228508622822223,0.8480250509569226,4.1509564313422067e-05,1.1754728912649541e-05,0.016708837934764516,36,30.0,5.0,1000.0,0,nofaults
2025-11-24T17:47:46.158089+00:00,30.015751507745062,4.884004884004888,997.8450066896378,0.46517678125189726,0.8495525077365778,4.278727958448444e-05,1.8957862853202308e-05,0.018463675550902378,39,30.0,5.0,1000.0,0,nofaults
2025-11-24T17:47:47.254848+00:00,30.00111165063274,4.844378069530204,1000.4665209400079,0.45923086278708297,0.8496187408873449,7.894449733095121e-05,4.0408157857401945e-05,0.018458227409368137,37,30.0,5.0,1000.0,0,nofaults
2025-11-24T17:47:48.255220+00:00,30.004252502335284,4.841529892239835,1001.5173666822077,0.4611533758695673,0.8510263653187847,4.4535356401544866e-05,6.973241919632654e-05,0.01690653498595901,34,30.0,5.0,1000.0,0,nofaults
2025-11-24T17:47:49.355731+00:00,30.026205303828135,4.902579953289898,997.6710414171008,0.46160272424225907,0.8474679145397345,2.785563295475733e-05,8.68276579286251e-05,0.018431889773296867,40,30.0,5.0,1000.0,0,nofaults
2025-11-24T17:47:50.354530+00:00,29.985849303560077,4.931433227579276,1003.4111712043052,0.4640688201588287,0.8480093998505241,4.015321615920197e-05,3.0173830775939992e-05,0.01648135604844364,35,30.0,5.0,1000.0,0,nofaults
2025-11-24T17:47:51.453321+00:00,30.00111653626386,4.922393360527239,1003.7729213738297,0.4624038826856749,0.8461489186677135,4.003956764338563e-05,2.3368646375076012e-05,0.018566395263335728,37,30.0,5.0,1000.0,0,nofaults
2025-11-24T17:47:52.554863+00:00,30.017854294139838,4.927346712336575,1006.0304009392479,0.4618650195749139,0.8463368482421654,4.792977609249671e-05,6.065772476457764e-05,0.018307736081151573,37,30.0,5.0,1000.0,0,nofaults
2025-11-24T17:47:53.654994+00:00,30.00738641861768,4.9372534159552455,996.1715120378663,0.4621674607865726,0.849253226788189,4.2473758888027355e-05,7.963424184532216e-05,0.018156849435626878,36,30.0,5.0,1000.0,0,nofaults
2025-11-24T17:47:54.754943+00:00,30.007389136008147,4.988025272000934,995.6815722235391,0.46001951773965016,0.8489330099478871,5.7422082957495515e-05,2.8560185840379155e-05,0.018154487312471677,35,30.0,5.0,1000.0,0,nofaults
2025-11-24T17:47:55.754048+00:00,30.01114699463917,4.970936208258726,995.5918633192534,0.4643806560078095,0.8499984657493258,3.349771957608655e-05,4.5240798707007454e-05,0.017108288164613794,32,30.0,5.0,1000.0,0,nofaults
2025-11-24T17:47:56.754816+00:00,30.020357579074737,4.953227975540352,986.3405896044426,0.4628827273988829,0.8546750032057517,6.739525333352433e-05,3.807834361591355e-05,0.016858014604626513,30,30.0,5.0,1000.0,0,nofaults
2025-11-24T17:47:57.855599+00:00,30.01575369694584,4.960781837049588,1006.140837928886,0.4596878510961344,0.8476287635151138,2.2815923583128786e-05,6.760171014206988e-05,0.018069794919254267,37,30.0,5.0,1000.0,0,nofaults
2025-11-24T17:47:58.954247+00:00,29.98229548281413,5.070993914807305,1001.9699599049628,0.4650514299754152,0.8496405163653494,1.3455535513806136e-05,7.398999444047247e-05,0.018608242977166893,34,30.0,5.0,1000.0,0,nofaults
2025-11-24T17:47:59.955251+00:00,29.997351445337085,5.158915909423011,1006.529976156806,0.4624395070320969,0.84791691869261,3.367637969839449e-05,2.1457049569808725e-05,0.016578847048285005,36,30.0,5.0,1000.0,0,nofaults
2025-11-24T17:48:01.055457+00:00,29.984386896077822,5.093283997949316,1002.6853480330167,0.4628789727632707,0.845896088122508,4.5561456004973114e-05,3.786266408147186e-05,0.01871029059022135,38,30.0,5.0,1000.0,0,nofaults
2025-11-24T17:48:02.155084+00:00,30.003207943370004,5.066040562997971,1002.5370841658937,0.4611986486473316,0.8488993328569673,4.7508125777967936e-05,3.69831228429455e-05,0.01833797101762917,37,30.0,5.0,1000.0,0,nofaults
2025-11-24T17:48:03.255094+00:00,29.994845561777687,5.040035465998957,1000.2885051667913,0.45827614035141534,0.8477769499057203,3.5215701918539006e-05,1.1985341086206444e-05,0.018122584296914903,37,30.0,5.0,1000.0,0,nofaults
2025-11-24T17:48:04.354216+00:00,29.999021328268785,5.0251754105709505,999.9978370521737,0.46563187366346565,0.8478400096689988,4.1883486356096034e-05,5.826686940592449e-05,0.018323372516676255,37,30.0,5.0,1000.0,0,nofaults
2025-11-24T17:48:05.458740+00:00,30.036662892178757,4.997931975619605,996.8202740387025,0.4601055107139371,0.8485914241060265,6.600477717192447e-05,3.8798852661890757e-05,0.01859065809818994,38,30.0,5.0,1000.0,0,nofaults
2025-11-24T17:48:06.454218+00:00,30.034152495806325,4.994093127967371,995.8013563009893,0.4612099191365223,0.850423612332029,4.5093126486515025e-05,4.529118348781987e-05,0.016981732972648333,32,30.0,5.0,1000.0,0,nofaults
2025-11-24T17:48:07.455992+00:00,30.011154752546837,4.9900066127246685,996.368977120763,0.4654390365056383,0.8509803595199994,3.139304625831215e-05,5.298437743457866e-05,0.016672129710008247,33,30.0,5.0,1000.0,0,nofaults
2025-11-24T17:48:08.455613+00:00,30.020350989940844,4.987282269229534,1002.5096718557777,0.4604273913489842,0.8495487684735819,6.414941732143133e-05,2.6473446679031364e-05,0.016843873536259886,31,30.0,5.0,1000.0,0,nofaults
2025-11-24T17:48:09.555901+00:00,30.005301508857233,4.922393360527238,1001.0322987958251,0.4631314538914914,0.8475619749717507,5.624971244315918e-05,5.6826001278936485e-05,0.018505313062912476,39,30.0,5.0,1000.0,0,nofaults
2025-11-24T17:48:10.654829+00:00,30.01783912380796,4.917440008717901,999.6803214712446,0.4605786168082554,0.8504686262605109,5.786536951462986e-05,3.997354860299978e-05,0.018383323759720172,38,30.0,5.0,1000.0,0,nofaults
2025-11-24T17:48:11.655384+00:00,30.01804505980066,4.938244086317113,989.7971330652229,0.461613318888745,0.8508021959335629,2.106105302251997e-05,3.809379592970012e-05,0.016411260128424674,31,30.0,5.0,1000.0,0,nofaults
2025-11-24T17:48:12.758811+00:00,30.022030633170058,4.969450202715926,1001.3776722672123,0.4561146471304824,0.850035758857043,7.042362278934515e-05,7.38408835021876e-05,0.0180026806012736,35,30.0,5.0,1000.0,0,nofaults
2025-11-24T17:48:13.755139+00:00,29.9996478270785,4.962763177773324,1001.0158442751869,0.4703962452288993,0.8515655563167078,5.203908985024938e-05,5.286291651491782e-05,0.016653625606426362,33,30.0,5.0,1000.0,0,nofaults
2025-11-24T17:48:14.755550+00:00,30.020364157376957,4.936881914569546,999.9542082773196,0.4579603509565115,0.8487854999636746,9.481752600559192e-05,3.9395673512744265e-05,0.01649861158114697,32,30.0,5.0,1000.0,0,nofaults
2025-11-24T17:48:15.854880+00:00,30.003204686686512,4.867906490624547,1001.9864421240302,0.46202565295659603,0.8493755492903127,4.5000304570146226e-05,3.994520738390556e-05,0.018399615409919204,39,30.0,5.0,1000.0,0,nofaults
2025-11-24T17:48:16.856137+00:00,30.036457236817615,4.853789437967941,995.5317946207145,0.4609203545884665,0.8530210628163772,6.484675019361237e-05,5.837345697818231e-05,0.016532944356217844,34,30.0,5.0,1000.0,0,nofaults
2025-11-24T17:48:17.854639+00:00,30.006562610765986,4.861962468453345,999.0137012230637,0.4618513301489592,0.8501719081525889,3.989645315776929e-05,4.278612375093899e-05,0.016627108091678378,34,30.0,5.0,1000.0,0,nofaults
2025-11-24T17:48:18.955714+00:00,29.999021871252726,4.919916684622572,1000.4465298462578,0.46316361763709163,0.850887334410735,1.8010076137035375e-05,6.756451697922862e-05,0.018417952305582744,37,30.0,5.0,1000.0,0,nofaults
2025-11-24T17:48:20.055136+00:00,30.007388047570874,4.896388263528227,997.0218448515196,0.462888597078626,0.8504791240980868,6.919003915072507e-05,3.14968573666113e-05,0.01820778067518402,37,30.0,5.0,1000.0,0,nofaults
2025-11-24T17:48:21.155175+00:00,30.009477288902985,4.929823388241242,1003.3297198396143,0.460664253788646,0.8495829062276804,2.7298538587998814e-05,7.234861490589716e-05,0.018425899598844706,35,30.0,5.0,1000.0,0,nofaults
2025-11-24T17:48:22.154453+00:00,30.006553077277353,4.902827620880363,990.1768774843483,0.46183128708691024,0.854577438594837,7.72982777071279e-05,2.8017456793675273e-05,0.016296387651798673,32,30.0,5.0,1000.0,0,nofaults
2025-11-24T17:48:23.255446+00:00,30.003203061431176,4.872859842433883,1003.8372946643624,0.46299110361848855,0.850707939489284,3.599642211476343e-05,5.941187224498689e-05,0.018373499751064653,38,30.0,5.0,1000.0,0,nofaults
2025-11-24T17:48:24.355904+00:00,30.022026284354187,4.905056629194565,994.3609457159007,0.4570213267981844,0.8533349095281418,8.733324076884721e-05,5.868622330193574e-05,0.01806272628822237,36,30.0,5.0,1000.0,0,nofaults
2025-11-24T17:48:25.355039+00:00,29.999651408062228,4.87422201418145,1004.2457562850775,0.46318729327147345,0.8492078650550278,3.526748198703878e-05,4.628414347952151e-05,0.016365716391630904,30,30.0,5.0,1000.0,0,nofaults
2025-11-24T17:48:26.455530+00:00,29.99693370111925,4.8852432219572215,1003.3095665903239,0.46423204995080075,0.850587750647938,3.329634340302818e-05,1.7943728603461565e-05,0.017965770011300678,36,30.0,5.0,1000.0,0,nofaults
2025-11-24T17:48:27.553907+00:00,29.9718444041132,4.864191476767545,995.3865914798006,0.46399903048468066,0.8527578764815918,4.4244734675175397e-05,3.3654836989693225e-05,0.018601516578303612,39,30.0,5.0,1000.0,0,nofaults
2025-11-24T17:48:28.655710+00:00,29.988577298513334,4.855523111101208,1005.3785878211173,0.46348593929649284,0.8489686590164759,1.4335734084214826e-05,4.378693891099784e-05,0.01842447452333492,35,30.0,5.0,1000.0,0,nofaults
2025-11-24T17:48:29.755120+00:00,30.009475116960303,4.880289870147886,1006.1026018556219,0.4574688093424221,0.849217773465896,5.965556725254265e-05,5.872712649591656e-05,0.018234047633703728,37,30.0,5.0,1000.0,0,nofaults
2025-11-24T17:48:30.755917+00:00,29.981255356358126,4.852427266220375,997.5248417572077,0.46501682174863623,0.8501784442822897,4.0303082317235585e-05,1.330285739707339e-05,0.016686653234233097,32,30.0,5.0,1000.0,0,nofaults
2025-11-24T17:48:31.753953+00:00,29.972055544749093,4.867411155443614,1003.6373864527083,0.46416122558440254,0.8495239416960955,2.800305265784447e-05,5.49442567500642e-05,0.016400469075824264,33,30.0,5.0,1000.0,0,nofaults
2025-11-24T17:48:32.854657+00:00,30.011567612495398,4.932300064145909,1000.6414341135467,0.46066331007719924,0.8479084692051287,4.6565860118842414e-05,7.309224835379751e-05,0.01770887277504911,38,30.0,5.0,1000.0,0,nofaults
2025-11-24T17:48:33.953786+00:00,30.005299349236576,4.937253415955246,1012.4070283323344,0.4629766997304307,0.846515179512073,3.609443137199198e-05,5.080766505841639e-05,0.01860994998469667,38,30.0,5.0,1000.0,0,nofaults
2025-11-24T17:48:34.954052+00:00,29.99735383446793,4.950503632045217,994.9879982405888,0.45747184601366564,0.8512919212540042,5.263245242954685e-05,1.5201769872782794e-05,0.016573988845241378,33,30.0,5.0,1000.0,0,nofaults
2025-11-24T17:48:36.055229+00:00,30.005299351703215,4.887719897861889,1005.3081695370482,0.462982202269804,0.8446278858933809,6.480829481643753e-05,5.358362859517516e-05,0.018199068514744513,36,30.0,5.0,1000.0,0,nofaults
2025-11-24T17:48:37.164642+00:00,29.994842836995666,4.877813194243218,992.1005479977886,0.46224832176792746,0.8519485677683076,6.607975227886937e-05,6.006191513826841e-05,0.018281521731834022,36,30.0,5.0,1000.0,0,nofaults
2025-11-24T17:48:38.254268+00:00,29.984392854119392,4.884004884004888,1001.405814523216,0.4679484539450474,0.8477750180401649,1.322665494227006e-05,5.1288296520677276e-05,0.018505543003051857,36,30.0,5.0,1000.0,0,nofaults
2025-11-24T17:48:39.254838+00:00,30.013452917999935,4.943692773307381,993.2762775011095,0.45813794345645054,0.8509431540234551,6.252637804298109e-05,3.4507484054214877e-05,0.016214595289402656,34,30.0,5.0,1000.0,0,nofaults
2025-11-24T17:48:40.254588+00:00,29.98587075699919,4.861962468453345,1000.6803744236768,0.4566868652399524,0.8494944238742619,4.141646284760819e-05,2.205219955972456e-05,0.0164195872723781,33,30.0,5.0,1000.0,0,nofaults
2025-11-24T17:48:41.255654+00:00,30.004253106397023,4.857875953210643,995.5294364910138,0.46549783905247744,0.8513046437499003,2.8144648236601272e-05,5.93966608080548e-05,0.016806938061971418,31,30.0,5.0,1000.0,0,nofaults
2025-11-24T17:48:42.354616+00:00,30.011568702166677,4.9483984575262525,1006.9558638879123,0.4617248853180121,0.8492238854700687,4.186801128025104e-05,0.0001214332996854817,0.018023012485134788,38,30.0,5.0,1000.0,0,nofaults
2025-11-24T17:48:43.356091+00:00,29.981253569927027,5.039044795637092,1003.0330171350149,0.4650591074242539,0.844774859823221,6.351705564252033e-05,3.6992525824542735e-05,0.016832141494909494,35,30.0,5.0,1000.0,0,nofaults
2025-11-24T17:48:44.455780+00:00,29.994846640347063,4.9632585129542575,996.5544827307461,0.4612127726323594,0.8509205676744519,3.584360459723841e-05,2.1629641504953747e-05,0.01873651488522361,34,30.0,5.0,1000.0,0,nofaults
2025-11-24T17:48:45.455373+00:00,29.997350254835492,4.992730956219803,1003.3538283160069,0.46221255575370124,0.8482591757322779,3.494142416459051e-05,4.473502607008078e-05,0.01671066216107021,33,30.0,5.0,1000.0,0,nofaults
2025-11-24T17:48:46.464723+00:00,30.020358177714478,4.983195753986832,995.7551715146197,0.4638057843234497,0.8488903665545472,3.1116220121014716e-05,6.312599710321944e-05,0.01658398325528645,32,30.0,5.0,1000.0,0,nofaults
2025-11-24T17:48:47.554672+00:00,29.98857673828242,5.089568984092313,998.1422381946405,0.46246055612446607,0.8510885391030154,3.2156540223720204e-05,3.460571482603455e-05,0.018175350793361602,36,30.0,5.0,1000.0,0,nofaults
2025-11-24T17:48:48.555508+00:00,30.011161917235246,5.093531665539782,1008.05740988733,0.46291535269910805,0.8456988359572204,4.0689152512087286e-05,5.842330243409806e-05,0.01680593873571213,34,30.0,5.0,1000.0,0,nofaults
2025-11-24T17:48:49.654931+00:00,29.99694776332512,5.0697555768549725,991.4698430031589,0.4664513105280591,0.8513345483048805,5.330176020849459e-05,1.9727088825176533e-05,0.018592068559776964,36,30.0,5.0,1000.0,0,nofaults
2025-11-24T17:48:50.754956+00:00,30.00529393047971,5.007838679238276,1004.6841192948989,0.4544540031121771,0.8494342383383667,3.573768520689069e-05,2.842155885541688e-05,0.017541832588069014,37,30.0,5.0,1000.0,0,nofaults
2025-11-24T17:48:51.755921+00:00,29.98585169269092,5.0186122194235825,1001.4070816336118,0.4602124317575383,0.847691872475789,3.572449842295559e-05,4.2031735808718525e-05,0.016825453166868037,33,30.0,5.0,1000.0,0,nofaults
2025-11-24T17:48:52.856656+00:00,29.99483959017869,5.052418845522298,998.1488888617317,0.4665583880662758,0.8502738655079521,2.4379728604896297e-05,2.601706787747588e-05,0.018239409370502856,36,30.0,5.0,1000.0,0,nofaults
2025-11-24T17:48:53.855276+00:00,29.999650208078634,5.04449348262736,1004.4873477143594,0.4644771569912912,0.8484544398566619,8.084166246836289e-05,9.4211046278876e-05,0.016897664084606905,32,30.0,5.0,1000.0,0,nofaults
2025-11-24T17:48:54.855332+00:00,29.985846922562995,4.995455299714937,998.348189262244,0.4602394293878788,0.847083466988264,9.588823882940001e-05,4.6516815151220686e-05,0.016110832219870856,36,30.0,5.0,1000.0,0,nofaults
2025-11-24T17:48:55.954541+00:00,29.984391761992587,4.988025272000934,996.9181232771244,0.46052459047361327,0.8509007189785176,6.526704632445329e-05,0.00010002739995000897,0.01797342533788608,38,30.0,5.0,1000.0,0,nofaults
2025-11-24T17:48:56.954922+00:00,29.995046134173343,4.999541814957641,993.3708113003873,0.4635051011329696,0.8514176554976258,4.078651632129147e-05,1.7332703445920613e-05,0.01638442599550179,32,30.0,5.0,1000.0,0,nofaults
2025-11-24T17:48:58.054839+00:00,29.996936956553466,4.985548596096266,996.0050875256967,0.4622802881789131,0.8521401472881817,5.1621730500272915e-05,3.310578222125087e-05,0.018621512167474485,36,30.0,5.0,1000.0,0,nofaults
2025-11-24T17:48:59.053751+00:00,29.988148659517833,4.927346712336574,998.0105814922947,0.46256697088701665,0.8507312449146684,4.00316745015778e-05,3.067847896252653e-05,0.01649519449781585,35,30.0,5.0,1000.0,0,nofaults
2025-11-24T17:49:00.153816+00:00,30.0073891335443,4.927346712336575,1000.6651723919296,0.46194744118997594,0.8516186552595322,3.344497376674639e-05,5.243882989734371e-05,0.018446084243616635,34,30.0,5.0,1000.0,0,nofaults
2025-11-24T17:49:01.255407+00:00,29.99693913589048,4.960781837049588,1002.0386521897767,0.4654893855315498,0.850070994816538,2.2384039659156717e-05,1.7681169472450097e-05,0.018320835220725744,37,30.0,5.0,1000.0,0,nofaults
2025-11-24T17:49:02.254909+00:00,29.988157597073922,4.936881914569545,991.5112464159462,0.46139767697868334,0.8530627512352419,4.7914529092738266e-05,3.780986695671343e-05,0.016798372345691516,34,30.0,5.0,1000.0,0,nofaults
2025-11-24T17:49:03.256122+00:00,30.004259058904985,4.905551964375499,1000.3909428858202,0.4561798168854264,0.8511299058627552,3.9066430686060825e-05,2.267079425650547e-05,0.016451723494539734,31,30.0,5.0,1000.0,0,nofaults
2025-11-24T17:49:04.364533+00:00,29.999020242299533,4.917440008717903,1013.2228287745128,0.46649681009362925,0.8465934980022525,4.484002264887452e-05,3.9284653453070705e-05,0.018426342433500317,38,30.0,5.0,1000.0,0,nofaults
2025-11-24T17:49:05.453580+00:00,30.03250184924423,4.880289870147885,1000.8764340969225,0.46218630827747004,0.8514084110140355,4.8418759343482634e-05,4.4934590814713607e-05,0.018288517783232365,35,30.0,5.0,1000.0,0,nofaults
2025-11-24T17:49:06.555145+00:00,30.003204686686512,4.8641914767675445,1002.8844603650904,0.4609779931293039,0.8469486903777583,5.62296873766754e-05,4.4185356768463986e-05,0.01791975338985019,38,30.0,5.0,1000.0,0,nofaults
2025-11-24T17:49:07.654505+00:00,29.996931004670827,4.876574856290883,1009.2999467747882,0.46117539168183047,0.847351395273889,4.410924639979285e-05,2.8673109775948268e-05,0.018251407763439396,37,30.0,5.0,1000.0,0,nofaults
2025-11-24T17:49:08.755907+00:00,29.992750895533923,4.835709703863866,1002.4108453700909,0.46239224147592944,0.8454209179503901,2.048371211534435e-05,3.626107455494361e-05,0.01841782680383298,37,30.0,5.0,1000.0,0,nofaults
2025-11-24T17:49:09.853368+00:00,30.009474571509728,4.876574856290886,999.1322944439084,0.4607744783479026,0.8475915990753532,3.0827991149020884e-05,4.9133824385645576e-05,0.018278717394283082,38,30.0,5.0,1000.0,0,nofaults
2025-11-24T17:49:10.855646+00:00,30.00655662165223,4.898741105637661,994.8645087930139,0.4607541636338053,0.8492523591778524,5.264569006625766e-05,3.338297162829798e-05,0.016588782388447125,34,30.0,5.0,1000.0,0,nofaults
2025-11-24T17:49:11.955255+00:00,30.003213347341,4.8493314213395395,1000.9506260971317,0.4609669188331314,0.8496783024102126,9.437309843105537e-05,9.189239792575709e-05,0.01851140228387119,35,30.0,5.0,1000.0,0,nofaults
2025-11-24T17:49:12.954462+00:00,29.999653190425686,4.867411155443614,999.9342252030341,0.46567255056816553,0.846405872341928,4.688377732894446e-05,3.6244494204039516e-05,0.016695168341398166,35,30.0,5.0,1000.0,0,nofaults
2025-11-24T17:49:14.055812+00:00,29.984389598674078,4.855523111101208,988.9335331642851,0.46478211451885854,0.8543527835688245,8.268823296850143e-05,7.314812560188555e-05,0.01874023422656562,35,30.0,5.0,1000.0,0,nofaults
2025-11-24T17:49:15.054763+00:00,29.988151045935375,4.826546003016594,998.191183449862,0.46254118945645634,0.8480213743290232,4.3556288151399315e-05,4.6886045297439856e-05,0.016886235266839175,35,30.0,5.0,1000.0,0,nofaults
2025-11-24T17:49:16.057574+00:00,30.013454107148704,4.878308529424151,990.4026393156009,0.45937858622419975,0.852506287907419,6.327341308223463e-05,9.192038605434824e-05,0.01672169848670297,35,30.0,5.0,1000.0,0,nofaults
2025-11-24T17:49:17.155409+00:00,30.003210638577478,4.861714800862877,1006.4577301017206,0.45991579710610414,0.8489398573511043,8.184629828556971e-05,4.931983666321755e-05,0.01850314103935787,35,30.0,5.0,1000.0,0,nofaults
2025-11-24T17:49:18.153566+00:00,29.990452776119962,4.826546003016595,999.2508981296309,0.4648198220339929,0.8512859401396253,8.376118025144868e-05,4.512815984330796e-05,0.016805830071279462,32,30.0,5.0,1000.0,0,nofaults
2025-11-24T17:49:19.155452+00:00,30.01345233157997,4.772059133113904,993.7758485251654,0.4617167366298057,0.8530093379007322,6.597823884812355e-05,3.1075553546337595e-05,0.01649583995328366,34,30.0,5.0,1000.0,0,nofaults
2025-11-24T17:49:20.254866+00:00,29.976028822658158,4.75397939900983,992.6561227102193,0.46827146225387845,0.8530884818238711,1.8035788992657265e-05,4.318017470012607e-05,0.018753560710949385,35,30.0,5.0,1000.0,0,nofaults
2025-11-24T17:49:21.254756+00:00,29.99735562631644,4.814286457288488,1003.3965474199647,0.45756530682100766,0.8520964944920653,6.015491795356709e-05,9.366705933290111e-05,0.016337691468661753,34,30.0,5.0,1000.0,0,nofaults
2025-11-24T17:49:22.255942+00:00,29.98585288318946,4.8006647398128175,997.7135305980737,0.46147162855668605,0.8529108807495973,3.425891265710593e-05,2.4091165678446816e-05,0.0167325514055278,33,30.0,5.0,1000.0,0,nofaults
2025-11-24T17:49:23.354940+00:00,29.97811969907607,4.827041338197528,991.9784335125331,0.46185430223742385,0.8560975172904596,3.419813345224045e-05,8.374323221516391e-05,0.018580998078773264,37,30.0,5.0,1000.0,0,nofaults
2025-11-24T17:49:24.455491+00:00,30.01365847784467,4.8641914767675445,999.891899065952,0.46071038417714855,0.8515088396560089,7.808607105696314e-05,8.336247282142453e-05,0.018405845279194526,36,30.0,5.0,1000.0,0,nofaults
2025-11-24T17:49:25.554827+00:00,29.996942920769232,4.912486656908566,1002.3638164520306,0.46124969993293435,0.8535279250797333,1.973218758969284e-05,9.136161356192246e-05,0.018274198031293938,38,30.0,5.0,1000.0,0,nofaults
2025-11-24T17:49:26.655567+00:00,30.005302613319987,4.985548596096266,999.3081084476652,0.46524922306005245,0.8530807810885931,5.666175033293513e-05,1.8914234391269688e-05,0.018208392736943343,36,30.0,5.0,1000.0,0,nofaults
2025-11-24T17:49:27.653924+00:00,29.983562458028235,4.954590147287918,1005.0056355796185,0.4639341350030658,0.8521947320212468,4.843457722034386e-05,7.218209241029873e-05,0.016541605622358936,33,30.0,5.0,1000.0,0,nofaults
2025-11-24T17:49:28.757206+00:00,30.019935423935404,5.0152687069522806,997.646306007512,0.45729481855857906,0.8517264750083051,4.188236215669868e-05,5.073750184699526e-05,0.01821626159083683,37,30.0,5.0,1000.0,0,nofaults
2025-11-24T17:49:29.754857+00:00,30.00196272328659,4.992730956219804,998.0263152196824,0.4691785254100823,0.8533480596026444,3.445332798442695e-05,1.4413749834244858e-05,0.01658893853018553,32,30.0,5.0,1000.0,0,nofaults
2025-11-24T17:49:30.856312+00:00,29.99065894298277,4.966973526811259,1000.9642679237063,0.4603737285889654,0.8527888528980605,2.3028481568095134e-05,1.6997071523347263e-05,0.018209721573752523,37,30.0,5.0,1000.0,0,nofaults
2025-11-24T17:49:31.956116+00:00,30.019937583550494,4.99297862381027,1002.8960367188943,0.4583423580855017,0.8521305724334355,1.8788219734045213e-05,4.358034698477346e-05,0.018269160293913858,35,30.0,5.0,1000.0,0,nofaults
2025-11-24T17:49:32.955871+00:00,29.9973538426078,5.02950959340412,1001.5295452644348,0.4657946827934511,0.8509518587379287,3.525443714463841e-05,3.205086602215352e-05,0.016979092544780573,32,30.0,5.0,1000.0,0,nofaults
2025-11-24T17:49:34.054997+00:00,29.988571329378182,4.997931975619605,999.4156921088313,0.4646977911213232,0.8549827613116266,4.21307004286417e-05,3.449089791792382e-05,0.01832930193555221,36,30.0,5.0,1000.0,0,nofaults
2025-11-24T17:49:35.055046+00:00,29.98585406556034,4.979109238744131,1001.7873896474824,0.45915303272462743,0.8499065628361295,2.9578923318287055e-05,2.463268573898588e-05,0.016568441584498564,31,30.0,5.0,1000.0,0,nofaults
2025-11-24T17:49:36.155653+00:00,30.007389677762248,4.957066823192588,1003.858836785801,0.46091575405124313,0.8507037808886313,3.453642345599676e-05,3.669228206651396e-05,0.017970927547163534,38,30.0,5.0,1000.0,0,nofaults
2025-11-24T17:49:37.254912+00:00,30.022025742602878,4.975641892477596,1007.2199285755524,0.4625552070840925,0.8494018684259104,5.139815124173035e-05,5.907312803196686e-05,0.01864343266549402,39,30.0,5.0,1000.0,0,nofaults
2025-11-24T17:49:38.355560+00:00,30.005297731372796,5.036320452141957,1001.7657378109117,0.45987322532529634,0.8481910436677716,2.652554769045168e-05,5.820936296466394e-05,0.01820740254984381,38,30.0,5.0,1000.0,0,nofaults
2025-11-24T17:49:39.356353+00:00,29.990462921798013,5.082634291559245,996.095927580975,0.46013448611384594,0.8529174984203675,2.7425215241670806e-05,5.3502000785384274e-05,0.016067990937786256,36,30.0,5.0,1000.0,0,nofaults
2025-11-24T17:49:40.454499+00:00,29.99484338983223,5.103190701567986,1002.8362681234813,0.4666332708521295,0.84887885556616,4.893609346272045e-05,9.611722254815105e-06,0.0185369519332523,36,30.0,5.0,1000.0,0,nofaults
2025-11-24T17:49:41.558047+00:00,30.0094778281849,5.051180507569963,1001.2108749811417,0.4586772578153976,0.8501398544935874,3.496077761169539e-05,4.226651096251012e-05,0.018549636934683773,38,30.0,5.0,1000.0,0,nofaults
2025-11-24T17:49:42.655284+00:00,30.00947891662217,5.108144053377322,996.2447456250301,0.46613240137901085,0.850589753379553,3.6550523944614515e-05,4.335614149661378e-05,0.018430470872202915,37,30.0,5.0,1000.0,0,nofaults
2025-11-24T17:49:43.656095+00:00,29.992755700872248,5.093531665539783,1008.202466460735,0.46121991815761615,0.8486553362306275,3.101181269765841e-05,4.274588177739493e-05,0.016511748670345123,33,30.0,5.0,1000.0,0,nofaults
2025-11-24T17:49:44.755187+00:00,29.986479379290873,5.125480784709996,1003.8580236271034,0.4626183376244848,0.8474934630477193,4.360016084916155e-05,4.068290360784834e-05,0.017893972998104822,38,30.0,5.0,1000.0,0,nofaults
2025-11-24T17:49:45.856838+00:00,29.980210031288482,5.0462271557606275,1005.3304698885102,0.46391583792588215,0.8474380705311808,5.9920695611459956e-05,2.5552327572682316e-05,0.01842448158146012,34,30.0,5.0,1000.0,0,nofaults
2025-11-24T17:49:46.855472+00:00,30.013457101710948,4.991368784472236,995.5641947835059,0.46060597720689395,0.8515020204086557,4.156296627239022e-05,9.018594535229442e-06,0.01627279898131956,34,30.0,5.0,1000.0,0,nofaults
2025-11-24T17:49:47.954846+00:00,29.999027292476228,4.924870036431906,996.5282664026089,0.46330071368002296,0.8500992715258143,3.8371886860743943e-05,2.6502916004771588e-05,0.01821251826282956,36,30.0,5.0,1000.0,0,nofaults
2025-11-24T17:49:49.055784+00:00,30.011572490734963,4.86914482857688,992.1880944486489,0.459693856547446,0.8520948136250337,7.436949304692461e-05,3.506469462219057e-05,0.01805748141441259,35,30.0,5.0,1000.0,0,nofaults
2025-11-24T17:49:50.157592+00:00,29.999026743325036,4.869144828576882,994.4954596787201,0.4600896737222572,0.8528633632182849,2.261806305167308e-05,4.056273924937207e-05,0.01856813731801404,39,30.0,5.0,1000.0,0,nofaults
2025-11-24T17:49:51.155224+00:00,29.999659153780698,4.867411155443613,990.4141594018887,0.46338877044586513,0.8566205840734739,4.297422426339542e-05,2.971610968021208e-05,0.0168786588119786,33,30.0,5.0,1000.0,0,nofaults
2025-11-24T17:49:52.254864+00:00,29.984389053229066,4.888958235814223,998.28841522058,0.46377947865867397,0.8515133770874006,2.8365740586115013e-05,3.5901727741566465e-05,0.018253627114470525,34,30.0,5.0,1000.0,0,nofaults
2025-11-24T17:49:53.355315+00:00,29.99902186386117,4.89391158762356,997.8334970098949,0.4665195768981082,0.8537261398292585,1.0269705210655986e-05,3.961049414241516e-05,0.018663170105139026,36,30.0,5.0,1000.0,0,nofaults
2025-11-24T17:49:54.457616+00:00,29.992750353777048,5.00907701719061,998.5586596288201,0.4603219083371401,0.8524696841001432,1.3280552761838773e-05,6.0575385079434304e-05,0.01820129723951975,37,30.0,5.0,1000.0,0,nofaults
2025-11-24T17:49:55.455497+00:00,29.972052570532753,5.048579997870062,1000.5560670790798,0.460796174193759,0.8541464326527123,3.15214633919445e-05,4.356675663401262e-05,0.016694652082102544,33,30.0,5.0,1000.0,0,nofaults
2025-11-24T17:49:56.558556+00:00,29.988580540410922,5.087092308187646,998.6052895988341,0.4647856366806326,0.8537880925246785,3.1290757407841334e-05,5.24047805119334e-05,0.0188504730163702,35,30.0,5.0,1000.0,0,nofaults
2025-11-24T17:49:57.554868+00:00,29.955965382552932,5.081272119811676,1002.6436441445419,0.4672519075319281,0.8523703842276869,5.714348337640132e-05,3.349404820304449e-05,0.016965156950499844,32,30.0,5.0,1000.0,0,nofaults
2025-11-24T17:49:58.655562+00:00,29.990664350655788,5.06604056299797,997.5881258896329,0.462637891534804,0.8557897213164746,4.418492031471233e-05,7.457227906299671e-05,0.018332836621489344,36,30.0,5.0,1000.0,0,nofaults
2025-11-24T17:49:59.655211+00:00,30.004256099603374,5.124861615733829,1014.4427737222835,0.45516514784931966,0.8462410032049762,4.202849182044776e-05,2.617945398710579e-05,0.016619629911235775,34,30.0,5.0,1000.0,0,nofaults
2025-11-24T17:50:00.755116+00:00,30.007389136008147,5.058610535283966,993.9607315419046,0.46210492201467945,0.8551949479697679,3.604456826489483e-05,1.2348230427925436e-05,0.018334297291831825,36,30.0,5.0,1000.0,0,nofaults
2025-11-24T17:50:01.854933+00:00,29.996937483546603,5.017745382856948,1003.9508068313826,0.4624455213235631,0.8506564416372367,3.396012250383247e-05,2.6890180868102323e-05,0.018150620865207148,39,30.0,5.0,1000.0,0,nofaults
2025-11-24T17:50:02.855923+00:00,29.981252376718253,5.011801360685746,1002.4230253958103,0.46531551463681564,0.8518005813628424,5.194160575413518e-05,2.8320450304164304e-05,0.01701866682230148,34,30.0,5.0,1000.0,0,nofaults
2025-11-24T17:50:03.855283+00:00,30.01114878106415,4.947779288550081,998.8844150321125,0.46317390487681837,0.8496957241807378,5.034239110815593e-05,2.4992541827926825e-05,0.016472717570248513,35,30.0,5.0,1000.0,0,nofaults
2025-11-24T17:50:04.856223+00:00,30.006550071861938,4.932795399326842,1005.1954775478576,0.45861030172927597,0.8502753935572824,3.9018886401327634e-05,6.610853919438867e-05,0.016728794795221307,34,30.0,5.0,1000.0,0,nofaults
2025-11-24T17:50:05.955110+00:00,30.01156761743143,5.006600341285943,998.9289958815699,0.46516092347684057,0.853477810632572,2.2474216989165292e-05,5.0363042704485366e-05,0.018687530527270416,36,30.0,5.0,1000.0,0,nofaults
2025-11-24T17:50:06.956533+00:00,29.97895421668257,5.09489383728735,1000.5859564452385,0.4630165249689003,0.8498996524638638,3.312157892572865e-05,7.744355858111425e-05,0.01635730211433537,33,30.0,5.0,1000.0,0,nofaults
2025-11-24T17:50:08.055808+00:00,29.984390130581083,5.187397682326691,995.742370907943,0.4660641707126001,0.8517094940819855,3.590426963750702e-05,5.8068334236328705e-05,0.01846387491526034,37,30.0,5.0,1000.0,0,nofaults
2025-11-24T17:50:09.155774+00:00,29.988574036907696,5.2059727516117,1007.484676356065,0.45848314696787,0.8484837654359861,5.3646581869723954e-05,4.416839815968799e-05,0.01823857699646071,36,30.0,5.0,1000.0,0,nofaults
2025-11-24T17:50:10.256303+00:00,29.982298190343645,5.132910812424001,999.3627156505394,0.46511457575371384,0.8519743727847124,4.672014243272567e-05,3.6742896812443184e-05,0.018656973880597224,37,30.0,5.0,1000.0,0,nofaults
2025-11-24T17:50:11.359227+00:00,30.00738859549085,5.17996765461269,997.2821515312207,0.46003480614103154,0.8524052999777626,5.877682626314693e-05,6.488690255147314e-05,0.018018156605925664,36,30.0,5.0,1000.0,0,nofaults
2025-11-24T17:50:12.355735+00:00,30.001953142309883,5.138483333209502,999.5273826767634,0.4658685840306613,0.852357030828613,3.335231386831383e-05,1.307341008891061e-05,0.016973209680860336,34,30.0,5.0,1000.0,0,nofaults
2025-11-24T17:50:13.355318+00:00,29.995052689371892,5.044493482627361,997.1852800381421,0.45669598497773817,0.8513090303919484,9.46261481271639e-05,3.903577026402809e-05,0.0163585621133558,35,30.0,5.0,1000.0,0,nofaults
2025-11-24T17:50:14.355492+00:00,30.01575227802533,5.024060906413853,998.0700175889708,0.4630678180088106,0.8522590327750237,2.3904529726273893e-05,7.820027227833425e-05,0.01679664017690442,33,30.0,5.0,1000.0,0,nofaults
2025-11-24T17:50:15.357039+00:00,29.985863608544737,5.203867577092732,999.4514786121474,0.4687334878202917,0.8501706063045817,2.1724071549693586e-05,6.942838762572717e-05,0.01666439317158703,34,30.0,5.0,1000.0,0,nofaults
2025-11-24T17:50:16.455839+00:00,30.01365955764943,5.18987435823136,991.5055626402841,0.4544826031924506,0.8575663309660274,7.29833366076077e-05,4.075603008652708e-06,0.018002399668314423,33,30.0,5.0,1000.0,0,nofaults
2025-11-24T17:50:17.455154+00:00,30.001951949101112,5.167088939908415,1005.1724205428725,0.4693762637260518,0.848759375543198,1.3539882721395074e-05,8.124959275477179e-05,0.017166887232043904,34,30.0,5.0,1000.0,0,nofaults
2025-11-24T17:50:18.454020+00:00,29.98815701470171,5.295133084179739,1006.1983494471475,0.46041870910074206,0.8511545081677895,7.028940162039471e-05,4.942523721615891e-05,0.01638912191244903,33,30.0,5.0,1000.0,0,nofaults
2025-11-24T17:50:19.557543+00:00,30.01575259370461,5.186159344374357,993.1008738784035,0.4629448335565948,0.8537005694464718,2.657063361298267e-05,4.717576021034076e-05,0.01846412368992897,39,30.0,5.0,1000.0,0,nofaults
2025-11-24T17:50:20.657749+00:00,30.00111328081715,5.293894746227406,998.1746816832743,0.46127271305035156,0.8535826519205979,5.721306265534257e-05,9.180474819223185e-05,0.0185986484526593,36,30.0,5.0,1000.0,0,nofaults
2025-11-24T17:50:21.756583+00:00,29.99693639634472,5.3397132504637606,1006.8529066104696,0.460340726714907,0.8504726623087702,6.450344172065052e-05,3.4254304321012266e-05,0.018475509608949406,35,30.0,5.0,1000.0,0,nofaults
2025-11-24T17:50:22.855081+00:00,29.99066382984652,5.388008430604782,1003.2545246304795,0.4637614544393582,0.8520471479607997,4.969784827465387e-05,5.722260883462916e-05,0.018080944620308775,34,30.0,5.0,1000.0,0,nofaults
2025-11-24T17:50:23.856813+00:00,30.001950753179038,5.31965217563595,1007.8278932756581,0.46115899096808394,0.8476782814108432,2.9465096022393226e-05,3.8748106058685836e-05,0.016688415503421584,32,30.0,5.0,1000.0,0,nofaults
2025-11-24T17:50:24.955040+00:00,29.999020784050842,5.311231477560081,1005.5141376362676,0.4634894196643799,0.8478507085017014,6.761413214632778e-05,4.3699922838342665e-05,0.01900889022844289,36,30.0,5.0,1000.0,0,nofaults
2025-11-24T17:50:26.055992+00:00,29.999025125466805,5.291418070322738,1001.4233740403238,0.46242497025880785,0.8510838121051872,3.069349930469316e-05,5.023530037796928e-05,0.018349528137724096,34,30.0,5.0,1000.0,0,nofaults
2025-11-24T17:50:27.155332+00:00,29.982305755188676,5.254267931752722,998.1698688413979,0.4629850026238013,0.8480872395995569,7.917195445242942e-05,3.0491849927589656e-05,0.018383415475585505,36,30.0,5.0,1000.0,0,nofaults
2025-11-24T17:50:28.255815+00:00,29.999022953524126,5.106905715424988,1000.63976733952,0.4624482054724357,0.8488265920621353,6.130312343111437e-05,1.0538156665211262e-05,0.01810783015384015,37,30.0,5.0,1000.0,0,nofaults
2025-11-24T17:50:29.255468+00:00,30.00425131861615,4.9818335822392665,991.1855614140229,0.46229183950475716,0.8533561560050703,4.521373657726086e-05,3.3055603424321837e-05,0.01699888930739226,32,30.0,5.0,1000.0,0,nofaults
2025-11-24T17:50:30.256204+00:00,29.997345490131103,5.015887875928447,998.3839064163689,0.4613305113602415,0.851519852534947,2.87444649605161e-05,5.60301577706327e-05,0.016411822074096877,32,30.0,5.0,1000.0,0,nofaults
2025-11-24T17:50:31.255670+00:00,30.00195313283092,5.022698734666284,1003.1911757087385,0.46353482836011234,0.8509084453998043,5.3916787412804884e-05,1.8408392832623903e-05,0.016719665812649363,34,30.0,5.0,1000.0,0,nofaults
2025-11-24T17:50:32.355998+00:00,30.00738479582898,4.978118568382263,1003.337201619998,0.4589725073849882,0.8482353005933546,1.9049645635168314e-05,6.33356111242101e-05,0.01808617965180066,41,30.0,5.0,1000.0,0,nofaults
2025-11-24T17:50:33.355797+00:00,30.015754063095972,5.056753028355465,1006.9822331828816,0.46777038281040423,0.849517732724691,6.66361951790369e-05,3.728091482357324e-05,0.016806516829018972,33,30.0,5.0,1000.0,0,nofaults
2025-11-24T17:50:34.356658+00:00,29.96516756705568,5.0226987346662835,994.873843632878,0.4576640711796959,0.851279197141668,3.383377409927165e-05,2.4673390207131203e-05,0.016390052058278013,33,30.0,5.0,1000.0,0,nofaults
2025-11-24T17:50:35.354480+00:00,29.990451591038834,4.972298380006295,1003.7095668791228,0.46627784250955634,0.8468455068293876,3.874555093782432e-05,2.834471193302864e-05,0.017410918389756124,32,30.0,5.0,1000.0,0,nofaults
2025-11-24T17:50:36.455778+00:00,30.02202520949103,5.017745382856948,999.5880304838973,0.45957805994618933,0.8485545754860774,3.3583540099760644e-05,7.878773040951322e-05,0.01808959909471144,35,30.0,5.0,1000.0,0,nofaults
2025-11-24T17:50:37.456346+00:00,30.008848833247594,5.013163532433312,985.2124086435009,0.46330239084855374,0.8541670561038579,6.289278528354268e-05,1.9216723977856476e-05,0.016675907875960027,34,30.0,5.0,1000.0,0,nofaults
2025-11-24T17:50:38.553963+00:00,29.996938048688595,4.945921781621582,1008.1508679247338,0.4646345970590568,0.8505745982820865,3.938883035653361e-05,1.4981616199431335e-05,0.018699191267618542,36,30.0,5.0,1000.0,0,nofaults
2025-11-24T17:50:39.654109+00:00,30.005297179757758,4.8567614490535425,992.0652825267738,0.4600884974141218,0.8520713680422454,7.889898472296838e-05,2.066519008330835e-05,0.017627608736998354,39,30.0,5.0,1000.0,0,nofaults
2025-11-24T17:50:40.663645+00:00,30.006545899019414,4.829270346511731,1005.3072986186546,0.46336060756038266,0.849345501664045,6.523972483943988e-05,6.23907635648473e-05,0.016783510703282014,36,30.0,5.0,1000.0,0,nofaults
2025-11-24T17:50:41.758044+00:00,30.011571958844605,4.797321227341516,993.5185176219813,0.4609322989557901,0.8523569341209942,9.068617865207911e-05,5.9337893282236095e-05,0.018116187698863723,36,30.0,5.0,1000.0,0,nofaults
2025-11-24T17:50:42.856178+00:00,30.028297799363227,4.82084964843586,1003.5101619144833,0.46037463068972156,0.8511276070306795,2.6091564887905974e-05,8.714489195865847e-05,0.01836737947967106,35,30.0,5.0,1000.0,0,nofaults
2025-11-24T17:50:43.955774+00:00,29.99066274263631,4.892673249671226,994.7208200254917,0.4658457502111965,0.8545366167715361,4.76160855609336e-05,5.1774247460961535e-05,0.01841076126306016,34,30.0,5.0,1000.0,0,nofaults
2025-11-24T17:50:44.954510+00:00,29.99735145482369,4.87422201418145,1000.2841045107486,0.4589095263815003,0.8494465027852323,5.787844077627039e-05,2.9028674298351554e-05,0.0162517842500034,34,30.0,5.0,1000.0,0,nofaults
2025-11-24T17:50:45.957240+00:00,29.997347279266315,4.856513781463077,1003.0135760198342,0.46596266477273574,0.850132178866521,2.4250037714501674e-05,8.299710875792476e-05,0.016688214794546102,31,30.0,5.0,1000.0,0,nofaults
2025-11-24T17:50:47.056323+00:00,30.013662277506533,4.911248318956232,995.2934949600544,0.4618958351506625,0.8532369606507119,5.720196275491477e-05,4.024009706118946e-05,0.018231986622455672,36,30.0,5.0,1000.0,0,nofaults
2025-11-24T17:50:48.155510+00:00,30.013662843949227,4.890196573766558,1002.0608796753012,0.4608125813611442,0.8536719481410255,2.31964080199086e-05,2.7381228396363e-05,0.018228629019762868,38,30.0,5.0,1000.0,0,nofaults
2025-11-24T17:50:49.155879+00:00,29.985849899486517,4.92870888408414,1006.4429740303422,0.46278267211799157,0.848709475163964,6.59039201351217e-05,5.628322531162402e-05,0.016887430242521404,32,30.0,5.0,1000.0,0,nofaults
2025-11-24T17:50:50.155903+00:00,29.99045338153301,4.8660489836960465,1002.6703521408311,0.4638197137349544,0.8486631298968448,3.4118921086488597e-05,3.106081965198576e-05,0.016276985287229883,32,30.0,5.0,1000.0,0,nofaults
2025-11-24T17:50:51.255860+00:00,29.994843929122467,4.9013416153375635,1004.0100681570188,0.46145008127279075,0.848278347057672,3.326277417886719e-05,5.1895488277700225e-05,0.01808675940462065,39,30.0,5.0,1000.0,0,nofaults
2025-11-24T17:50:52.255246+00:00,29.981270223443765,4.902827620880364,996.0494143205233,0.4582736011789107,0.851096500498185,3.4858923693914756e-05,3.2358722798698035e-05,0.01668361874432926,34,30.0,5.0,1000.0,0,nofaults
2025-11-24T17:50:53.354890+00:00,29.965576132228843,4.939730091859913,1000.124623343764,0.4677843651788862,0.8516589538118841,4.1265551490303964e-05,5.1974966222537215e-05,0.018578264374832936,36,30.0,5.0,1000.0,0,nofaults
2025-11-24T17:50:54.455420+00:00,29.988568625545145,4.968211864763591,1000.8161446255995,0.4617417907670129,0.8493448120852508,5.6112819334536626e-05,5.1104507576254184e-05,0.018070818445647143,38,30.0,5.0,1000.0,0,nofaults
2025-11-24T17:50:55.453954+00:00,30.01116249147978,4.928708884084143,997.1718858001404,0.46442163676084763,0.8521154452376305,4.5526921838360614e-05,3.233824030993885e-05,0.01692510724222181,32,30.0,5.0,1000.0,0,nofaults
2025-11-24T17:50:56.555824+00:00,30.024119864641214,4.866668152672213,995.8801056624077,0.45843193632927176,0.8528495266666604,4.0966302170170125e-05,2.033384937468211e-05,0.01809112735301904,34,30.0,5.0,1000.0,0,nofaults
2025-11-24T17:50:57.655393+00:00,29.99484121543403,4.833233027959198,997.5554995461538,0.4647035072313251,0.8518378677860784,8.034954437038919e-05,8.710973637658283e-05,0.018417414621578018,37,30.0,5.0,1000.0,0,nofaults
2025-11-24T17:50:58.756242+00:00,29.99483742809696,4.916201670765568,992.0321375013892,0.4636398858056871,0.8553613827742553,4.446309515413915e-05,6.957982949324299e-05,0.018261892972927195,39,30.0,5.0,1000.0,0,nofaults
2025-11-24T17:50:59.756228+00:00,30.008854206087488,4.900103277385229,993.5172132667591,0.46211907366321325,0.8545929325060495,2.9742343936483766e-05,1.5508249314622625e-05,0.01689047493118603,36,30.0,5.0,1000.0,0,nofaults
2025-11-24T17:51:00.754997+00:00,29.995057478502055,4.84970292272524,1006.1412963738221,0.46139287109686544,0.8514792824262193,6.352967057664198e-05,2.0576488639824967e-05,0.01660700651625518,33,30.0,5.0,1000.0,0,nofaults
2025-11-24T17:51:01.756340+00:00,29.997354445310613,4.818372972531192,1009.4330979994626,0.4625005276627333,0.8499579490696387,5.630905940703869e-05,5.5888911687229966e-05,0.017048878314118398,35,30.0,5.0,1000.0,0,nofaults
2025-11-24T17:51:02.856739+00:00,29.999028357503445,4.828279676149863,998.8183767778613,0.46242887383075415,0.8515901105588642,7.066505969641296e-05,5.720502551822651e-05,0.018180800778250086,37,30.0,5.0,1000.0,0,nofaults
2025-11-24T17:51:03.955621+00:00,30.02412041131187,4.782461171913511,1004.6716144302605,0.4605348484629458,0.8509825536703545,5.572083315040305e-05,8.339078061302287e-05,0.018430067691442883,37,30.0,5.0,1000.0,0,nofaults
2025-11-24T17:51:04.956131+00:00,30.001954940940855,4.8592381249582095,1002.5151553088186,0.4634853913125025,0.8495516717353914,2.3685273859201986e-05,2.9499892567503367e-05,0.01663171151432666,32,30.0,5.0,1000.0,0,nofaults
2025-11-24T17:51:05.955596+00:00,29.99964722979617,4.851065094472806,996.0682078618817,0.4612094508740564,0.8523745971863435,5.1427000239267184e-05,6.193750213219463e-05,0.016573148979744677,33,30.0,5.0,1000.0,0,nofaults
2025-11-24T17:51:06.957130+00:00,29.981255945512782,4.905551964375497,995.9858197023402,0.4653299911265568,0.8518000705021601,3.487131627967325e-05,5.883414144370419e-05,0.01642983268435377,36,30.0,5.0,1000.0,0,nofaults
2025-11-24T17:51:08.056019+00:00,30.001118162755983,4.927346712336574,1012.0560677030633,0.46235576523121774,0.847374682502345,3.494701806567651e-05,4.488401240595713e-05,0.01818140276527458,34,30.0,5.0,1000.0,0,nofaults
2025-11-24T17:51:09.155891+00:00,30.011573573000813,4.994216961762604,989.4248876056408,0.4620023055182333,0.8541661136046748,4.4156829535327204e-05,8.671398201688717e-05,0.018718968485823637,38,30.0,5.0,1000.0,0,nofaults
2025-11-24T17:51:10.255409+00:00,29.988575651080534,5.01774538285695,1001.5534515586977,0.4627501131665859,0.8517075000795198,4.397532731798918e-05,2.897129384924893e-05,0.01846210907929222,36,30.0,5.0,1000.0,0,nofaults
2025-11-24T17:51:11.259557+00:00,30.006548881363397,4.975022723501428,997.8013461903865,0.4621817810609965,0.8523001946561921,2.7552075363753012e-05,1.5404036339243345e-05,0.0168354346160691,33,30.0,5.0,1000.0,0,nofaults
2025-11-24T17:51:12.355239+00:00,29.99275360306066,5.000408651524273,987.1924652440729,0.46048761709116603,0.8562089128982401,2.50601449289194e-05,6.613938495526108e-05,0.018485837642136804,35,30.0,5.0,1000.0,0,nofaults
2025-11-24T17:51:13.355826+00:00,29.992754529339276,5.064926058840869,992.8789119049763,0.46381839028614713,0.8564480107652093,2.581802035745295e-05,3.892925746024457e-05,0.01650476854048611,33,30.0,5.0,1000.0,0,nofaults
2025-11-24T17:51:14.357526+00:00,29.98815641742243,5.097618180782484,1008.505545195961,0.4580947054439372,0.8501622238302238,5.8441136636395054e-05,4.6021396070295056e-05,0.016358552785452278,34,30.0,5.0,1000.0,0,nofaults
2025-11-24T17:51:15.458069+00:00,30.011567065813605,5.052418845522297,1005.0208364159819,0.46632065689610214,0.8509980313687318,3.656813936489337e-05,4.294865207372091e-05,0.018515972297450358,38,30.0,5.0,1000.0,0,nofaults
2025-11-24T17:51:16.455571+00:00,29.98355292588173,5.045855654374928,999.0027352940797,0.4641300058155512,0.853563723959083,5.20562641099771e-05,4.9652388309182306e-05,0.016557647101079907,36,30.0,5.0,1000.0,0,nofaults
2025-11-24T17:51:17.455964+00:00,30.020350384518643,5.055390856607898,995.8540038689707,0.45822619737204134,0.8559629342588106,5.858220535465497e-05,2.88326028680077e-05,0.016662711395011433,32,30.0,5.0,1000.0,0,nofaults
2025-11-24T17:51:18.555703+00:00,30.00529555450242,4.97068854066826,1006.5192180582148,0.46330055367761497,0.8498527751463669,9.021308588334124e-05,5.089177493294553e-05,0.018532027405116575,35,30.0,5.0,1000.0,0,nofaults
2025-11-24T17:51:19.556106+00:00,30.001962692079807,4.932795399326844,1004.3298893634459,0.4635093266937747,0.8523268543224256,4.7576869635663706e-05,1.58376411100437e-05,0.01653802751085171,33,30.0,5.0,1000.0,0,nofaults
2025-11-24T17:51:20.655427+00:00,30.015749883714026,4.893911587623559,1003.2906015842877,0.45973367674249643,0.8489897822792636,2.5165023780730918e-05,5.1381040733752724e-05,0.018005755499771386,41,30.0,5.0,1000.0,0,nofaults
2025-11-24T17:51:21.755776+00:00,29.984396116974345,4.919916684622571,1001.9064940254101,0.4650213809205503,0.8507741407343657,2.752322932365724e-05,4.1201189382282264e-05,0.018255005222930266,35,30.0,5.0,1000.0,0,nofaults
2025-11-24T17:51:22.755348+00:00,29.981252376718253,4.915087166608469,1006.8168715449934,0.4641770121422673,0.8492115922485246,3.970185737907193e-05,3.7634828905468806e-05,0.016707690288361422,34,30.0,5.0,1000.0,0,nofaults
2025-11-24T17:51:23.855675+00:00,29.99693534115353,4.978118568382263,998.8039626819561,0.4625081947052622,0.8492680736711449,1.585573280385526e-05,3.672674802193901e-05,0.018348155208802484,38,30.0,5.0,1000.0,0,nofaults
2025-11-24T17:51:24.955011+00:00,29.992754682876523,4.9632585129542575,1008.4449662349533,0.45945737650923985,0.8476804648781507,7.008748959333709e-05,5.14073151150136e-05,0.018562306405175293,37,30.0,5.0,1000.0,0,nofaults
2025-11-24T17:51:26.055778+00:00,30.001117601291075,4.945921781621583,1002.2327907018404,0.46452728034998575,0.8469662795496727,4.689916425916246e-05,4.385880687283118e-05,0.01853147924381676,37,30.0,5.0,1000.0,0,nofaults
2025-11-24T17:51:27.155260+00:00,29.996936956561793,4.9137249948609005,1000.6953755574425,0.4614692210576564,0.8497038610206744,3.953266856143106e-05,5.999756498786079e-05,0.018221846141133022,37,30.0,5.0,1000.0,0,nofaults
2025-11-24T17:51:28.156320+00:00,30.011149981053865,4.940968429812247,994.0465700185774,0.45971266331126887,0.8515412572923754,4.1280642725991316e-05,3.663819827374805e-05,0.016421718885920606,34,30.0,5.0,1000.0,0,nofaults
2025-11-24T17:51:29.256282+00:00,29.980208403572075,4.962020175001925,999.3172106459926,0.4641478528128627,0.8493741154156657,6.528968175102006e-05,7.186981582012143e-05,0.01838152417025984,37,30.0,5.0,1000.0,0,nofaults
2025-11-24T17:51:30.356088+00:00,30.005296639237667,5.006600341285942,1006.0752843031822,0.46120381397759846,0.8466911745354867,2.6679898618968574e-05,5.692729390068304e-05,0.018363708018387607,35,30.0,5.0,1000.0,0,nofaults
2025-11-24T17:51:31.356429+00:00,29.999651997216915,5.086720806801946,995.8363060722783,0.4683265107392316,0.8502902758171423,2.5815847291425002e-05,4.575488728240165e-05,0.016652287934281494,34,30.0,5.0,1000.0,0,nofaults
2025-11-24T17:51:32.456109+00:00,29.982299267690124,5.070993914807305,998.5284734937923,0.4640866132797557,0.851004047815012,7.835227672772613e-05,6.337350835638446e-05,0.018427929724775582,39,30.0,5.0,1000.0,0,nofaults
2025-11-24T17:51:33.557319+00:00,30.013656305907535,5.040035465998958,1002.3291078042378,0.4577389606956515,0.8477271106383298,5.994983912799514e-05,4.135084309369854e-05,0.018478305197383263,36,30.0,5.0,1000.0,0,nofaults
2025-11-24T17:51:34.657369+00:00,30.009480523400693,5.047465493712962,1003.2283725669284,0.4610726751698895,0.847302494576083,2.1694308810198566e-05,4.527230604730103e-05,0.018219931295952587,38,30.0,5.0,1000.0,0,nofaults
2025-11-24T17:51:35.656956+00:00,30.008861346386812,5.112602070005723,991.8855433367896,0.4645017436140046,0.8508100154370306,1.6254366421027527e-05,4.090154449557723e-05,0.01680814654062257,31,30.0,5.0,1000.0,0,nofaults
2025-11-24T17:51:36.755419+00:00,30.026202040985712,5.070993914807306,999.6969190254123,0.45941535520290383,0.8516491236087234,3.91777737857321e-05,1.2329181822746207e-05,0.017835764586920034,39,30.0,5.0,1000.0,0,nofaults
2025-11-24T17:51:37.856847+00:00,30.005295550804565,5.056133859379298,1001.0444941483365,0.46434232416386023,0.848792716800633,8.516651523611052e-05,1.2596913153315035e-05,0.01863398895785971,37,30.0,5.0,1000.0,0,nofaults
2025-11-24T17:51:38.955231+00:00,30.00947945590408,4.90753330509923,1003.1267460803622,0.4620527391447705,0.84808719431147,4.37057292607115e-05,4.24112865109652e-05,0.01793252440434755,39,30.0,5.0,1000.0,0,nofaults
2025-11-24T17:51:39.954240+00:00,29.995049712448388,4.9791092387441305,999.5795891043741,0.46252351297127703,0.8500386154362662,1.8408596331074416e-05,8.348300161631731e-05,0.01686227684539664,33,30.0,5.0,1000.0,0,nofaults
2025-11-24T17:51:40.955527+00:00,29.99274797007002,5.066288230588436,994.3891675636542,0.46378268087093355,0.8490305699260092,4.367811627878659e-05,6.005480247532941e-05,0.01660390283838947,35,30.0,5.0,1000.0,0,nofaults
2025-11-24T17:51:41.955123+00:00,30.01574928482818,5.052666513112764,991.6721087195286,0.4583257331049926,0.8534388200413311,4.2724627916547106e-05,1.8071363487112022e-05,0.016407051427675515,31,30.0,5.0,1000.0,0,nofaults
2025-11-24T17:51:43.055430+00:00,29.990664912109594,5.043750479855959,998.5835800887755,0.4658688568713799,0.8515714732667837,1.3738027510020284e-05,2.65880772469461e-05,0.0182358264906684,35,30.0,5.0,1000.0,0,nofaults
2025-11-24T17:51:44.055445+00:00,30.022657520090416,5.067650402336004,995.068124269839,0.4616207881157138,0.8534578899578484,3.911174120791268e-05,4.100417465198373e-05,0.01644306275208946,34,30.0,5.0,1000.0,0,nofaults
2025-11-24T17:51:45.065202+00:00,30.001955528739654,5.06492605884087,1003.0458995620114,0.46461987952690087,0.8517740000204332,7.897410984144241e-06,1.0976663668112621e-05,0.01637310783674356,32,30.0,5.0,1000.0,0,nofaults
2025-11-24T17:51:46.056661+00:00,29.990450992402163,5.12077510049113,999.1866752036804,0.45911895078536896,0.8510608716526107,4.2829944950633976e-05,7.062973319587961e-05,0.01610657900199182,31,30.0,5.0,1000.0,0,nofaults
2025-11-24T17:51:47.155520+00:00,29.988575120410314,5.110620729281989,1003.5825638010775,0.4659300755189811,0.8509330467371854,4.934428765992608e-05,9.958777163928782e-06,0.018545012908828578,35,30.0,5.0,1000.0,0,nofaults
2025-11-24T17:51:48.255811+00:00,29.988575111790297,5.079662280473643,999.9141893528424,0.46061002989120736,0.8505025271508462,2.457174980711944e-05,6.99411513215658e-05,0.01853599317748078,36,30.0,5.0,1000.0,0,nofaults
2025-11-24T17:51:49.255654+00:00,29.978950642470597,5.134396817966801,1002.5567819114956,0.4630727202951162,0.8496967014078656,0.0001020801195353242,6.652710621944133e-05,0.016797556999124028,34,30.0,5.0,1000.0,0,nofaults
2025-11-24T17:51:50.355885+00:00,30.00529501521496,5.092045659996981,998.1323906723575,0.4611624576409883,0.8526682396857904,5.100443325326073e-05,4.3927758640698826e-05,0.01807858930466848,36,30.0,5.0,1000.0,0,nofaults
2025-11-24T17:51:51.356311+00:00,30.011151775620267,5.0948938372873505,1000.9997640769265,0.45732789791010153,0.8501358108875466,2.5246602667954873e-05,4.602550747943009e-05,0.016110830974088743,37,30.0,5.0,1000.0,0,nofaults
2025-11-24T17:51:52.456348+00:00,29.99903053683489,5.075947266616641,1002.0967756131208,0.4645625147162459,0.8514902466418288,3.91796466669004e-05,4.984263794111138e-05,0.018556436840426686,38,30.0,5.0,1000.0,0,nofaults
2025-11-24T17:51:53.555747+00:00,29.994839592639764,5.229501172706046,995.458016451207,0.4646983853717889,0.8516133680255826,2.2811226695378705e-05,6.556294497945865e-05,0.018400017021189027,37,30.0,5.0,1000.0,0,nofaults
2025-11-24T17:51:54.655390+00:00,29.9718476484691,5.308754801655412,1000.6079228532736,0.46226187514802697,0.8512764558797673,6.343996532106351e-05,4.766886056097569e-05,0.018570128465285256,37,30.0,5.0,1000.0,0,nofaults
2025-11-24T17:51:55.655676+00:00,30.018056428558236,5.171175455151117,997.3718715913208,0.4618481291036673,0.8490907237914829,6.829853649277675e-05,2.961220145588557e-05,0.016686252025359713,35,30.0,5.0,1000.0,0,nofaults
2025-11-24T17:51:56.655346+00:00,30.015759460376984,5.081272119811677,1000.0290162896827,0.45953846187853636,0.8530891773613473,6.550165143434722e-05,4.437943146793376e-05,0.016403567820623324,34,30.0,5.0,1000.0,0,nofaults
2025-11-24T17:51:57.755489+00:00,29.98230089910439,5.037558790094291,1006.0776660558495,0.4672531051701862,0.848362807222606,3.641263407452862e-05,3.462384245453511e-05,0.018575363861131188,37,30.0,5.0,1000.0,0,nofaults
2025-11-24T17:51:58.857074+00:00,29.986485342268477,5.030128762380286,1003.0425738987489,0.45752505072028293,0.8489296533408972,5.2147394269197945e-05,1.354682045242554e-05,0.018080705168736826,37,30.0,5.0,1000.0,0,nofaults
2025-11-24T17:51:59.854962+00:00,29.9904492100387,4.991368784472235,996.7941480357707,0.46511151684237995,0.8528856502813863,6.173072365070116e-05,6.842219578761957e-05,0.0170482993219641,33,30.0,5.0,1000.0,0,nofaults
2025-11-24T17:52:00.956692+00:00,29.996941300433278,4.974403554525261,1005.2269819809833,0.46041071233082353,0.8480050976345922,2.4116531992487183e-05,4.743969935104279e-05,0.018260833480140747,41,30.0,5.0,1000.0,0,nofaults
2025-11-24T17:52:02.055690+00:00,30.003209025641407,5.00288532742894,1002.7334576926388,0.4634269235457511,0.8491223004419273,4.898394566739899e-05,7.601643024459063e-05,0.018466296815055457,38,30.0,5.0,1000.0,0,nofaults
2025-11-24T17:52:03.156043+00:00,29.98230197398701,5.089568984092314,999.1967691981749,0.46943829803816756,0.8493451491289956,5.146726662071459e-05,4.151978131960305e-05,0.018534247613768453,38,30.0,5.0,1000.0,0,nofaults
2025-11-24T17:52:04.154721+00:00,29.98354994760232,5.07446126107384,998.6875258084058,0.4618429842118454,0.8505396773462927,2.0296454032929167e-05,4.317227694058633e-05,0.016754343641206444,33,30.0,5.0,1000.0,0,nofaults
2025-11-24T17:52:05.155048+00:00,30.004259072456176,5.081272119811676,1000.0181783408065,0.46352864001689725,0.848860728183323,3.886692461002777e-05,2.7025770117351488e-05,0.016719973483183,34,30.0,5.0,1000.0,0,nofaults
2025-11-24T17:52:06.255524+00:00,29.980211639324576,5.110620729281989,993.0813803237357,0.45993747754657954,0.8519693164366113,6.591694344103573e-05,6.289912916970566e-05,0.018618613214066247,37,30.0,5.0,1000.0,0,nofaults
2025-11-24T17:52:07.255525+00:00,30.001953155867163,5.108515554763024,1006.8247793006192,0.46480894524799254,0.8489334187662907,2.7437754799946278e-05,4.302358111948513e-05,0.016559850662956305,32,30.0,5.0,1000.0,0,nofaults
2025-11-24T17:52:08.355979+00:00,29.990668693291887,5.1502475437566755,995.9671526376966,0.4638863472630227,0.8505482402673112,5.4571255632674354e-05,6.006469048534346e-05,0.0186500319122836,33,30.0,5.0,1000.0,0,nofaults
2025-11-24T17:52:09.454886+00:00,29.996937524198156,5.0697555768549725,1005.1778087622183,0.461565206416299,0.8492710720593958,7.682378822306602e-05,4.689891634943787e-05,0.01829762575179641,41,30.0,5.0,1000.0,0,nofaults
2025-11-24T17:52:10.456205+00:00,29.999648423004942,5.058115200103033,1004.9180396735685,0.4578449685647984,0.8452434709793042,5.524197284659767e-05,5.502217443911972e-05,0.01651653606180967,34,30.0,5.0,1000.0,0,nofaults
2025-11-24T17:52:11.455210+00:00,29.978953011284602,5.079909948064109,1003.7506302743725,0.46792914598963825,0.8493064353823186,1.685395480046649e-05,3.4789314516975156e-05,0.016779592812657063,36,30.0,5.0,1000.0,0,nofaults
2025-11-24T17:52:12.555391+00:00,30.0011100253774,5.151485881709008,1003.6708114274684,0.46038634610565377,0.8475378359842957,5.428355942994251e-05,5.99556663116018e-05,0.018068977426368243,37,30.0,5.0,1000.0,0,nofaults
2025-11-24T17:52:13.556344+00:00,30.015757640018176,5.030871765151687,1003.2592921935022,0.459699670611736,0.846092707083427,8.976261239783714e-05,2.4412505602770096e-05,0.016725882058751546,32,30.0,5.0,1000.0,0,nofaults
2025-11-24T17:52:14.656631+00:00,29.98648916661618,4.962020175001924,995.5230127174796,0.46726587330775504,0.8498050001462584,6.71873194179676e-05,4.299725767162656e-05,0.018531517318625727,36,30.0,5.0,1000.0,0,nofaults
2025-11-24T17:52:15.754785+00:00,29.98021002882741,4.928585050288908,995.6187856735626,0.46107651939564215,0.8494703883931436,4.1434916909977154e-05,5.7854489472572254e-05,0.018102394214211483,37,30.0,5.0,1000.0,0,nofaults
2025-11-24T17:52:16.756286+00:00,29.99965855378203,4.9069141361230635,1004.3158066115559,0.462605664239934,0.8474022973869857,5.874621462406676e-05,2.9452279016228364e-05,0.016926725640835243,34,30.0,5.0,1000.0,0,nofaults
2025-11-24T17:52:17.856377+00:00,29.98439229266281,4.886481559909555,995.1374866115286,0.4663091132336296,0.8506617358204411,6.690486786934492e-05,4.293285750317901e-05,0.01836747187498818,35,30.0,5.0,1000.0,0,nofaults
2025-11-24T17:52:18.956545+00:00,29.99275034885213,4.888958235814223,996.7831189377204,0.45964603254730835,0.8494441433988567,4.0154284471307494e-05,6.633743226843848e-05,0.01831181891808716,34,30.0,5.0,1000.0,0,nofaults
2025-11-24T17:52:20.056192+00:00,29.994842301403285,4.907533305099232,1004.0779726788162,0.46599622489214293,0.8471405498198905,5.5452813476104224e-05,7.019049519344121e-05,0.018105251743163037,34,30.0,5.0,1000.0,0,nofaults
2025-11-24T17:52:21.156019+00:00,29.965574511898424,4.949636795478583,994.7858605958569,0.4595005731066037,0.8524752728686643,4.2866375836221797e-05,7.017733922399243e-05,0.01815618839886464,36,30.0,5.0,1000.0,0,nofaults
2025-11-24T17:52:22.155878+00:00,29.995058674424126,5.018612219423582,1003.9988592476342,0.46755364813054745,0.8471062960780875,4.5255855606439546e-05,3.30414855258292e-05,0.01649367492129231,34,30.0,5.0,1000.0,0,nofaults
2025-11-24T17:52:23.254662+00:00,29.986480468953832,4.99917031357194,1003.9746740405543,0.459935115586555,0.850159953648994,2.307551370116775e-05,5.1835194806458455e-05,0.018693986491846344,35,30.0,5.0,1000.0,0,nofaults
2025-11-24T17:52:24.356674+00:00,29.990660570704744,5.023937072618619,992.8248348617038,0.46301775901421843,0.8482070455567597,3.196661606553702e-05,1.695218499480132e-05,0.018259086843942604,38,30.0,5.0,1000.0,0,nofaults
2025-11-24T17:52:25.356731+00:00,29.972058512199773,4.961401006025755,990.7559696994325,0.46247332514533673,0.8527957006506794,7.145076503814656e-05,5.0991582882094506e-05,0.016703735194715782,32,30.0,5.0,1000.0,0,nofaults
2025-11-24T17:52:26.454968+00:00,30.011569784438077,4.947160119573916,1002.1409778035653,0.46237449342690323,0.8520825681379788,8.215327035426584e-05,6.190905436742729e-05,0.01803261272949283,36,30.0,5.0,1000.0,0,nofaults
2025-11-24T17:52:27.556455+00:00,29.98647775526539,4.912486656908567,1001.0364066736728,0.46639755377367337,0.8477808982527123,3.397907002796581e-05,7.280559941327895e-05,0.018123885347044684,35,30.0,5.0,1000.0,0,nofaults
2025-11-24T17:52:28.654957+00:00,29.978124562540813,5.035082114189622,999.379609184016,0.46668199710261865,0.8517647533501518,2.7270462061480547e-05,5.808784043594554e-05,0.018707685202041368,39,30.0,5.0,1000.0,0,nofaults
2025-11-24T17:52:29.655283+00:00,30.006550069151707,5.058115200103032,994.9907312543457,0.45904776737871866,0.8527191666130914,4.082035082667866e-05,2.0420157105778722e-05,0.016512161815504488,33,30.0,5.0,1000.0,0,nofaults
2025-11-24T17:52:30.755657+00:00,30.019931077594503,5.0152687069522806,1007.9334081479498,0.4599862136399188,0.8482480591144245,4.311929488935316e-05,4.092472451041159e-05,0.017991834555547415,34,30.0,5.0,1000.0,0,nofaults
2025-11-24T17:52:31.756414+00:00,29.988151636444407,4.968211864763592,1002.011449333746,0.4607923148075243,0.8483231033112183,5.6847718731400675e-05,3.495439675938883e-05,0.01675015383524706,33,30.0,5.0,1000.0,0,nofaults
2025-11-24T17:52:32.757262+00:00,29.997353826346377,4.935519742821977,1002.4970787928403,0.4699106724830105,0.8493685014222001,4.2046720837912035e-05,2.7385919278020252e-05,0.016769954996022,35,30.0,5.0,1000.0,0,nofaults
2025-11-24T17:52:33.855688+00:00,30.001117607447245,4.850569759291873,998.0933300944545,0.4616658939833222,0.8505082765666709,8.617069916027854e-05,3.661777716267834e-05,0.018952853293900347,37,30.0,5.0,1000.0,0,nofaults
2025-11-24T17:52:34.856794+00:00,29.997355030390004,4.912362823113333,1005.5671102911969,0.46168182835512744,0.8462608864805352,3.434000654921618e-05,0.00010793473120183095,0.01649635246854298,32,30.0,5.0,1000.0,0,nofaults
2025-11-24T17:52:35.956645+00:00,29.967664835496386,4.995455299714937,991.2222436824045,0.4638442344784248,0.851681540030992,3.559485693213568e-05,3.8053465696463254e-05,0.018429720306099927,36,30.0,5.0,1000.0,0,nofaults
2025-11-24T17:52:36.956331+00:00,29.99735145076062,4.9532279755403525,1006.1612485536789,0.459392170956973,0.8496055140652649,5.7072216309369835e-05,2.3303121887941157e-05,0.016469327016467594,33,30.0,5.0,1000.0,0,nofaults
2025-11-24T17:52:38.054681+00:00,29.965576129770533,4.978118568382263,998.4579045110098,0.46930389252170596,0.8475976054718918,2.6125500553611186e-05,5.1274559589291995e-05,0.018414556603183283,39,30.0,5.0,1000.0,0,nofaults
2025-11-24T17:52:39.056780+00:00,29.9812631210544,4.972298380006294,999.9030199161131,0.4587966028702037,0.8519609520972662,4.564712107112732e-05,5.344723387889701e-05,0.016628781893694,32,30.0,5.0,1000.0,0,nofaults
2025-11-24T17:52:40.155496+00:00,30.022031725307976,4.981833582239265,1008.4139105995812,0.4621843701914657,0.8457001400215435,4.21907710931429e-05,2.243866680486495e-05,0.018109920324473762,35,30.0,5.0,1000.0,0,nofaults
2025-11-24T17:52:41.155504+00:00,29.98585287776898,4.925984540589008,999.6708664259455,0.4668614251687878,0.8494422385094731,4.5552437230436034e-05,3.1825129923530275e-05,0.016768233489311477,33,30.0,5.0,1000.0,0,nofaults
2025-11-24T17:52:42.255381+00:00,30.01575530493753,4.913724994860902,1008.98128974332,0.45703134914577,0.844260176703163,4.627257885288096e-05,5.185618875433073e-05,0.018111908241716598,36,30.0,5.0,1000.0,0,nofaults
2025-11-24T17:52:43.355967+00:00,29.999025668450745,4.8852432219572215,998.027951056885,0.4650318388946436,0.8468765595198668,5.933377892401526e-05,1.8377801758990623e-05,0.01860537185729948,35,30.0,5.0,1000.0,0,nofaults
2025-11-24T17:52:44.359608+00:00,29.978957178709713,4.901465449132798,1001.6346884676204,0.46120601485283147,0.847149757104867,2.370751913395099e-05,7.548743635324904e-05,0.016555762389199077,31,30.0,5.0,1000.0,0,nofaults
2025-11-24T17:52:45.456231+00:00,29.98648209420917,4.955828485240253,1004.10340375156,0.4633427677773689,0.8450132708034531,3.5491519416342405e-05,4.451211193993045e-05,0.018038321184051465,38,30.0,5.0,1000.0,0,nofaults
2025-11-24T17:52:46.555814+00:00,30.00111923024427,5.0152687069522806,983.9120629596069,0.46288326775604444,0.8531091029048781,1.833076223930877e-05,4.575922532511178e-05,0.018299962297032436,35,30.0,5.0,1000.0,0,nofaults
2025-11-24T17:52:47.655452+00:00,29.992755220932768,4.952113471383253,993.250060135264,0.46529032004130094,0.8509234194317364,7.939226295026322e-05,3.305925061875791e-05,0.01811102681976331,38,30.0,5.0,1000.0,0,nofaults
2025-11-24T17:52:48.756038+00:00,29.996929916237722,4.9422067677645805,996.8148339390572,0.4608943291983963,0.8510435364597921,7.255387035134344e-05,6.684248061199568e-05,0.018312362667771896,36,30.0,5.0,1000.0,0,nofaults
2025-11-24T17:52:49.857919+00:00,29.96767564592442,4.936015078002911,1000.5362923413962,0.46293834261547057,0.8510584614429976,4.4007980933216755e-05,7.054662023422102e-05,0.01835628404302003,36,30.0,5.0,1000.0,0,nofaults
2025-11-24T17:52:50.956017+00:00,30.019956073457443,4.9632585129542575,1004.0361396195971,0.46551303987556963,0.8487060159743751,3.909435604998134e-05,5.131007355539964e-05,0.018098476696142007,36,30.0,5.0,1000.0,0,nofaults
2025-11-24T17:52:51.956961+00:00,30.011147593278913,5.015887875928448,993.8250022240427,0.4637568233976748,0.852666307103425,2.1304186951150332e-05,2.305853416891421e-05,0.01670773523673606,34,30.0,5.0,1000.0,0,nofaults
2025-11-24T17:52:53.054743+00:00,29.98020407571355,5.031367100332622,991.2719124581864,0.4635826453377873,0.8541017937849127,8.540670064536337e-06,2.953054943513883e-05,0.01822679942062777,37,30.0,5.0,1000.0,0,nofaults
2025-11-24T17:52:54.155923+00:00,29.980211655316758,5.087092308187645,1000.9986288453205,0.4657456460975004,0.8508268384850802,4.870388604750526e-05,3.953689644752068e-05,0.017946008586460907,37,30.0,5.0,1000.0,0,nofaults
2025-11-24T17:52:55.258550+00:00,29.98439067356502,5.021460396713951,1006.7501828454864,0.4645661999138994,0.8497957560564461,1.6806390849488602e-05,1.2248956803671793e-05,0.01797317574298581,39,30.0,5.0,1000.0,0,nofaults
2025-11-24T17:52:56.355965+00:00,29.988569163598598,5.052418845522297,1000.4496443457331,0.4591207343612453,0.8499825553855573,3.0397123930231102e-05,3.260659044925769e-05,0.01820164973473923,38,30.0,5.0,1000.0,0,nofaults
2025-11-24T17:52:57.357822+00:00,29.969753809147097,5.036320452141956,993.3908409051895,0.4652017030694774,0.8538232027890599,3.676317243320227e-05,3.9988862095111976e-05,0.016836477420076656,35,30.0,5.0,1000.0,0,nofaults
2025-11-24T17:52:58.357615+00:00,29.98585466149594,5.071736917578706,998.8060634947578,0.46118954428005543,0.8505209434621221,1.9531517873472546e-05,5.397426429418587e-05,0.01652941372867531,32,30.0,5.0,1000.0,0,nofaults
2025-11-24T17:52:59.456161+00:00,29.994845011393867,5.10442903952032,991.3315365548547,0.4664534659493947,0.8533042791808675,4.9649251726348525e-05,2.8650150147595747e-05,0.018315733585803014,39,30.0,5.0,1000.0,0,nofaults
2025-11-24T17:53:00.456849+00:00,29.969757372524214,5.134396817966801,996.118282325906,0.46292084017542806,0.8555167599944251,2.8813330600952955e-05,6.531403943774969e-05,0.016452475386839006,35,30.0,5.0,1000.0,0,nofaults
2025-11-24T17:53:01.558264+00:00,29.98856971028039,5.1341491503763335,1000.6107714602036,0.4624454690603899,0.8530867242295418,7.143805289411753e-05,2.9539174359843698e-05,0.01815154384337268,38,30.0,5.0,1000.0,0,nofaults
2025-11-24T17:53:02.655584+00:00,29.98648370837925,5.007838679238276,999.9008076135165,0.46679625299343624,0.8552491974388587,6.927013218669321e-05,2.343279695303444e-05,0.018434327517765144,36,30.0,5.0,1000.0,0,nofaults
2025-11-24T17:53:03.755416+00:00,30.013661192771284,4.9162016707655685,1006.2833399139505,0.4584587093029779,0.8487796753611984,3.9071148990557304e-05,1.509372509726762e-05,0.018482425829608712,36,30.0,5.0,1000.0,0,nofaults
2025-11-24T17:53:04.755915+00:00,29.958267131681744,4.905551964375497,995.6775147520302,0.46453750338609145,0.8543101696169767,2.4685984262651212e-05,3.4993066749476045e-05,0.016591594705569306,32,30.0,5.0,1000.0,0,nofaults
2025-11-24T17:53:05.759965+00:00,30.001952546383443,4.901465449132796,1009.2947106672109,0.4607999081689149,0.8497497085453297,4.7431038025105654e-05,3.3120960976316366e-05,0.016297365946669858,32,30.0,5.0,1000.0,0,nofaults
2025-11-24T17:53:06.756184+00:00,29.972054351543374,4.885119388161988,999.5971421460129,0.47118236128724994,0.8511992571944249,4.541152153595723e-05,5.015704493020545e-05,0.01669220249120003,33,30.0,5.0,1000.0,0,nofaults
2025-11-24T17:53:07.855819+00:00,29.98857241903835,4.995455299714938,993.5953080771413,0.4625531641860935,0.8552765375107384,3.391622419023179e-05,0.00010975312950924986,0.018082145563871586,35,30.0,5.0,1000.0,0,nofaults
2025-11-24T17:53:08.855564+00:00,30.004257271105796,5.086720806801946,1006.5985468452311,0.45724383296551174,0.8491969611817509,5.5383108724731815e-05,4.782971900974163e-05,0.016438412110712786,34,30.0,5.0,1000.0,0,nofaults
2025-11-24T17:53:09.955733+00:00,29.984390682182262,5.046227155760628,998.7476280516216,0.468053781103403,0.8521058925373542,4.5606089101969655e-05,4.101186718923149e-05,0.01876372472671451,37,30.0,5.0,1000.0,0,nofaults
2025-11-24T17:53:11.058068+00:00,29.96348526811079,5.031367100332621,991.5173911050515,0.46554950376544985,0.8557879965966936,3.777002047603491e-05,2.7729587360803636e-05,0.018179216488478752,38,30.0,5.0,1000.0,0,nofaults
2025-11-24T17:53:12.058004+00:00,29.976668499389927,5.026785249908985,995.0483250729728,0.46057780176919694,0.8551569180829389,2.617763057415792e-05,5.709322140279007e-05,0.01645780609031021,35,30.0,5.0,1000.0,0,nofaults
2025-11-24T17:53:13.055224+00:00,29.974355497989183,5.089445150297079,1007.7237624112222,0.46420490172631945,0.8516413527147835,3.1890999741752255e-05,2.8800592617344586e-05,0.016929373715538973,33,30.0,5.0,1000.0,0,nofaults
2025-11-24T17:53:14.155563+00:00,29.992757407653013,5.111859067234325,1002.8536225430163,0.4657837288045467,0.8502270541061718,4.7056799527451676e-05,5.7124045903604584e-05,0.018630890837481973,36,30.0,5.0,1000.0,0,nofaults
2025-11-24T17:53:15.155892+00:00,29.976658436283504,5.126223787481397,1006.9121483943312,0.4653526670687073,0.8499993068600082,5.4258798141405196e-05,5.792520007596152e-05,0.01664614302533841,33,30.0,5.0,1000.0,0,nofaults
2025-11-24T17:53:16.255623+00:00,29.994845013854942,5.11062072928199,1005.8307223219686,0.46040692918275866,0.8487491382039297,8.100242425630167e-05,5.73843095609268e-05,0.018560609115195647,37,30.0,5.0,1000.0,0,nofaults
2025-11-24T17:53:17.356162+00:00,29.978119700304532,5.031367100332621,1003.9463638181438,0.4652459645174232,0.8499133971909789,5.5714604814884375e-05,8.280289060671709e-06,0.018138576471229437,37,30.0,5.0,1000.0,0,nofaults
2025-11-24T17:53:18.356268+00:00,30.031853139848568,4.958676662530623,1000.4346477685236,0.4636043464080418,0.8503686520232682,5.3997649868203784e-05,3.6463469661230174e-05,0.016436635086237033,33,30.0,5.0,1000.0,0,nofaults
2025-11-24T17:53:19.456510+00:00,29.98021327072779,4.885243221957221,997.1634266507007,0.4672863025575076,0.850891330152453,4.8140825484139225e-05,1.786733266291914e-05,0.01830846808559126,35,30.0,5.0,1000.0,0,nofaults
2025-11-24T17:53:20.556867+00:00,30.02411335374362,4.8827665460525544,1001.3971546107874,0.4562574381341307,0.8503681501287688,3.483198028386549e-05,5.0133199432315506e-05,0.0182705801382817,37,30.0,5.0,1000.0,0,nofaults
2025-11-24T17:53:21.557331+00:00,29.98355113539368,4.927346712336575,998.0621079748975,0.46515622826107794,0.8501727577773878,4.137690277075788e-05,4.407214771446351e-05,0.0167753054019694,32,30.0,5.0,1000.0,0,nofaults
2025-11-24T17:53:22.655948+00:00,30.003211740562474,4.975641892477597,997.3128273627633,0.4665568334450723,0.8513519936384896,2.9283885974308773e-05,0.0001066470596127121,0.018510513774903592,35,30.0,5.0,1000.0,0,nofaults
2025-11-24T17:53:23.756463+00:00,29.994843929122467,5.061087211188634,994.5189099087479,0.4614893717782527,0.8539684645967703,3.47292425641374e-05,1.5671945511797332e-05,0.01854335064385362,39,30.0,5.0,1000.0,0,nofaults
2025-11-24T17:53:24.857090+00:00,30.001111649400112,4.938491753907578,1008.3324646146866,0.4623474095852242,0.8490234909272868,9.784582938680568e-05,4.31048675534147e-05,0.018565070988388374,36,30.0,5.0,1000.0,0,nofaults
2025-11-24T17:53:25.957457+00:00,29.984389053229066,4.922393360527239,1011.2888667510131,0.4629081088567832,0.8454454389404017,2.7280415298514616e-05,6.47376393325845e-05,0.018298467809329925,35,30.0,5.0,1000.0,0,nofaults
2025-11-24T17:53:26.957551+00:00,30.004246540348355,5.004990501947909,1001.9426627995736,0.465687354687568,0.8488397067719186,3.956643781478449e-05,4.4456486367504786e-05,0.01704189437960944,32,30.0,5.0,1000.0,0,nofaults
2025-11-24T17:53:28.057305+00:00,30.00531184408862,5.018983720809282,995.0963586002609,0.4622240529224376,0.8500311933017115,1.694917752768349e-05,5.36902872899822e-05,0.01829852681504524,36,30.0,5.0,1000.0,0,nofaults
2025-11-24T17:53:29.057385+00:00,29.972058520321326,5.034958280394388,995.5852625583126,0.46673832341897625,0.8508849441382234,6.798029771438628e-05,2.41390235967997e-05,0.016891864868945134,32,30.0,5.0,1000.0,0,nofaults
2025-11-24T17:53:30.055782+00:00,29.99275631305708,5.002266158452773,1001.0980427446624,0.4637357006059669,0.851439261608949,2.8975531095642e-05,5.6784662360063556e-05,0.016949326571595636,33,30.0,5.0,1000.0,0,nofaults
2025-11-24T17:53:31.157207+00:00,29.986485343501105,5.087092308187646,1004.5783581064072,0.4650255342219044,0.8474722886203974,3.430954239433714e-05,6.459664127052048e-05,0.01821471485737634,37,30.0,5.0,1000.0,0,nofaults
2025-11-24T17:53:32.156628+00:00,29.995054488002882,5.108515554763022,999.9610277596366,0.4636892651910972,0.8472897242470004,5.186302020992812e-05,3.491694173262204e-05,0.016693429468509408,35,30.0,5.0,1000.0,0,nofaults
2025-11-24T17:53:33.160122+00:00,29.992750357844972,5.03495828039439,1006.4437971928994,0.45790423425989346,0.8474643325896833,4.495984474231841e-05,5.340204900614413e-05,0.016447892383617584,31,30.0,5.0,1000.0,0,nofaults
2025-11-24T17:53:34.257341+00:00,29.99484717840608,5.0462271557606275,999.2042467281342,0.46692784306190743,0.8483174420284839,5.522652165078647e-05,1.6928304573527567e-05,0.018473102383278442,35,30.0,5.0,1000.0,0,nofaults
2025-11-24T17:53:35.255799+00:00,29.985857039785838,4.9859200974819675,1002.6242170541257,0.46049055169935177,0.8469629626125817,4.144668615198155e-05,2.8888788707919096e-05,0.016405812768519056,34,30.0,5.0,1000.0,0,nofaults
2025-11-24T17:53:36.356501+00:00,29.97602883495526,4.958305161144922,995.468930997984,0.46543282494931265,0.8504019592633806,5.444504189282378e-05,3.297414658834433e-05,0.018783138363528257,38,30.0,5.0,1000.0,0,nofaults
2025-11-24T17:53:37.356854+00:00,30.004245944421918,4.951865803792785,997.2662711059081,0.46581980056657574,0.8507596135246643,1.208979101084313e-05,3.012378609090861e-05,0.016623581171998053,32,30.0,5.0,1000.0,0,nofaults
2025-11-24T17:53:38.356606+00:00,29.96515865790152,4.973660551753862,1000.1599968171525,0.46592572406320343,0.8485934264202658,4.592131291368897e-05,4.2389878802737656e-05,0.016640184654185167,33,30.0,5.0,1000.0,0,nofaults
2025-11-24T17:53:39.456715+00:00,29.982298727170033,4.933538402098244,992.186659791126,0.4620991731622031,0.8528725127809103,6.818337950811076e-05,4.6687438778652066e-05,0.01837993061564957,38,30.0,5.0,1000.0,0,nofaults
2025-11-24T17:53:40.458772+00:00,30.004253691476414,4.93007105583171,1009.1141551986018,0.4623582374610029,0.845092107009649,3.879072543702369e-05,4.4050118689782476e-05,0.016757219039617605,31,30.0,5.0,1000.0,0,nofaults
2025-11-24T17:53:41.455422+00:00,29.98354756660524,4.960038834278188,996.9138941370878,0.4677375934058679,0.8493336745378471,5.7638486934513835e-05,6.069192318211934e-05,0.017117611286798923,33,30.0,5.0,1000.0,0,nofaults
2025-11-24T17:53:42.557081+00:00,30.007389680226094,4.949636795478583,998.3815940683223,0.46344674996005003,0.8516996768823202,7.471828663926807e-05,7.99511074779932e-05,0.018431414593801796,36,30.0,5.0,1000.0,0,nofaults
2025-11-24T17:53:43.556678+00:00,30.008862582993032,4.950503632045217,999.6296778452345,0.46220844957825935,0.8501797312692976,3.3542653464992246e-05,2.8724799277075672e-05,0.016320723541681875,35,30.0,5.0,1000.0,0,nofaults
2025-11-24T17:53:44.556745+00:00,29.981252376718253,4.923260197093872,996.8488200407768,0.46545669707010084,0.8496712793400446,9.577200952772937e-05,3.706988143670867e-05,0.016529661272390642,31,30.0,5.0,1000.0,0,nofaults
2025-11-24T17:53:45.656729+00:00,30.003214454267603,4.8567614490535425,999.1801598170064,0.4635866342097095,0.8503102183935648,2.8174371718798495e-05,6.123521619652019e-05,0.018151427142602428,36,30.0,5.0,1000.0,0,nofaults
2025-11-24T17:53:46.756123+00:00,30.00529880378324,4.916201670765568,1003.8373800060875,0.4603106312883712,0.8480207796849815,5.33128261191734e-05,8.801607540525523e-05,0.017752415820339477,38,30.0,5.0,1000.0,0,nofaults
2025-11-24T17:53:47.756992+00:00,29.99275154292303,4.976384895248996,1002.6298359673176,0.4674513497483467,0.848513771827473,2.9959788343619845e-05,3.8931113431764114e-05,0.016847598134104656,33,30.0,5.0,1000.0,0,nofaults
2025-11-24T17:53:48.856032+00:00,29.992757415061252,4.962020175001922,1001.5702677950832,0.46606718489067595,0.8497821718492605,5.321991681957479e-05,5.9498852431611496e-05,0.018488038881633726,37,30.0,5.0,1000.0,0,nofaults
2025-11-24T17:53:49.957472+00:00,29.984397188146577,4.959543499097254,1004.1585762144988,0.4567379101557201,0.8455367745236302,4.311116497249437e-05,1.6703379738688905e-05,0.018023887126887742,34,30.0,5.0,1000.0,0,nofaults
2025-11-24T17:53:51.055935+00:00,30.013665535429606,4.910009981003899,1004.9135503967282,0.46221238154329786,0.8467835066983419,3.9498069152474586e-05,2.426580472014627e-05,0.01828217018303225,37,30.0,5.0,1000.0,0,nofaults
2025-11-24T17:53:52.156747+00:00,29.99275306130935,4.923631698479571,993.7187098971881,0.46929772505845047,0.8510895928823152,3.80669697589126e-05,3.7517444756501566e-05,0.018637754403229394,35,30.0,5.0,1000.0,0,nofaults
2025-11-24T17:53:53.257874+00:00,30.003203060199954,4.912486656908569,999.2928126142925,0.4636063022786317,0.8488475978227938,2.1047076810082868e-05,2.7952513767250707e-05,0.01825535670788805,38,30.0,5.0,1000.0,0,nofaults
2025-11-24T17:53:54.256694+00:00,29.99046290285684,4.887843731657122,991.0475581076549,0.4651984327984147,0.8515287010603663,4.028532421817688e-05,1.743838973777755e-05,0.01642819018922848,32,30.0,5.0,1000.0,0,nofaults
2025-11-24T17:53:55.256481+00:00,29.995047921954217,4.898741105637662,1006.5821485441469,0.4615354906130352,0.8465069128895204,3.6829584087440085e-05,6.055664229015234e-05,0.016411048664847848,36,30.0,5.0,1000.0,0,nofaults
2025-11-24T17:53:56.359197+00:00,29.992755779931034,4.8852432219572215,996.588311558378,0.46824292689124447,0.8512612485732588,7.127959525642715e-05,4.9812065846641606e-05,0.018984248760303784,37,30.0,5.0,1000.0,0,nofaults
2025-11-24T17:53:57.357875+00:00,30.00425011997774,4.905551964375499,996.166556888172,0.46007200321374064,0.852150055796205,3.773250181437415e-05,4.807018904590484e-05,0.016534566361152223,33,30.0,5.0,1000.0,0,nofaults
2025-11-24T17:53:58.458379+00:00,30.005295010284474,4.931061726193576,991.0535227429652,0.4624904992586773,0.8532078225658701,5.2287959128392644e-05,6.69000348695358e-05,0.01798438290675658,36,30.0,5.0,1000.0,0,nofaults
2025-11-24T17:53:59.455862+00:00,29.985861831617076,4.923260197093873,1005.2243059758446,0.4641957145492362,0.8480568300728919,5.694432252952857e-05,5.579204701640947e-05,0.01629597713529991,34,30.0,5.0,1000.0,0,nofaults
2025-11-24T17:54:00.455760+00:00,30.001953154512826,4.909638479618199,1005.0948913047145,0.4660203114166938,0.8491276741441002,3.699494993445659e-05,5.221901167153549e-05,0.016812007322303507,31,30.0,5.0,1000.0,0,nofaults
2025-11-24T17:54:01.556834+00:00,30.00112899044485,4.948398457526251,1012.984851424436,0.4636997217839326,0.8446044252289501,2.9859583598767663e-05,1.7083685292385798e-05,0.017881924261430055,38,30.0,5.0,1000.0,0,nofaults
2025-11-24T17:54:02.556404+00:00,29.983559477032486,4.973660551753861,999.445091034585,0.46662265122032764,0.8476796002331076,5.849738345212621e-06,3.6935140881539146e-05,0.016709256097396985,35,30.0,5.0,1000.0,0,nofaults
2025-11-24T17:54:03.656610+00:00,29.980213270722228,5.017745382856948,997.1739250880553,0.4622800325820633,0.8506694621865681,2.979425074431359e-05,2.0896106030677996e-05,0.018245495200620236,39,30.0,5.0,1000.0,0,nofaults
2025-11-24T17:54:04.656284+00:00,29.9697668802877,4.9573144907830535,1000.0319651629783,0.4683195010559363,0.8489234096687372,6.381591660301896e-05,3.657648041975684e-05,0.017040645649494746,34,30.0,5.0,1000.0,0,nofaults
2025-11-24T17:54:05.657370+00:00,29.97895480312396,4.89465459039496,995.0857294793574,0.4598291045125091,0.8507148031094515,3.753936352697137e-05,3.311222555166472e-05,0.016175048022069406,35,30.0,5.0,1000.0,0,nofaults
2025-11-24T17:54:06.757326+00:00,29.980218171155922,4.913724994860903,1002.3734450247026,0.45917350290334275,0.848911677809789,5.819376980581716e-05,2.948326623825079e-05,0.01824385256507208,34,30.0,5.0,1000.0,0,nofaults
2025-11-24T17:54:07.861053+00:00,29.98857295955844,4.846854745434871,998.5678415846011,0.47175168370952425,0.8486172537362372,6.535696535878093e-05,3.746557895702419e-05,0.01836268023652294,37,30.0,5.0,1000.0,0,nofaults
2025-11-24T17:54:08.857205+00:00,30.00885597895824,4.800664739812817,998.1020051821521,0.4577397796238095,0.8504941917401843,4.013870425509527e-05,3.280845373557926e-05,0.016328816426742367,31,30.0,5.0,1000.0,0,nofaults
2025-11-24T17:54:09.858025+00:00,30.00194897217147,4.78976736583228,999.7498980555778,0.4661799283099379,0.8472694708725891,7.571973800431289e-05,4.7697298053142416e-05,0.016451365577206282,35,30.0,5.0,1000.0,0,nofaults
2025-11-24T17:54:10.857164+00:00,29.974366789479625,4.795216052822548,988.8503364385454,0.470597157902621,0.8554076120290279,3.304154634128306e-05,6.298092330493741e-05,0.01706381852138631,34,30.0,5.0,1000.0,0,nofaults
2025-11-24T17:54:11.999086+00:00,29.996939666552375,4.797321227341516,1002.1770118310704,0.4576195113503504,0.8487928170279411,6.66639741768808e-05,8.610211121006776e-06,0.01770866464483541,38,30.0,5.0,1000.0,0,nofaults
2025-11-24T17:54:12.955186+00:00,29.985851094051178,4.759799587385797,1002.7080219438405,0.467920268749994,0.8493953356474121,6.75740427467406e-05,7.248949416554307e-05,0.016399591951272996,37,30.0,5.0,1000.0,0,nofaults
2025-11-24T17:54:13.956751+00:00,29.995052083961916,4.789767365832278,993.9817977455386,0.466463984424375,0.8539526424594781,1.1727544665127661e-05,7.909714498426895e-05,0.016555004055445615,32,30.0,5.0,1000.0,0,nofaults
2025-11-24T17:54:15.058208+00:00,29.98439446459994,4.845616407482537,995.9565489034601,0.46126382538724475,0.8529263110026991,3.941796922765062e-05,0.00010077097834719778,0.01836880996160073,37,30.0,5.0,1000.0,0,nofaults
2025-11-24T17:54:16.157164+00:00,29.994854228582778,4.975641892477595,996.1252913815262,0.46414778457246725,0.8518885860400466,3.3172030310334084e-05,6.967579981834659e-05,0.018601559821260334,35,30.0,5.0,1000.0,0,nofaults
2025-11-24T17:54:17.323562+00:00,29.971850338776594,5.044988817808294,1006.8131386479986,0.4649177658126614,0.8499674916439197,3.5914288859205126e-05,7.804877601126021e-05,0.018138916445391482,37,30.0,5.0,1000.0,0,nofaults
2025-11-24T17:54:18.357124+00:00,29.971857396328232,5.162630923280014,995.2726579309302,0.46707742715653905,0.8512109127852774,3.1176020759546576e-05,3.960311731875666e-05,0.018579085876111515,37,30.0,5.0,1000.0,0,nofaults
2025-11-24T17:54:19.456935+00:00,29.96766699265873,5.203496075707032,1004.8256353713365,0.4629990152878879,0.8527000061410589,3.330089776815975e-05,3.967318469397928e-05,0.018752912312598277,38,30.0,5.0,1000.0,0,nofaults
2025-11-24T17:54:20.497956+00:00,30.008857788436263,5.097618180782485,999.4788097221074,0.4614759352711285,0.8509662005407101,0.00010528389967761186,3.488617432033757e-05,0.01634765339534194,32,30.0,5.0,1000.0,0,nofaults
2025-11-24T17:54:21.456492+00:00,30.008853015588947,5.019974391171148,994.7653967489656,0.46499163711558966,0.8523063981519214,2.8392855935203433e-05,4.786286207079745e-05,0.016903810341484905,31,30.0,5.0,1000.0,0,nofaults
2025-11-24T17:54:22.557737+00:00,29.978115916658393,5.111859067234326,1007.2928675888201,0.46801461776614706,0.8497966325789467,1.4838498348259886e-05,6.843837632651055e-05,0.018282828334734623,36,30.0,5.0,1000.0,0,nofaults
2025-11-24T17:54:23.672265+00:00,29.996941295513896,5.114335743138993,996.1861918929819,0.4610185415648466,0.8504089916967792,4.08402406779034e-05,1.324998959635671e-05,0.018031877400820864,36,30.0,5.0,1000.0,0,nofaults
2025-11-24T17:54:24.657181+00:00,29.967458616552932,5.10987772651059,1008.6675502102204,0.4699025459678537,0.8496884803224033,8.516271781299942e-06,2.4239192702125036e-05,0.017064526637291556,33,30.0,5.0,1000.0,0,nofaults
2025-11-24T17:54:25.756291+00:00,29.990668156465496,5.095760673853982,995.2177845519805,0.461270626397183,0.8515526741763797,6.237885191957769e-05,1.4355560178361716e-05,0.017794647278555564,38,30.0,5.0,1000.0,0,nofaults
2025-11-24T17:54:26.756164+00:00,29.9996478270785,4.988644440977104,1003.6585415765154,0.4641945077964781,0.8481426495238059,7.314253526248635e-05,1.7899134466425e-05,0.016520199776839245,32,30.0,5.0,1000.0,0,nofaults
2025-11-24T17:54:27.856696+00:00,29.992749273972287,4.903818291242229,995.8772097487767,0.463352552786105,0.8538005373013694,3.128975537034741e-05,1.751719614628614e-05,0.0187001586361481,34,30.0,5.0,1000.0,0,nofaults
2025-11-24T17:54:28.857727+00:00,30.013452318001264,4.859238124958211,995.9110833908993,0.46257697157111666,0.8517654821506154,8.698149741983282e-05,3.8522696905690947e-05,0.01646331863649501,35,30.0,5.0,1000.0,0,nofaults
2025-11-24T17:54:30.021043+00:00,29.996930465383365,4.841901393625535,993.4974307740456,0.4674813170904685,0.8546451958983422,2.1583685630918874e-05,5.611904279815333e-05,0.018385748365028064,38,30.0,5.0,1000.0,0,nofaults
2025-11-24T17:54:30.956326+00:00,30.020352188579256,4.891930246899825,1001.925791812186,0.46116439369013057,0.8515130591921203,1.968607354855673e-05,4.646346279172873e-05,0.016503281313037448,33,30.0,5.0,1000.0,0,nofaults
2025-11-24T17:54:32.057288+00:00,30.007388046339656,4.8877198978618885,1001.3479229283475,0.46497646427217065,0.8527855588471998,4.90893210202295e-05,4.131378728039951e-05,0.018188974040875716,36,30.0,5.0,1000.0,0,nofaults
2025-11-24T17:54:33.155988+00:00,30.007390212116448,4.918678346670237,1003.011932291889,0.46496418638640474,0.8507317991512914,4.339498987024633e-05,3.681074208709451e-05,0.01839464515241246,40,30.0,5.0,1000.0,0,nofaults
2025-11-24T17:54:34.221050+00:00,29.969758560315576,4.8388055487447,1005.9833674617227,0.46394985968850566,0.8478039181662027,8.020540915314764e-05,3.534335791193667e-05,0.016748904114234714,33,30.0,5.0,1000.0,0,nofaults
2025-11-24T17:54:35.256522+00:00,30.00739349099406,4.82456466229286,1001.7895840939468,0.46285758020762574,0.8495154385977365,3.2613513166011117e-05,6.192956775125298e-05,0.018533929995505315,34,30.0,5.0,1000.0,0,nofaults
2025-11-24T17:54:36.256214+00:00,30.001951358592084,4.833356861754433,1000.5987445856323,0.4676241835068516,0.8520589574022459,8.42376028453359e-05,4.2082987515653703e-05,0.016720142344501313,32,30.0,5.0,1000.0,0,nofaults
2025-11-24T17:54:37.256374+00:00,29.992748565996457,4.81973514427876,1003.7226633202499,0.4643906895842985,0.8480256257693816,9.582914388303815e-05,8.36288248068505e-05,0.016990301469468044,32,30.0,5.0,1000.0,0,nofaults
2025-11-24T17:54:38.256700+00:00,29.99275512121639,4.841529892239834,1007.1418374348438,0.46089451498303297,0.848056346951995,3.39364486959577e-05,7.359859340861737e-05,0.016381082267442344,34,30.0,5.0,1000.0,0,nofaults
2025-11-24T17:54:39.357516+00:00,29.9990251303945,4.851808097244207,998.9000359624337,0.46314221167833425,0.8492967907266823,4.30652740454451e-05,4.117784000396832e-05,0.018194437534694265,36,30.0,5.0,1000.0,0,nofaults
2025-11-24T17:54:40.457741+00:00,29.9760277477617,4.864191476767545,1004.0099741690997,0.47138273989769086,0.8467295810517349,1.9293218262800797e-05,7.960195508380008e-05,0.018395910484901832,36,30.0,5.0,1000.0,0,nofaults
2025-11-24T17:54:41.558088+00:00,29.97602992215158,4.874098180386217,1007.2653046027451,0.46393448768811285,0.8465091042942394,7.335417879121411e-05,3.00348097918085e-05,0.018570306350417138,38,30.0,5.0,1000.0,0,nofaults
2025-11-24T17:54:42.556704+00:00,29.974357860045092,4.856513781463074,992.4366529557998,0.460400981973764,0.8507005645570265,3.895305624017192e-05,6.08974385473759e-05,0.016623293190003097,32,30.0,5.0,1000.0,0,nofaults
2025-11-24T17:54:43.556592+00:00,29.988153424225278,4.886481559909554,993.7057984678517,0.46350552997675526,0.8507815396867408,2.885519053172228e-05,1.552672232373184e-05,0.016440104551093838,34,30.0,5.0,1000.0,0,nofaults
2025-11-24T17:54:44.657888+00:00,29.999024573851752,4.89391158762356,997.6924476640816,0.4664715393603723,0.8491192436270016,2.8532042985763675e-05,6.303686147070904e-05,0.018435486679450108,36,30.0,5.0,1000.0,0,nofaults
2025-11-24T17:54:45.657544+00:00,29.981262498004167,4.94369277330738,1003.4730255057206,0.46726591407023277,0.8492870060305464,1.1880373953910565e-05,2.1748816433051938e-05,0.01680011713791306,36,30.0,5.0,1000.0,0,nofaults
2025-11-24T17:54:46.656392+00:00,30.00425011997774,4.920535853598737,999.9762498943486,0.4594907940568821,0.8501790734114589,4.090038683609532e-05,1.589490025835273e-05,0.016764197937285622,34,30.0,5.0,1000.0,0,nofaults
2025-11-24T17:54:47.755938+00:00,29.992759036606206,4.900103277385228,1001.7175755957353,0.46883696251306833,0.8484165439665255,6.049529897496917e-05,3.914605822500477e-05,0.018999237542365176,35,30.0,5.0,1000.0,0,nofaults
2025-11-24T17:54:48.756102+00:00,29.98127143022514,4.871497670686315,998.9655913200177,0.46259340061214527,0.8497800137248654,2.8378164169794057e-05,3.2443843597212215e-05,0.017003643885078273,31,30.0,5.0,1000.0,0,nofaults
2025-11-24T17:54:49.755654+00:00,29.997356226312075,4.911000651365767,1009.340510351862,0.46679772563990457,0.845014785800821,5.0634198584393284e-05,4.278205897573726e-05,0.016498937099818364,34,30.0,5.0,1000.0,0,nofaults
2025-11-24T17:54:50.856907+00:00,29.99066056823533,4.867906490624547,995.325507759603,0.464665636886779,0.8498362528397085,3.276975371656654e-05,2.9973403968585077e-05,0.018073391869668432,36,30.0,5.0,1000.0,0,nofaults
2025-11-24T17:54:51.856770+00:00,29.978958374625666,4.88920590340469,995.9936897416167,0.4638884749280751,0.8508512665233893,3.2019390262787404e-05,4.159934917997813e-05,0.016354330286740923,35,30.0,5.0,1000.0,0,nofaults
2025-11-24T17:54:52.959213+00:00,30.005305303588614,4.924870036431908,991.1574618285445,0.46528683739571536,0.8517789539662612,9.94323279058183e-06,8.928896245518843e-05,0.018617039575237276,36,30.0,5.0,1000.0,0,nofaults
2025-11-24T17:54:53.956222+00:00,29.97435490070685,4.99000661272467,996.9518492029199,0.4617157539739229,0.8507836432927064,6.881316097004232e-05,3.166261151598646e-05,0.01665760180403567,33,30.0,5.0,1000.0,0,nofaults
2025-11-24T17:54:54.955875+00:00,29.99735324667831,4.938244086317113,992.2414783107154,0.4680383367476665,0.8545570865237512,4.432488871715104e-05,3.5036485951233376e-05,0.0170225503551134,33,30.0,5.0,1000.0,0,nofaults
2025-11-24T17:54:56.056072+00:00,30.00320631194185,4.9211550225749034,1001.4353754668693,0.460045640808409,0.850906420702912,6.908563764148552e-05,2.5786734105069966e-05,0.01809571973469864,41,30.0,5.0,1000.0,0,nofaults
2025-11-24T17:54:57.057191+00:00,29.992760484563576,4.841529892239835,1001.8531531350382,0.46585118859500235,0.8523497059068574,7.712720542378258e-05,3.7782860277710774e-05,0.016787360078249342,34,30.0,5.0,1000.0,0,nofaults
2025-11-24T17:54:58.156841+00:00,29.999022413004035,4.860476462910544,996.7251780179736,0.4623368746651653,0.852482694277544,1.639456540266289e-05,7.517594238374076e-05,0.01823868217778272,38,30.0,5.0,1000.0,0,nofaults
2025-11-24T17:54:59.256428+00:00,30.011569236518106,4.895149925575892,1005.1094150557656,0.46405253237044336,0.8485736615870888,5.361979508069732e-05,4.6116078818948544e-05,0.017667882591384233,36,30.0,5.0,1000.0,0,nofaults
2025-11-24T17:55:00.258652+00:00,29.988155797103854,4.875584185929018,1009.0959636594729,0.4671653511697852,0.848270462496564,2.6653742676278735e-05,3.5297661461298255e-05,0.01646601846748548,34,30.0,5.0,1000.0,0,nofaults
2025-11-24T17:55:01.255848+00:00,29.988149252737095,4.923260197093873,1008.3338971428808,0.4648290577115273,0.8477494769426321,3.3817824629988675e-05,7.578418265049718e-05,0.016740472590524764,34,30.0,5.0,1000.0,0,nofaults
2025-11-24T17:55:02.256191+00:00,30.008853015588947,4.987282269229535,1000.8059485325333,0.4641521940909759,0.8466491257849784,6.345840691973943e-05,5.631407865246501e-05,0.01653988816150501,32,30.0,5.0,1000.0,0,nofaults
2025-11-24T17:55:03.358091+00:00,29.969755703309502,4.97688023042993,995.0448757230836,0.4665091853125169,0.85182683217145,7.441462033530231e-05,8.605177881579277e-05,0.01852097900802342,37,30.0,5.0,1000.0,0,nofaults
2025-11-24T17:55:04.456398+00:00,29.992748186770402,4.959543499097255,1003.0746554802167,0.4668532475771112,0.8478252148462975,6.97165284884853e-05,4.4372252723252476e-05,0.01844963845826811,38,30.0,5.0,1000.0,0,nofaults
2025-11-24T17:55:05.456562+00:00,29.97666318204066,4.949141460297649,995.8860516299499,0.46292034543653926,0.8511802805916708,3.318772694582535e-05,5.925341712958978e-05,0.01676322352571486,30,30.0,5.0,1000.0,0,nofaults
2025-11-24T17:55:06.456296+00:00,29.99275214020536,5.08399646330681,994.0762238609805,0.4659311148115558,0.8502983885615609,2.275304279753102e-05,0.0001014839002057122,0.016680324330242708,32,30.0,5.0,1000.0,0,nofaults
2025-11-24T17:55:07.556581+00:00,29.994842302630346,5.312469815512414,1002.437562404973,0.4636404577113628,0.850269415441478,2.6264332425294205e-05,0.00010304043595908146,0.01815391721328059,36,30.0,5.0,1000.0,0,nofaults
2025-11-24T17:55:08.657306+00:00,29.9885713244588,5.593572530692206,995.7686609350548,0.4617179851206065,0.8522744237654799,4.99208398095452e-05,3.6747415022434766e-05,0.01826841290448048,39,30.0,5.0,1000.0,0,nofaults
2025-11-24T17:55:09.757570+00:00,29.982309010627095,5.500697184267167,993.1269003138709,0.4672820901535293,0.8537334064202902,7.851493649009732e-05,8.954204749217902e-05,0.018582097304348753,35,30.0,5.0,1000.0,0,nofaults
2025-11-24T17:55:10.779659+00:00,29.9789607556258,5.515804907285638,1002.885533159137,0.46528523104951686,0.8494098443415803,4.003664964687827e-05,3.508652882287916e-05,0.01686545834070657,32,30.0,5.0,1000.0,0,nofaults
2025-11-24T17:55:11.858307+00:00,29.984393389720097,5.485837128839157,1000.6872143515207,0.467265246655456,0.8514093280741296,5.743734489295042e-05,4.62002805791124e-05,0.01890520322799973,41,30.0,5.0,1000.0,0,nofaults
2025-11-24T17:55:12.856519+00:00,29.999653810771775,5.443609804664574,1002.1476086032862,0.46346628696408754,0.8508413132126144,4.6034316482923134e-05,2.9520932766055186e-05,0.016406244241695272,35,30.0,5.0,1000.0,0,nofaults
2025-11-24T17:55:13.956828+00:00,29.984392843038304,5.4350652727934685,994.1608093073108,0.46621337990081657,0.8513178371784506,0.00011850728398707208,7.519085059788339e-05,0.01829640624895268,33,30.0,5.0,1000.0,0,nofaults
2025-11-24T17:55:14.957105+00:00,30.0019477789627,5.201143233597599,998.6959850886781,0.46224983180792334,0.8537412390121177,5.3180446554734334e-05,2.2836825337830973e-05,0.016642963760812774,35,30.0,5.0,1000.0,0,nofaults
2025-11-24T17:55:16.056691+00:00,29.98229819281028,5.0747089286643075,1009.0532758423375,0.46738104446321943,0.8492883140970487,5.723286304309796e-05,5.500417093056795e-05,0.01871109731646603,35,30.0,5.0,1000.0,0,nofaults
2025-11-24T17:55:17.057014+00:00,30.0065566514832,5.150742878937608,995.5659453786615,0.46564621936886635,0.851127719585634,4.583371408837715e-05,7.169279527777388e-05,0.016813588448370432,33,30.0,5.0,1000.0,0,nofaults
2025-11-24T17:55:18.157105+00:00,29.982306288317208,5.182444330517356,1000.7285792829233,0.4684617852201278,0.8504578121377016,4.202095359577676e-05,2.887050872398327e-05,0.018604958031543495,39,30.0,5.0,1000.0,0,nofaults
2025-11-24T17:55:19.156507+00:00,29.985854057435734,5.119412928743561,1004.5920121305401,0.45929392915307404,0.8510716641074266,5.2051003011392005e-05,3.061882688049715e-05,0.016274378987349982,35,30.0,5.0,1000.0,0,nofaults
2025-11-24T17:55:20.256680+00:00,29.988566995359324,5.040035465998958,997.4258994514909,0.46402657728554997,0.852024395145806,4.746823873953541e-05,6.243494262757332e-05,0.018673509296893168,40,30.0,5.0,1000.0,0,nofaults
2025-11-24T17:55:21.358025+00:00,29.984399384769528,5.0487038316652955,1006.8881779810006,0.4673942439099839,0.8460384522968085,6.927930095490528e-05,3.5710390781015046e-05,0.018305776527214577,38,30.0,5.0,1000.0,0,nofaults
2025-11-24T17:55:22.357838+00:00,30.02265810923288,5.0730990893262735,1003.3992699759835,0.459315870895414,0.8474922411299225,2.5909089355669984e-05,6.058513618835207e-05,0.01675417687404895,32,30.0,5.0,1000.0,0,nofaults
2025-11-24T17:55:23.457519+00:00,29.999034884418162,5.1007140256633186,990.0284836861919,0.4647675842919037,0.8543087261869651,4.141053112629557e-05,4.3118508560884136e-05,0.018516173265053153,36,30.0,5.0,1000.0,0,nofaults
2025-11-24T17:55:24.557422+00:00,30.003208485121316,5.095760673853984,1006.3305359019345,0.4646292824856419,0.8479597322551654,6.775033400959054e-05,5.219380182956273e-05,0.018032378072013525,40,30.0,5.0,1000.0,0,nofaults
2025-11-24T17:55:25.728054+00:00,29.978125121528034,5.095760673853983,1007.3740381571952,0.4697252925031216,0.8469820329255948,5.166774362426889e-05,5.58573236637981e-05,0.018623268149183008,39,30.0,5.0,1000.0,0,nofaults
2025-11-24T17:55:26.756778+00:00,30.028302135851483,5.0957606738539845,999.2226209418084,0.46061545122974823,0.8493704609809879,5.8132370596800736e-05,5.188152461154771e-05,0.01776273620981863,38,30.0,5.0,1000.0,0,nofaults
2025-11-24T17:55:27.761499+00:00,29.98585526147936,5.049942169617628,1003.0069310522483,0.4640146437740911,0.8479300264753432,3.4124495171384264e-05,4.436046725535607e-05,0.016796393725806425,33,30.0,5.0,1000.0,0,nofaults
2025-11-24T17:55:28.757612+00:00,30.0042483389824,5.056753028355467,1005.6006399009082,0.46812808561994945,0.8460726834453034,8.31221349811928e-05,4.2362496831662906e-05,0.016880686088702437,34,30.0,5.0,1000.0,0,nofaults
2025-11-24T17:55:29.757419+00:00,29.976654253957427,4.992730956219803,999.1159017066727,0.4654995745539267,0.8474046474879884,3.302038891305262e-05,3.29368021891881e-05,0.01720121180441778,34,30.0,5.0,1000.0,0,nofaults
2025-11-24T17:55:30.861734+00:00,30.01157412831789,4.9682118647635924,998.0186679314698,0.46331112216418374,0.8495805053900494,3.1931897131540913e-05,1.1726111512125921e-05,0.0181233443428076,35,30.0,5.0,1000.0,0,nofaults
2025-11-24T17:55:31.956941+00:00,29.99275793707952,4.973165216572929,995.7958638887219,0.46497966146967684,0.8494072262853407,4.633240379868933e-05,5.8263091802238006e-05,0.018477057813445406,34,30.0,5.0,1000.0,0,nofaults
2025-11-24T17:55:32.957102+00:00,30.02265094182504,4.969574036511157,1000.2444806230305,0.4651745410725886,0.8483447543566316,1.5223963137003775e-05,1.9756732135065537e-05,0.01691675855735604,34,30.0,5.0,1000.0,0,nofaults
2025-11-24T17:55:33.957806+00:00,30.0019549219692,4.95867666253062,997.0516613678546,0.4634897080329172,0.8501513781590265,5.3309173629652384e-05,2.7131999389975803e-05,0.016598606256889727,33,30.0,5.0,1000.0,0,nofaults
2025-11-24T17:55:35.057202+00:00,30.005295550804565,4.886481559909556,1016.9666441223867,0.46455254112974576,0.84354246302833,0.00011106959437035213,3.012294688366533e-05,0.018414844432541884,35,30.0,5.0,1000.0,0,nofaults
2025-11-24T17:55:36.157451+00:00,30.013658472914184,4.827041338197529,997.2846098185132,0.46319296242682406,0.8465409200354341,1.5721148627246013e-05,2.966977900835665e-05,0.018457539562988047,37,30.0,5.0,1000.0,0,nofaults
2025-11-24T17:55:37.257058+00:00,29.99902403456567,4.853046435196541,1001.4980216740954,0.46366329785929744,0.8469714003760683,4.2107071606852773e-05,5.348951215049506e-05,0.018238548505556812,37,30.0,5.0,1000.0,0,nofaults
2025-11-24T17:55:38.257207+00:00,30.020346207606927,4.870135498938747,990.6905679883299,0.466378245527472,0.8504636424931615,3.256425006290582e-05,4.587796427713161e-05,0.01713066980768588,32,30.0,5.0,1000.0,0,nofaults
2025-11-24T17:55:39.356831+00:00,29.992750342701527,4.892673249671225,1003.4395317641804,0.4649074211262337,0.8479369897672019,1.2894129903068912e-05,6.648664350338418e-05,0.018361925395235505,36,30.0,5.0,1000.0,0,nofaults
2025-11-24T17:55:40.370970+00:00,30.01114818513771,4.996817471462505,1003.843817273538,0.46783314003875276,0.8452020060622193,5.049383131822883e-06,5.8550449544609234e-05,0.016877353151574803,36,30.0,5.0,1000.0,0,nofaults
2025-11-24T17:55:41.456681+00:00,30.00738859549085,5.0301287623802855,1002.793712172922,0.46121524351966764,0.8455359896152829,5.3379622603961786e-05,6.943679742845222e-06,0.01827673287493543,35,30.0,5.0,1000.0,0,nofaults
2025-11-24T17:55:42.558686+00:00,30.026202042219722,5.006600341285942,1000.7705368518007,0.4616549623025188,0.8461977019306705,3.0801430204874436e-05,5.981773073026157e-05,0.018205323581943277,35,30.0,5.0,1000.0,0,nofaults
2025-11-24T17:55:43.556269+00:00,29.990450997825697,5.064926058840871,995.1927188453608,0.4649305219389966,0.8490428071665044,5.468565474822424e-06,3.178740225332524e-05,0.016632794393847322,33,30.0,5.0,1000.0,0,nofaults
2025-11-24T17:55:44.655883+00:00,30.013659019595977,5.111859067234325,1000.3198886244685,0.4663196671835809,0.8467448222759458,2.309060439669848e-05,2.050464309368355e-05,0.01829558712343163,37,30.0,5.0,1000.0,0,nofaults
2025-11-24T17:55:45.656944+00:00,29.988154021507608,5.119412928743561,1000.313391467819,0.4661695287510904,0.847114020927013,7.252085469979217e-05,2.7153711423620097e-05,0.01665247587534332,32,30.0,5.0,1000.0,0,nofaults
2025-11-24T17:55:46.756805+00:00,29.990658940518923,4.9867869340486015,992.7885376022791,0.46386607155455767,0.8476831882595828,5.7965677841092885e-05,3.0307323192687168e-05,0.018208572990834785,36,30.0,5.0,1000.0,0,nofaults
2025-11-24T17:55:47.825155+00:00,29.981261870963998,4.9382440863171135,999.5420118848631,0.4640742259948891,0.8503418507442804,7.621032532476168e-05,4.7733821969943375e-05,0.0169710038205216,34,30.0,5.0,1000.0,0,nofaults
2025-11-24T17:55:48.757567+00:00,29.995062224228644,4.875584185929017,999.0136907473401,0.46600076626223413,0.8485264790239165,6.128143306151477e-05,4.6935640062943744e-05,0.016592499308695437,33,30.0,5.0,1000.0,0,nofaults
2025-11-24T17:55:49.857356+00:00,30.013663907697904,4.867906490624546,996.4572013672458,0.46102009942388256,0.8516081272298526,6.219840260018461e-05,4.3402309674519327e-05,0.018406632505862174,35,30.0,5.0,1000.0,0,nofaults
2025-11-24T17:55:50.857590+00:00,29.999657957858624,4.863324640200911,999.4526671024978,0.4670253820034014,0.8458972472998278,2.168005367377395e-05,5.170311916144502e-05,0.01696720129515956,35,30.0,5.0,1000.0,0,nofaults
2025-11-24T17:55:51.957142+00:00,29.992746019763754,4.850569759291872,997.0895026342249,0.4659584640217911,0.8510560729506608,7.598399363425984e-05,4.529492539037358e-05,0.018330094483669377,37,30.0,5.0,1000.0,0,nofaults
2025-11-24T19:20:36.764118+00:00,29.999021868786087,5.0932839979493165,1003.6863102879905,0.4608595343447839,0.8461336394555754,1.9799876314786724e-05,3.355616294011602e-05,0.018396135131029886,39,30.0,5.0,1000.0,0,nofaults
2025-11-24T19:20:37.765245+00:00,30.006566797207142,5.077185604568976,998.7427745768807,0.46286625554072824,0.8480982741645059,4.589199787421044e-05,2.350042769461816e-05,0.016753013422292934,33,30.0,5.0,1000.0,0,nofaults
2025-11-24T19:20:38.817337+00:00,29.992757521175967,5.060839543598167,1000.9442753518458,0.46212789197688897,0.8489550424273842,3.164587781576911e-05,2.7312483930408074e-05,0.01669226970848109,33,30.0,5.0,1000.0,0,nofaults
2025-11-24T19:20:39.942475+00:00,30.00947512189634,4.997931975619607,982.1558020198918,0.4583780804495362,0.8559262739878449,6.213497005711298e-05,4.3560978333669505e-05,0.017593289526080247,36,30.0,5.0,1000.0,0,nofaults
2025-11-24T19:20:40.963402+00:00,30.00320251598201,4.991740285857936,1004.747297307294,0.46285787936453243,0.8486626311312712,5.986829109472025e-05,5.839615157441176e-05,0.018393344987665965,38,30.0,5.0,1000.0,0,nofaults
2025-11-24T19:20:41.973730+00:00,29.990458148965946,4.998179643210072,994.0650546076098,0.4633751431824581,0.8526128561524271,4.602176376596554e-05,4.103432463455073e-05,0.01658567711995433,36,30.0,5.0,1000.0,0,nofaults
2025-11-24T19:20:42.966447+00:00,30.00424892541156,4.951865803792786,994.827759957054,0.4605794033105647,0.8517772379646658,4.5729831934956324e-05,1.7119643884370548e-05,0.01630015151625999,32,30.0,5.0,1000.0,0,nofaults
2025-11-24T19:20:44.066287+00:00,29.982306863320158,4.903818291242231,1000.6129722774054,0.46247788202661066,0.853200232446977,3.420452605265013e-05,2.9297563197611917e-05,0.017745029602654165,36,30.0,5.0,1000.0,0,nofaults
2025-11-24T19:20:45.165926+00:00,29.973939042044137,4.875336518338551,1000.1451898410166,0.46811069032670216,0.8520949803109115,8.054391006719099e-05,2.9196021883377332e-05,0.018150135152750532,36,30.0,5.0,1000.0,0,nofaults
2025-11-24T19:20:46.165034+00:00,29.98815521607379,4.821097316026327,1001.5914745976258,0.4552955590978181,0.8502234962820163,4.800542983123944e-05,3.625529160006228e-05,0.01620754816255469,34,30.0,5.0,1000.0,0,nofaults
2025-11-24T19:20:47.273785+00:00,29.98230142731354,4.841901393625535,995.550642900978,0.4668305927226301,0.8543522668065292,3.980820023176377e-05,7.05103913609605e-05,0.01803337967041408,35,30.0,5.0,1000.0,0,nofaults
2025-11-24T19:20:48.400900+00:00,29.9864761324739,4.84685474543487,1001.0695579738457,0.4592404308327334,0.8496052196011,6.257052519025713e-05,5.310875875183094e-05,0.018505287709569135,37,30.0,5.0,1000.0,0,nofaults
2025-11-24T19:20:49.468508+00:00,30.007396186187634,4.819611310483527,1000.011514945973,0.46497270624461273,0.8523947232613032,6.587892918153921e-05,3.105071488859568e-05,0.01851740543451665,36,30.0,5.0,1000.0,0,nofaults
2025-11-24T19:20:50.465848+00:00,29.972074507597256,4.79930256806525,1006.2641347096336,0.45705061326976326,0.8497096713988036,3.0677252224004755e-05,6.285398112604799e-05,0.0170064139593643,32,30.0,5.0,1000.0,0,nofaults
2025-11-24T19:20:51.564597+00:00,30.005295552035783,4.838186379768534,995.6159506249359,0.461869503126756,0.8537375562501969,4.632909942271079e-05,4.3155341074664594e-05,0.01843344747919265,37,30.0,5.0,1000.0,0,nofaults
2025-11-24T19:20:52.665690+00:00,29.9718476484691,4.83075635205453,1005.52693305137,0.4683076726501195,0.8462869776839242,3.369366197940234e-05,3.4881424056931924e-05,0.018908576255442802,37,30.0,5.0,1000.0,0,nofaults
2025-11-24T19:20:53.819641+00:00,30.011575215525344,4.864191476767545,1014.7635263023661,0.4531558588282137,0.8459778253815181,1.7707547380201504e-05,6.456429802830089e-05,0.018579590228227204,35,30.0,5.0,1000.0,0,nofaults
2025-11-24T19:20:54.867300+00:00,30.0011235667242,4.912486656908567,995.9330819474486,0.46950310639747495,0.8509108063401082,8.309657021211733e-05,5.706950368093665e-05,0.01913769931276548,39,30.0,5.0,1000.0,0,nofaults
2025-11-24T19:20:55.916106+00:00,30.022653928244324,4.875584185929018,988.6491189711032,0.4566046801821965,0.853551717328646,2.9575296522888712e-05,2.8678610150678814e-05,0.017003962856192278,33,30.0,5.0,1000.0,0,nofaults
2025-11-24T19:20:56.984654+00:00,30.00529936157253,4.86542981471988,990.4318520042306,0.46398918292893215,0.8549822244255253,6.425058378313921e-05,4.029089801375652e-05,0.018522141550384237,37,30.0,5.0,1000.0,0,nofaults
2025-11-24T19:20:58.070743+00:00,29.980207871673393,4.8369480418162,1005.6340499831239,0.46480611001849165,0.8515486738095749,3.7186173004460976e-05,5.7261565633266116e-05,0.018444733454763676,36,30.0,5.0,1000.0,0,nofaults
2025-11-24T19:20:59.163112+00:00,30.02412261660919,4.8518080972442075,1008.1670696625578,0.45910548409959806,0.846629976505212,3.3275707904280065e-05,5.93905562492528e-05,0.01843085548712045,35,30.0,5.0,1000.0,0,nofaults
2025-11-24T19:21:00.277525+00:00,30.001113818873396,4.936015078002912,993.5074026297342,0.4609035228989026,0.8521376638783266,3.847271759882244e-05,5.067297534905379e-05,0.018881613411968128,35,30.0,5.0,1000.0,0,nofaults
2025-11-24T19:21:01.364270+00:00,30.009476201695552,4.94839845752625,994.0167307949006,0.4627637135026104,0.8539222060064382,1.6539321040797223e-05,9.810645901524505e-06,0.018378171477294477,37,30.0,5.0,1000.0,0,nofaults
2025-11-24T19:21:02.390226+00:00,29.997357397845047,4.89874110563766,1004.3762837900982,0.46677472125191377,0.8507577509118814,4.985873856813491e-05,1.971000642134214e-05,0.016731592730634532,36,30.0,5.0,1000.0,0,nofaults
2025-11-24T19:21:03.371581+00:00,30.024949700500468,4.866048983696046,1001.8147607574125,0.45412495548537307,0.8519110216477828,4.7844764520805913e-05,3.892367299938195e-05,0.016233398770218063,36,30.0,5.0,1000.0,0,nofaults
2025-11-24T19:21:04.464014+00:00,30.001113272194377,4.874098180386216,996.4090311257441,0.4630012248420288,0.8502105466775077,6.324134112711748e-06,4.49913945406533e-05,0.018518167591445672,34,30.0,5.0,1000.0,0,nofaults
2025-11-24T19:21:05.569769+00:00,29.992755254210746,4.958305161144922,993.2347389356725,0.46220920872775095,0.8549615984625561,1.9643747342891556e-05,6.0398693010111665e-05,0.018452189867519016,38,30.0,5.0,1000.0,0,nofaults
2025-11-24T19:21:06.568016+00:00,30.01575583869222,4.981833582239265,993.6595404641852,0.46145953070906626,0.8547849676135856,6.271041549048882e-05,3.0516999960826474e-05,0.016594108598246872,32,30.0,5.0,1000.0,0,nofaults
2025-11-24T19:21:07.664300+00:00,29.994846660080103,4.896388263528227,1003.3158231749654,0.4642690757175181,0.8523053977169167,2.9564163298584273e-05,3.943273159879079e-06,0.018304777706678717,35,30.0,5.0,1000.0,0,nofaults
2025-11-24T19:21:08.772672+00:00,29.98439608123942,4.896388263528227,996.4602987694692,0.46248233539839523,0.853670831992909,2.5810226266546876e-05,2.6483799317838972e-05,0.018087611300203744,36,30.0,5.0,1000.0,0,nofaults
2025-11-24T19:21:09.954543+00:00,30.005295002892918,4.908771643051566,1003.4919332455758,0.45860527627770237,0.8519875304712077,2.143734860998447e-05,3.9705869896659636e-05,0.018014136211266837,36,30.0,5.0,1000.0,0,nofaults
2025-11-24T19:21:10.964771+00:00,30.01805282719186,4.972298380006293,1001.6660130608336,0.45903616502712224,0.8542163234438848,3.70763887290028e-05,5.668201003272123e-05,0.016239630262504988,33,30.0,5.0,1000.0,0,nofaults
2025-11-24T19:21:11.976504+00:00,30.00948270272106,4.974403554525261,1008.9790886298956,0.4637800746968971,0.8488660121798678,5.512103222125281e-05,5.962506645822662e-05,0.01858856974280469,36,30.0,5.0,1000.0,0,nofaults
2025-11-24T19:21:12.962166+00:00,29.992747372787687,5.024060906413851,1002.1495045153355,0.46335849583938254,0.8515332974248235,4.138849507989108e-05,6.352289604168309e-05,0.017047218679582924,31,30.0,5.0,1000.0,0,nofaults
2025-11-24T19:21:14.063829+00:00,30.032478441623116,5.0152687069522806,997.8726755065844,0.459815072174828,0.8515264439972889,5.9941962611233794e-05,5.241186439686041e-05,0.01819360498842832,37,30.0,5.0,1000.0,0,nofaults
2025-11-24T19:21:15.165005+00:00,30.008859626469103,4.951865803792786,1000.1355383088172,0.4663166726891431,0.851806860635234,4.859771097889248e-05,1.857392522367645e-05,0.017286911266750225,34,30.0,5.0,1000.0,0,nofaults
2025-11-24T19:21:16.069519+00:00,30.004261452118772,4.906914136123066,996.6532642769378,0.453529103923161,0.8522884591714901,3.39407916846781e-05,9.983052711772277e-06,0.016518616781843243,32,30.0,5.0,1000.0,0,nofaults
2025-11-24T19:21:17.168318+00:00,30.017852686128755,4.877813194243218,998.4355677119827,0.47090917469494614,0.8531597518977695,6.358852769286956e-05,4.374096551230881e-05,0.018287975996092967,40,30.0,5.0,1000.0,0,nofaults
2025-11-24T19:21:18.264202+00:00,30.011575744968503,4.877813194243219,1004.1840721059001,0.4572066775443163,0.8504024649021542,1.890145381168675e-05,3.6059402014774085e-05,0.017828452588481532,36,30.0,5.0,1000.0,0,nofaults
2025-11-24T19:21:19.265130+00:00,30.02955858388027,4.890568075152256,1008.7450261221114,0.460859388090513,0.8470183696562726,4.530360001720522e-05,3.510664453106261e-05,0.01672014946583494,35,30.0,5.0,1000.0,0,nofaults
2025-11-24T19:21:20.400666+00:00,30.03038921387205,4.850569759291874,1013.5994746621699,0.45973101575258357,0.8459446775691005,4.571793581712426e-05,7.6226173784362455e-06,0.018895149806079755,36,30.0,5.0,1000.0,0,nofaults
2025-11-24T19:21:21.499616+00:00,29.9864772147453,4.801036241198516,998.8673746505443,0.46433999275343896,0.8480504018056249,5.130220914533253e-05,2.4763455338875003e-05,0.018450837349456302,36,30.0,5.0,1000.0,0,nofaults
2025-11-24T19:21:22.710418+00:00,29.997350858895697,4.7788699918517406,998.4065483601942,0.46303179395643956,0.8493794831532521,7.216108645468231e-05,3.851286915914062e-05,0.01644321751519995,32,30.0,5.0,1000.0,0,nofaults
2025-11-24T19:21:23.806804+00:00,29.99694185327817,4.73168931586782,992.2286647442055,0.4554766677158607,0.8517277664481804,4.008834690763867e-05,4.8126421998023114e-05,0.01790041677281406,38,30.0,5.0,1000.0,0,nofaults
2025-11-24T19:21:24.812462+00:00,30.00111598341897,4.761409426723834,995.8197230537572,0.463891510875386,0.8520558462329607,8.061330079298712e-06,4.052017041678009e-05,0.018557665671278527,33,30.0,5.0,1000.0,0,nofaults
2025-11-24T19:21:25.851867+00:00,30.00320414000472,4.766362778533168,1006.8758035189152,0.4627482508664189,0.846961541321182,8.400449612112497e-05,6.937230295163611e-05,0.018029254655418187,39,30.0,5.0,1000.0,0,nofaults
2025-11-24T19:21:27.178587+00:00,30.001948380312673,4.781594335346875,997.7662414965195,0.46171397940295994,0.8510699193778366,3.821558458742194e-05,4.140714419084847e-05,0.016740543846602257,33,30.0,5.0,1000.0,0,nofaults
2025-11-24T19:21:29.051554+00:00,30.030389761792023,4.815896296626525,990.9212861401414,0.4565009462842914,0.8537776247589814,1.7378494025340908e-05,5.779537992700819e-05,0.018159400207428015,34,30.0,5.0,1000.0,0,nofaults
2025-11-24T19:21:29.209174+00:00,30.00947512189634,4.839424717720868,1008.8232041782262,0.46569278761852567,0.8465359102311186,5.857695752359186e-05,7.451467179009165e-05,0.018471567831930873,40,30.0,5.0,1000.0,0,nofaults
2025-11-24T19:21:30.616798+00:00,30.026207468365385,4.8827665460525544,996.0736928562236,0.45978034989485916,0.8526084660939751,2.8375233530643796e-05,6.072103325491779e-05,0.018070970095058755,38,30.0,5.0,1000.0,0,nofaults
2025-11-24T19:21:31.235705+00:00,30.013659562579914,4.96449685090659,1002.6571185522024,0.4612269410857998,0.8484459450337372,2.0293770007810406e-05,6.230091736120489e-05,0.018635712171279815,37,30.0,5.0,1000.0,0,nofaults
2025-11-24T19:21:32.262076+00:00,29.999021322109858,4.950875133430919,1005.7120255707915,0.46382859423796885,0.8476122018948026,4.107630228950783e-05,2.427587406133865e-05,0.018018551055806412,36,30.0,5.0,1000.0,0,nofaults
2025-11-24T19:21:33.446902+00:00,29.98585406826752,4.988644440977101,995.1758479980512,0.46565563754383266,0.8515042416248072,1.0411981727632678e-05,6.358933972123074e-05,0.016688696994049828,31,30.0,5.0,1000.0,0,nofaults
2025-11-24T19:21:34.462131+00:00,29.976030455288438,5.08213895637831,1003.7742623493706,0.4582025262494474,0.8470121642677491,3.3826526211629986e-05,2.7213028935198698e-05,0.018061626605250826,34,30.0,5.0,1000.0,0,nofaults
2025-11-24T19:21:35.666052+00:00,30.006550071861938,5.036320452141956,1000.8008659882674,0.4638509822787812,0.8492543553479697,2.8119769369910882e-05,2.433240903967846e-05,0.01669568241645845,32,30.0,5.0,1000.0,0,nofaults
2025-11-24T19:21:36.890567+00:00,29.994842291553415,5.110620729281991,1003.8939621209315,0.4597435632106897,0.848813182227445,3.504657874457015e-05,7.790731235752756e-05,0.0180295118599311,37,30.0,5.0,1000.0,0,nofaults
2025-11-24T19:21:37.547668+00:00,29.992751549699403,5.227024496801375,1003.6782682390627,0.46194937196946945,0.8492160762713388,2.8762463741355745e-05,6.492057709907582e-05,0.016505019143647656,32,30.0,5.0,1000.0,0,nofaults
2025-11-24T19:21:38.564097+00:00,30.001120873980575,5.311231477560079,1001.2008783809944,0.4595535035014926,0.8445537382515119,5.27082132945335e-05,6.80124243622707e-05,0.018455613566808703,37,30.0,5.0,1000.0,0,nofaults
2025-11-24T19:21:39.954245+00:00,30.001951358592084,5.322376519131084,1005.7822129800873,0.4616637856318125,0.8463635195298969,5.816478029227022e-05,3.278653100932431e-05,0.016417849253724724,33,30.0,5.0,1000.0,0,nofaults
2025-11-24T19:21:40.728085+00:00,29.98439068341489,5.433826934841135,988.5935448614941,0.4675747831007163,0.8526647727093493,6.601123588920729e-05,9.596984084742045e-05,0.01819938506732971,36,30.0,5.0,1000.0,0,nofaults
2025-11-24T19:21:41.786843+00:00,30.015749345663334,5.422681893270131,994.0322643812851,0.45481096399963045,0.8500431385723495,3.128006277270391e-05,3.082755347849002e-05,0.017643409288858703,37,30.0,5.0,1000.0,0,nofaults
2025-11-24T19:21:43.179050+00:00,29.971859514127036,5.40658349988979,1003.9893487609585,0.46692138961484736,0.8474617170484223,5.328041269484582e-05,6.146288007978859e-05,0.01820142885268911,37,30.0,5.0,1000.0,0,nofaults
2025-11-24T19:21:43.961608+00:00,29.997348471120745,5.480388441848889,996.8217534018382,0.4595006358487628,0.8516188429144,2.8519588727739173e-05,1.8559621598670292e-05,0.016736306875699335,32,30.0,5.0,1000.0,0,nofaults
2025-11-24T19:21:44.993894+00:00,29.992750955127303,5.507631876800235,1000.9788306405459,0.46552299355493,0.8496544197988326,5.327382095197242e-05,8.438687557146712e-05,0.016886755735696764,35,30.0,5.0,1000.0,0,nofaults
2025-11-24T19:21:46.048170+00:00,29.986486415914314,5.3285682088927535,997.2781780821811,0.46328681199468824,0.8513174956486996,9.40861483556185e-05,6.132407583632709e-06,0.018398792931616868,37,30.0,5.0,1000.0,0,nofaults
2025-11-24T19:21:47.113700+00:00,29.97393688733735,5.079662280473642,1002.9903083945086,0.4626568029420941,0.8471133466431311,0.00010148046023415157,3.0582428412729716e-05,0.018277618622592764,36,30.0,5.0,1000.0,0,nofaults
2025-11-24T19:21:48.065069+00:00,30.00654947864573,4.977747066996565,998.8460194262119,0.45926067289538375,0.8504414238722736,2.6465582162027852e-05,7.435806854290083e-06,0.016860368831909445,34,30.0,5.0,1000.0,0,nofaults
2025-11-24T19:21:49.267558+00:00,30.00111870820099,4.874098180386217,998.7766175168098,0.46177697621559766,0.8493613710766759,0.00012379381912344122,7.925710689157651e-05,0.01819586924768607,38,30.0,5.0,1000.0,0,nofaults
2025-11-24T19:21:50.294025+00:00,29.986483175250715,4.862953138815212,993.1945072027495,0.46440442656140046,0.8534317195167843,2.2825189504680637e-05,3.7552964689632575e-05,0.018156667441874375,40,30.0,5.0,1000.0,0,nofaults
2025-11-24T19:21:51.308271+00:00,30.00195075860257,4.861962468453344,996.0288170973063,0.4582511358990657,0.8520221990657448,5.308058492830755e-05,5.037932119788038e-06,0.016602969880082117,33,30.0,5.0,1000.0,0,nofaults
2025-11-24T19:21:52.263251+00:00,30.001949570811213,4.856513781463075,1007.5828331228877,0.4652977586144276,0.8483973390185492,1.2781590588701709e-05,6.757974721284516e-05,0.016582798853118474,34,30.0,5.0,1000.0,0,nofaults
2025-11-24T19:21:53.362554+00:00,29.986478294555628,4.90381829124223,990.426909833384,0.46014120270518805,0.8538604101406286,3.849289809731886e-05,5.000257236079678e-05,0.01838106883446397,34,30.0,5.0,1000.0,0,nofaults
2025-11-24T19:21:54.363775+00:00,29.99275332529565,4.940968429812247,991.6926315303324,0.46092408752318603,0.8549016686608416,1.0498579671137588e-06,1.6687372616843967e-05,0.016157956939731183,35,30.0,5.0,1000.0,0,nofaults
2025-11-24T19:21:55.464099+00:00,30.001121966124064,4.940968429812245,1001.5972129361377,0.46183403100667897,0.8529617351201114,1.887046682473295e-05,3.147443484965009e-05,0.017944240810719103,37,30.0,5.0,1000.0,0,nofaults
2025-11-24T19:21:56.469376+00:00,29.999655571434978,5.006352673695476,1006.1892181967138,0.4642138285458299,0.8499132916142292,3.757621265632356e-05,5.5864983334686416e-05,0.01637205690862176,34,30.0,5.0,1000.0,0,nofaults
2025-11-24T19:21:57.567818+00:00,29.994853125385934,5.063563887093302,998.9751473611126,0.4566885662572776,0.8517098686639218,6.529638386870178e-05,5.885547398950463e-05,0.01795412861052984,34,30.0,5.0,1000.0,0,nofaults
2025-11-24T19:21:58.568268+00:00,29.978952423478166,5.000903986705208,998.454754828859,0.46844759246219303,0.851339414832388,4.4270331503716155e-05,6.018986403089722e-05,0.01650176365685406,32,30.0,5.0,1000.0,0,nofaults
2025-11-24T19:21:59.710643+00:00,29.99066165543999,5.040035465998958,994.4476323862701,0.46114017179980227,0.8561055623399872,3.591840689877901e-05,2.0855415838989575e-05,0.01856131307257741,39,30.0,5.0,1000.0,0,nofaults
2025-11-24T19:22:00.895046+00:00,29.988570248338,5.000408651524274,1008.9547860330496,0.45909197106039284,0.8474062906044434,3.411994544938913e-05,4.8865206414893825e-05,0.01850229470632998,37,30.0,5.0,1000.0,0,nofaults
2025-11-24T19:22:01.766126+00:00,29.988151636444407,5.070374745831139,1001.2140426600432,0.46701839897425357,0.8537029835219968,4.760195797416549e-05,4.5316403171867336e-05,0.016822708397263183,33,30.0,5.0,1000.0,0,nofaults
2025-11-24T19:22:02.769065+00:00,29.997347873838415,5.06492605884087,999.1041252821794,0.45968142334900275,0.8504587283225711,3.605889937809496e-05,6.560881460090264e-05,0.016813924582576675,31,30.0,5.0,1000.0,0,nofaults
2025-11-24T19:22:03.767139+00:00,29.990452788313746,5.1303103027241,1000.7016610444582,0.46578790065819636,0.8537010658887354,3.834253915124977e-05,2.2349368757776155e-05,0.016759168356899577,34,30.0,5.0,1000.0,0,nofaults
2025-11-24T19:22:04.868492+00:00,29.994852054220633,5.092045659996982,1005.8936562582877,0.4610598032986596,0.8466706147483788,1.2669990239154979e-05,5.5728216515107376e-05,0.018369803775572326,36,30.0,5.0,1000.0,0,nofaults
2025-11-24T19:22:05.975551+00:00,29.996936412343846,5.172537626898684,1001.2245621220635,0.46100771854793304,0.8496945601322966,9.09894895460824e-05,7.02354751958737e-05,0.018076166272795912,37,30.0,5.0,1000.0,0,nofaults
2025-11-24T19:22:06.965592+00:00,29.995062243209496,5.222937981558673,995.3797994743363,0.456248621669556,0.8526636159809146,2.6466178905805115e-05,5.791675422141419e-05,0.016389581567252298,34,30.0,5.0,1000.0,0,nofaults
2025-11-24T19:22:07.962984+00:00,29.985859438400233,5.228386668548945,1012.5327910362599,0.470684872777596,0.8456469157755724,3.3977419356400717e-05,4.596452079634909e-05,0.01676486220537657,34,30.0,5.0,1000.0,0,nofaults
2025-11-24T19:22:09.063105+00:00,29.988570259431583,5.233216186563045,999.7360605654144,0.4623781260931331,0.8496379017176751,4.0505231655015624e-05,1.2180808922039455e-05,0.0183468753482759,37,30.0,5.0,1000.0,0,nofaults
2025-11-24T19:22:10.162001+00:00,29.99693425025379,5.194827710040695,999.401992999933,0.46211931390568384,0.8507194929867805,6.604041455627894e-05,3.025540344151622e-05,0.01822745187940381,37,30.0,5.0,1000.0,0,nofaults
2025-11-24T19:22:11.266813+00:00,29.982299277542754,5.080900618425976,998.4993621329282,0.46047042959903595,0.8495486644372069,5.433002991110643e-05,3.3106324003693515e-05,0.018416040640929117,35,30.0,5.0,1000.0,0,nofaults
2025-11-24T19:22:12.265423+00:00,29.99735384125346,5.090807322044649,997.1898311868606,0.4621358314221207,0.8512168115304746,8.002875387424175e-06,6.19831463975701e-05,0.016869529768019025,30,30.0,5.0,1000.0,0,nofaults
2025-11-24T19:22:13.264804+00:00,29.976656632250364,5.172537626898685,997.696772043196,0.4616453805653392,0.849978171571021,3.083949389267304e-05,3.80240169675125e-05,0.0165925989333104,35,30.0,5.0,1000.0,0,nofaults
2025-11-24T19:22:14.271588+00:00,29.988156409300878,5.209316264083001,999.3997420335105,0.46247801909814645,0.8508243634680559,2.5706850765703547e-05,2.044679488820044e-05,0.01675857756222295,35,30.0,5.0,1000.0,0,nofaults
2025-11-24T19:22:15.379143+00:00,30.01156815054885,5.129195798566998,991.4574081694226,0.4617119871256509,0.8537314604385124,6.414048596715354e-05,4.212155587969404e-05,0.018555997032619714,36,30.0,5.0,1000.0,0,nofaults
2025-11-24T19:22:16.366023+00:00,29.98355888380407,5.086720806801947,995.6481219030636,0.4661434128769722,0.853071514673991,5.00667893304837e-05,2.8220594248187195e-05,0.01705015232059352,32,30.0,5.0,1000.0,0,nofaults
2025-11-24T19:22:17.468653+00:00,30.00947891662217,5.036320452141957,1004.1193537497852,0.4585853501487769,0.8521559817028496,3.322947328318674e-05,3.696656652918197e-05,0.01790996770873563,37,30.0,5.0,1000.0,0,nofaults
2025-11-24T19:22:18.564899+00:00,29.994841224056803,5.036320452141958,1001.7765453827157,0.4601273763503922,0.8499755373267003,4.717260575765485e-05,3.251455754846645e-05,0.018279278202329233,37,30.0,5.0,1000.0,0,nofaults
2025-11-24T19:22:19.565746+00:00,30.008846446830052,5.003628330200344,1007.1177891323587,0.46416014805524475,0.8488880077850031,4.595962534032894e-05,3.921963351730225e-05,0.01694556529980823,32,30.0,5.0,1000.0,0,nofaults
2025-11-24T19:22:20.692975+00:00,29.999020242299533,5.043750479855961,994.9563242698188,0.46318212961255756,0.8514992327073966,5.802300031301436e-05,8.286966432855757e-05,0.01797850526762309,37,30.0,5.0,1000.0,0,nofaults
2025-11-24T19:22:21.763048+00:00,29.999018617044193,5.099475687710984,1001.188512369007,0.4621170462069075,0.8518698737769159,3.3678476965016194e-05,2.5296700464056163e-05,0.018288487928657383,37,30.0,5.0,1000.0,0,nofaults
2025-11-24T19:22:22.956106+00:00,29.97602829197408,4.973165216572928,997.4994193877926,0.4639417655496286,0.8498472370129306,8.695325092915729e-05,7.682025744500277e-05,0.018588631779122743,37,30.0,5.0,1000.0,0,nofaults
2025-11-24T19:22:23.862513+00:00,30.008848840033124,5.017250047676015,995.106351741573,0.4618281769117642,0.852985840162245,3.667241671992895e-05,2.8219145347884e-05,0.016509920088650622,35,30.0,5.0,1000.0,0,nofaults
2025-11-24T19:22:24.866331+00:00,29.972053758324115,5.01997439117115,1000.2716292045801,0.4642097842367988,0.8523512211054646,3.191082998913502e-05,4.170114705239764e-05,0.016535514254182603,31,30.0,5.0,1000.0,0,nofaults
2025-11-24T19:22:25.924089+00:00,29.985863565226566,5.013163532433314,994.9665539998635,0.46024937748127337,0.8536457095765254,4.873007152178066e-05,1.2598881021220844e-05,0.01682772266961431,33,30.0,5.0,1000.0,0,nofaults
2025-11-24T19:22:26.971640+00:00,29.988571860048406,4.93601507800291,996.3424468357124,0.4646752700087731,0.855451497296002,5.0204041362401855e-05,5.918240175008193e-05,0.018998475254206042,36,30.0,5.0,1000.0,0,nofaults
2025-11-24T19:22:27.966898+00:00,29.995055681217774,4.972298380006293,1013.213773644401,0.45999495281115077,0.8466960419763684,3.233751889447235e-05,3.7503333104222126e-05,0.01680482861829026,34,30.0,5.0,1000.0,0,nofaults
2025-11-24T19:22:29.107608+00:00,30.013666622614803,4.974403554525262,1001.300344788675,0.45854288593646825,0.8515812637273079,4.506569945909357e-05,3.2914434979431025e-05,0.01829130852484322,36,30.0,5.0,1000.0,0,nofaults
2025-11-24T19:22:30.228623+00:00,29.9927503513132,4.9347767400505775,998.4494404405683,0.46774925530665606,0.8511641907813862,7.274475855875804e-05,2.382354700530717e-05,0.018662278850889197,39,30.0,5.0,1000.0,0,nofaults
2025-11-24T19:22:31.270279+00:00,29.994845563008905,4.931061726193576,995.2475247234812,0.46128180856476514,0.8544923000072498,2.0077842356546937e-07,4.066289207187682e-05,0.018272477989771906,37,30.0,5.0,1000.0,0,nofaults
2025-11-24T19:22:32.367565+00:00,29.994839597567456,4.965735188858924,1002.6865844869552,0.4623561264042129,0.8528589262411949,5.594508776585889e-05,8.292794956215631e-05,0.01826804551426953,37,30.0,5.0,1000.0,0,nofaults
2025-11-24T19:22:33.369306+00:00,29.99505329750434,5.009077017190611,1002.5800255329052,0.46118269244974375,0.8496687049487809,1.85776095153935e-05,5.004468015470284e-05,0.016717954264248394,31,30.0,5.0,1000.0,0,nofaults
2025-11-24T19:22:34.462076+00:00,29.994840139321557,5.044988817808293,1004.1067450056697,0.4634421079703316,0.8503685625200995,4.562803998125005e-05,3.462808149518517e-05,0.01830047855376692,39,30.0,5.0,1000.0,0,nofaults
2025-11-24T19:22:35.562229+00:00,29.999024040723217,5.010315355142945,995.8194568688624,0.4622449769850514,0.8517548990976637,3.6155388006085576e-05,1.7575618585043404e-05,0.018484650538886743,36,30.0,5.0,1000.0,0,nofaults
2025-11-24T19:22:36.577402+00:00,29.99505149616312,5.007714845443044,1004.8409471816952,0.4588509461194386,0.8505456979957211,2.1257887558390543e-05,5.508849670215133e-05,0.01650446413508919,35,30.0,5.0,1000.0,0,nofaults
2025-11-24T19:22:37.571101+00:00,29.988156393030295,5.105791211267887,1008.4081537218495,0.4637792867478286,0.8475167302606114,4.4325280171244765e-05,7.737087455691004e-05,0.01644310165133937,31,30.0,5.0,1000.0,0,nofaults
2025-11-24T19:22:38.563143+00:00,29.988157006583208,5.146656363694906,992.1068501864735,0.464978671071053,0.8531555934754067,5.296299085202142e-05,4.975330196996806e-05,0.01689411355251663,32,30.0,5.0,1000.0,0,nofaults
2025-11-24T19:22:39.567148+00:00,30.01805043534468,5.177986313888953,989.5680061485527,0.4604778295315429,0.8534559480117092,2.7754025046176358e-05,5.0041809625721856e-05,0.016852986582413826,33,30.0,5.0,1000.0,0,nofaults
2025-11-24T19:22:40.661887+00:00,30.005298823516284,5.2976097600844065,998.3892268457884,0.463112690669555,0.8522110545216924,1.7643447275950015e-05,4.875223878922661e-05,0.018671149133340965,37,30.0,5.0,1000.0,0,nofaults
2025-11-24T19:22:41.662390+00:00,29.990463524525268,5.385036419519182,999.7548243629781,0.46370991241648074,0.8544817668049836,3.2398851549103404e-05,1.4370945376398292e-05,0.01647307003997682,34,30.0,5.0,1000.0,0,nofaults
2025-11-24T19:22:42.802638+00:00,30.00947782079334,5.262936297419059,1002.3592740609428,0.458715610497882,0.8496189682194891,6.737901906537219e-05,4.890006973476615e-05,0.01830259682693525,36,30.0,5.0,1000.0,0,nofaults
2025-11-24T19:22:43.882360+00:00,30.01116194032047,5.233835355539212,1003.8892006950548,0.45949842230596427,0.8510139794984207,4.788622849547529e-05,7.43371026986433e-05,0.016464052233940544,34,30.0,5.0,1000.0,0,nofaults
2025-11-24T19:22:44.769137+00:00,29.969754402366355,5.29513308417974,998.7152805302869,0.4690826609296256,0.8522622869117363,5.1985923881663065e-05,3.545735972616269e-05,0.01711812762047082,30,30.0,5.0,1000.0,0,nofaults
2025-11-24T19:22:45.870215+00:00,30.013660638692386,5.207211089564034,1006.4668246322016,0.45751358314128904,0.8509153239059515,4.353632013515193e-05,1.4813087238259831e-05,0.01786495043981206,40,30.0,5.0,1000.0,0,nofaults
2025-11-24T19:22:46.965981+00:00,29.999025662287647,5.0747089286643075,1007.9209140739248,0.46439783377281396,0.8464844215087307,7.675013590027081e-05,3.26290638382524e-05,0.018045441113820632,36,30.0,5.0,1000.0,0,nofaults
2025-11-24T19:22:48.048810+00:00,29.99737116116311,5.026785249908985,1010.9528004417874,0.46231950061700156,0.844557628891715,5.924030001354395e-05,4.1190128532114094e-05,0.01701283088772267,36,30.0,5.0,1000.0,0,nofaults
2025-11-24T19:22:49.082309+00:00,29.999652605346295,4.99954181495764,1001.5936131320238,0.4645815968134889,0.8474128422614424,5.753019783050739e-05,4.697754669316958e-05,0.016752933449905263,34,30.0,5.0,1000.0,0,nofaults
2025-11-24T19:22:49.973141+00:00,30.01806356067176,4.995455299714938,998.351786855514,0.46279310914472677,0.851377775161759,2.0829879252718742e-05,3.230295932028342e-05,0.016794037785876778,33,30.0,5.0,1000.0,0,nofaults
2025-11-24T19:22:51.113234+00:00,30.005298264493003,4.981833582239265,1001.0174663463876,0.45776042917131066,0.8453161699070044,4.804996569960141e-05,4.604034100751797e-05,0.01852677987280967,37,30.0,5.0,1000.0,0,nofaults
2025-11-24T19:22:52.083837+00:00,29.99274856735235,4.97502272350143,998.8579130351684,0.46361166831163303,0.849109970697624,7.679823568118642e-05,1.6455661677339585e-05,0.016714075553029863,35,30.0,5.0,1000.0,0,nofaults
2025-11-24T19:22:53.062086+00:00,30.015749292968046,4.831994690006865,1003.1570857192995,0.46051160765631016,0.8461811626215873,8.703690530408587e-05,1.5914311364677067e-05,0.01680738121607608,32,30.0,5.0,1000.0,0,nofaults
2025-11-24T19:22:54.163241+00:00,30.00529338009865,4.7948445514368485,999.5183136101342,0.4620028084894383,0.8491421772404872,4.1553399145863144e-05,4.661382655941032e-05,0.01806989025339428,37,30.0,5.0,1000.0,0,nofaults
2025-11-24T19:22:55.323630+00:00,30.01366334991698,4.812181282769521,1001.3148704571474,0.4627864413285602,0.8483765487256686,5.520268122756415e-05,6.224219786335393e-05,0.018449517540743778,40,30.0,5.0,1000.0,0,nofaults
2025-11-24T19:22:56.372115+00:00,30.001954331451014,4.795216052822547,999.7969318584052,0.4644450051279331,0.846009201099289,3.689607360249752e-05,4.226250542702705e-05,0.016506742762782266,33,30.0,5.0,1000.0,0,nofaults
2025-11-24T19:22:57.415689+00:00,29.988571879762002,4.805989593007853,994.0743891260627,0.46040354063387495,0.8508960943791635,5.2003305748434806e-05,4.0878007188581914e-05,0.017888783709639155,35,30.0,5.0,1000.0,0,nofaults
2025-11-24T19:22:58.475899+00:00,29.98230575641853,4.85304643519654,994.0248022722636,0.4595519355001562,0.8516541912717915,1.7465593647984035e-05,9.270976761071318e-05,0.018148244558141843,36,30.0,5.0,1000.0,0,nofaults
2025-11-24T19:22:59.472229+00:00,29.992758698132473,4.893292418647393,1003.6662464267744,0.46478277924688366,0.8466626231214949,6.169753912477986e-05,5.6986324681822274e-05,0.016772618820287213,31,30.0,5.0,1000.0,0,nofaults
2025-11-24T19:23:00.636039+00:00,29.98857187728704,4.924870036431907,1002.7748983788128,0.4604516545292764,0.8457338194093144,5.6583178822356516e-05,6.027168562201563e-05,0.018121798110173688,40,30.0,5.0,1000.0,0,nofaults
2025-11-24T19:23:01.675141+00:00,29.988570249567854,4.960781837049589,1002.8879144103227,0.4658157655589385,0.8490235866740563,2.949136432040203e-05,7.092591061705786e-05,0.0184687712543479,36,30.0,5.0,1000.0,0,nofaults
2025-11-24T19:23:02.673898+00:00,30.015755844097434,4.975022723501429,995.8303855635656,0.45818528199132186,0.8499993642301911,3.8895850369011047e-05,3.940664855787981e-05,0.016349622177214515,36,30.0,5.0,1000.0,0,nofaults
2025-11-24T19:23:03.770067+00:00,30.00947945960611,4.991740285857936,996.8078205023531,0.4651126660939141,0.8494179402001915,2.7239734359586698e-05,3.509239566655348e-05,0.018119132359159868,35,30.0,5.0,1000.0,0,nofaults
2025-11-24T19:23:04.767539+00:00,30.011159522674763,4.991368784472237,1010.6722407968613,0.4594753824943655,0.8447545120141962,3.94048531114274e-05,4.981434233615647e-05,0.01661023776611472,33,30.0,5.0,1000.0,0,nofaults
2025-11-24T19:23:05.959696+00:00,29.98856699782317,5.073470590711972,1000.2390345534135,0.4647029734516201,0.8493385080854167,2.0149550112199195e-05,5.190804368953579e-05,0.01810715094817061,34,30.0,5.0,1000.0,0,nofaults
2025-11-24T19:23:07.080774+00:00,29.96557775379048,5.098237349758652,999.7347907328875,0.46655159495209625,0.8469607979112084,4.528304195737581e-05,4.724481024629028e-05,0.01879789565124836,39,30.0,5.0,1000.0,0,nofaults
2025-11-24T19:23:08.314243+00:00,29.996938591669757,5.028890424427954,1004.3886895520571,0.4580765092426151,0.8456738644979261,9.376126194249306e-05,3.189638125559506e-05,0.018273692240872212,37,30.0,5.0,1000.0,0,nofaults
2025-11-24T19:23:09.062726+00:00,29.98125118350948,4.947779288550083,997.8807132082578,0.46405383989585863,0.8472921692413256,4.613234862232346e-05,4.9213876141354655e-05,0.016751691442875916,33,30.0,5.0,1000.0,0,nofaults
2025-11-24T19:23:10.363186+00:00,30.011570876573206,5.057372197331632,995.9858357340232,0.46297304582533255,0.849005871091217,2.4750422290351093e-05,8.226382598913197e-05,0.01821959669496645,37,30.0,5.0,1000.0,0,nofaults
2025-11-24T19:23:11.392426+00:00,29.999024572619124,5.119289094948328,1008.36473080912,0.4601677691518924,0.8462644466851174,2.8018808697464342e-05,3.792728280515918e-05,0.01865394289691818,35,30.0,5.0,1000.0,0,nofaults
2025-11-24T19:23:12.418597+00:00,30.00112087767428,5.07842394252131,995.6883528533589,0.46543313768685174,0.8478021191560927,6.022903302099442e-05,1.3667969427468537e-05,0.018196951089328,37,30.0,5.0,1000.0,0,nofaults
2025-11-24T19:23:13.541894+00:00,29.997352058889998,5.006352673695476,989.865969166494,0.4611821431172608,0.8503030013980061,4.162611938092636e-05,4.338681490500968e-05,0.016467762552513622,35,30.0,5.0,1000.0,0,nofaults
2025-11-24T19:23:14.365274+00:00,29.997350868391457,5.021336562918714,994.7087087347569,0.46118938341320304,0.8511797816403025,6.831404808330426e-05,5.483749519031961e-05,0.016505081254266085,33,30.0,5.0,1000.0,0,nofaults
2025-11-24T19:23:15.462160+00:00,29.980210021441405,4.95087513343092,992.0528575273681,0.4671934791935847,0.8531143154767297,5.217366889050976e-05,1.4252814471401772e-05,0.018835004044443132,35,30.0,5.0,1000.0,0,nofaults
2025-11-24T19:23:16.467237+00:00,29.960564703921698,4.905551964375498,1007.450731877658,0.45890398052711345,0.8474619762886402,3.894636682844724e-05,3.0505564692424233e-05,0.016500638926036214,31,30.0,5.0,1000.0,0,nofaults
2025-11-24T19:23:17.467061+00:00,30.01575227802533,4.904189792627931,998.6002572352472,0.4571356125048478,0.8490497728116623,4.6977133172989815e-05,1.872351903511251e-05,0.016910866163663756,33,30.0,5.0,1000.0,0,nofaults
2025-11-24T19:23:18.564305+00:00,30.026211824575565,4.884004884004889,997.7327298390338,0.46254792157997093,0.8517238639902424,3.713962028137432e-05,4.089550217593845e-05,0.01867226656829128,35,30.0,5.0,1000.0,0,nofaults
2025-11-24T19:23:19.598113+00:00,29.995055644644008,4.87422201418145,1000.4364026976207,0.47185907892743967,0.8494083320500506,5.4870979780555104e-05,3.578988192912354e-05,0.01692009747305076,35,30.0,5.0,1000.0,0,nofaults
2025-11-24T19:23:20.662707+00:00,30.009477291364075,4.8258030002451955,997.6122998005793,0.45344599694851,0.8504768622832579,5.06285123230166e-05,4.037716921834783e-05,0.01778442636972765,37,30.0,5.0,1000.0,0,nofaults
2025-11-24T19:23:21.886385+00:00,29.994848255758097,4.8258030002451955,1002.0302693402572,0.4656568179857501,0.8492172003333689,4.1128291817063884e-05,2.500753494529292e-05,0.01829074685715895,36,30.0,5.0,1000.0,0,nofaults
2025-11-24T19:23:22.803881+00:00,29.97665247565704,4.8047512550555185,1006.3438816288301,0.4654151859387749,0.8500997902547814,3.985366822358184e-05,3.900227380146384e-05,0.01664597860925521,36,30.0,5.0,1000.0,0,nofaults
2025-11-24T19:23:23.886277+00:00,29.999028392011272,4.7787461580565065,994.4048383876641,0.4612836427674944,0.8485964399103335,5.65843876673176e-05,3.504993760289819e-05,0.018107923276406188,38,30.0,5.0,1000.0,0,nofaults
2025-11-24T19:23:25.002920+00:00,29.986483712077106,4.775031144199506,1000.7527745332769,0.46277633017457737,0.8509228954322364,4.1121462320192195e-05,3.0931519081689605e-05,0.018632039532364905,36,30.0,5.0,1000.0,0,nofaults
2025-11-24T19:23:25.988840+00:00,29.999648427072582,4.7597995873858,1009.3369327245322,0.4600111479235592,0.8467003366922798,5.4277024014798446e-05,3.937187786113849e-05,0.016878987405368882,32,30.0,5.0,1000.0,0,nofaults
2025-11-24T19:23:27.084006+00:00,29.990657318957286,4.711875908630477,992.2089774455985,0.4658666033127815,0.8511764812809036,6.679632886016828e-05,6.106229678966193e-05,0.018960134295993657,36,30.0,5.0,1000.0,0,nofaults
2025-11-24T19:23:28.165009+00:00,29.97812349257484,4.739119343581823,995.9652469444624,0.4630906977649969,0.8523389482402165,7.89499153861013e-05,6.24311771155449e-05,0.01838120723848956,37,30.0,5.0,1000.0,0,nofaults
2025-11-24T19:23:29.232845+00:00,29.9950509070115,4.742091354667423,1006.0849422575945,0.4613884460408283,0.8458158023594986,1.2290313916447552e-05,0.00010091328951882717,0.016791153632905922,32,30.0,5.0,1000.0,0,nofaults
2025-11-24T19:23:30.277475+00:00,29.9885713244588,4.8307563520545305,1001.7276867930015,0.4617147915917773,0.85004926922455,2.3768736536267906e-05,6.845007334645807e-05,0.01782738222335093,34,30.0,5.0,1000.0,0,nofaults
2025-11-24T19:23:31.584915+00:00,29.99067136884945,4.872859842433883,1001.9534358069911,0.4595201565382755,0.8474242586231675,5.9287923176763194e-05,6.663092299960351e-05,0.018072516719611714,38,30.0,5.0,1000.0,0,nofaults
2025-11-24T19:23:32.608676+00:00,30.013659567515948,4.931061726193576,1005.0038378063987,0.4630562636416263,0.8474729418570277,2.3853914750769923e-05,7.40654013463125e-05,0.01815900685454859,40,30.0,5.0,1000.0,0,nofaults
2025-11-24T19:23:33.506358+00:00,30.02725803065532,4.976384895248998,1000.7608263509289,0.46269267537479425,0.846785434181348,5.60212900455921e-05,1.2542751095799656e-05,0.016714969146647843,35,30.0,5.0,1000.0,0,nofaults
2025-11-24T19:23:34.581922+00:00,29.980206239026497,4.874098180386217,1004.8527098688381,0.4640945696853829,0.8495628271881178,6.747638790509216e-05,4.065341151027262e-05,0.018767850287908287,37,30.0,5.0,1000.0,0,nofaults
2025-11-24T19:23:35.750331+00:00,29.9781218673195,4.870383166529215,991.5162604048145,0.46527089993982335,0.8507087765720368,5.253626144788336e-05,1.7370402880596676e-05,0.018583971003950154,38,30.0,5.0,1000.0,0,nofaults
2025-11-24T19:23:36.684357+00:00,29.98816949673945,4.823821659521461,1001.0611570500166,0.4616432380644066,0.8471787890134174,3.1600258916882565e-05,3.838172481069719e-05,0.01695861598396892,35,30.0,5.0,1000.0,0,nofaults
2025-11-24T19:23:37.705575+00:00,29.999651994503616,4.804751255055519,999.8097019473531,0.46481494435302106,0.8496383896301978,4.535622971466132e-05,1.3422057800855796e-05,0.016782328567463433,33,30.0,5.0,1000.0,0,nofaults
2025-11-24T19:23:39.051123+00:00,29.990665439086115,4.783699509865844,1004.803701358019,0.4616905948054864,0.8464452160194278,6.567526742696532e-05,4.829860098406385e-05,0.01790339033076689,39,30.0,5.0,1000.0,0,nofaults
2025-11-24T19:23:39.766104+00:00,29.992750952417072,4.807475598550651,999.9913582753973,0.45683814868192174,0.8475429673608705,1.5360980818945717e-05,6.565145577201555e-05,0.01604786855688068,33,30.0,5.0,1000.0,0,nofaults
2025-11-24T19:23:40.924065+00:00,29.984391220241278,4.791129537579846,1004.7413031041757,0.46940068100737037,0.8473436801908961,7.811567999700152e-05,1.964276371784706e-05,0.019017239289804796,39,30.0,5.0,1000.0,0,nofaults
2025-11-24T19:23:41.867960+00:00,30.006556621658337,4.787043022337144,989.8235091861134,0.4634546088253363,0.8494083764603539,3.103274373951538e-05,7.931936583212352e-05,0.016717667839144617,35,30.0,5.0,1000.0,0,nofaults
2025-11-24T19:23:43.020866+00:00,30.00321010422605,4.82084964843586,991.8787682479258,0.45490446675152557,0.8522902786829786,3.20116974829338e-05,3.520725183790212e-05,0.01788322305601945,36,30.0,5.0,1000.0,0,nofaults
2025-11-24T19:23:43.970849+00:00,30.015748692969378,4.836081205249567,1001.2906446512407,0.46549642652050893,0.8499432484183869,3.104932505902849e-05,7.571864202997422e-05,0.016593304562420724,33,30.0,5.0,1000.0,0,nofaults
2025-11-24T19:23:45.116686+00:00,29.999019701779442,4.890196573766558,1000.292130246832,0.4603605843395901,0.8490051657718852,3.960556346570279e-05,5.6420664462767704e-05,0.01805868563466007,39,30.0,5.0,1000.0,0,nofaults
2025-11-24T19:23:46.166727+00:00,30.00885898707471,4.970936208258727,995.734616719903,0.4668720579571577,0.8527152001380361,3.245997169934303e-05,0.00010198870934159043,0.016746885666651015,32,30.0,5.0,1000.0,0,nofaults
2025-11-24T19:23:47.063095+00:00,29.983552928591962,5.074461261073841,992.708885919555,0.46182398581581935,0.8521450860842164,2.6214252899402663e-05,2.4768497461876096e-05,0.01653870159049158,33,30.0,5.0,1000.0,0,nofaults
2025-11-24T19:23:48.167205+00:00,30.001111649400112,5.182444330517355,1003.4791293198006,0.4624439959592523,0.8486495001420784,8.230503412062181e-06,6.61795309690214e-05,0.018291071665633037,34,30.0,5.0,1000.0,0,nofaults
2025-11-24T19:23:49.167272+00:00,29.990453977459445,5.299219599422441,990.7713138428069,0.46513736354080565,0.8546422344933478,3.852982302365449e-05,7.66992161082259e-05,0.01668352327577619,31,30.0,5.0,1000.0,0,nofaults
2025-11-24T19:23:50.407940+00:00,30.00739674027767,5.390485106509449,991.829879935419,0.4611776826817176,0.8547606162034178,4.8631359535487925e-05,1.3094706565081556e-05,0.018382659630395187,38,30.0,5.0,1000.0,0,nofaults
2025-11-24T19:23:51.415330+00:00,30.003215002187574,5.219594469087372,1005.9777714637207,0.46342747535999396,0.8512840685151811,6.128009139460782e-05,4.183561085321167e-05,0.01859156420633094,34,30.0,5.0,1000.0,0,nofaults
2025-11-24T19:23:52.469617+00:00,30.00194778303034,5.112602070005725,1011.9848197329638,0.45770163440679285,0.8484777127378604,9.315796452975693e-05,6.136952574584698e-05,0.016044502042066734,33,30.0,5.0,1000.0,0,nofaults
2025-11-24T19:23:53.361464+00:00,30.001953150449754,5.08944515029708,1007.0979963191434,0.46476090337748577,0.8473484661120884,1.5394553955366613e-05,3.530693531870165e-05,0.016889128049855578,35,30.0,5.0,1000.0,0,nofaults
2025-11-24T19:23:54.399599+00:00,29.99045338966372,5.149380707190042,998.2200620476463,0.462789626921824,0.8504213578231286,3.967794346481654e-05,6.592112683398474e-05,0.016233973218268846,34,30.0,5.0,1000.0,0,nofaults
2025-11-24T19:23:55.464580+00:00,29.98229656508553,5.253029593800388,1001.6441235191462,0.46306704428139683,0.8489387843373571,1.3916726885007409e-05,2.1342175424236918e-05,0.018546954187735273,34,30.0,5.0,1000.0,0,nofaults
2025-11-24T19:23:56.461663+00:00,29.99275332529565,5.2447327295197494,997.399635202929,0.46156777656218856,0.8508643207136831,3.939691294347359e-05,2.9002331143637065e-05,0.016563082262936717,35,30.0,5.0,1000.0,0,nofaults
2025-11-24T19:23:57.566154+00:00,30.009479460840115,5.236931200420047,1001.4227683734299,0.4590022276955365,0.8492995877568977,5.474324073609116e-05,3.949412541704144e-05,0.017908726434760193,37,30.0,5.0,1000.0,0,nofaults
2025-11-24T19:23:58.596649+00:00,29.997360999165494,5.093531665539783,1012.0236890859223,0.46142399065908324,0.8451132209638372,7.807030419355827e-05,3.465750637896909e-05,0.016350982836229194,34,30.0,5.0,1000.0,0,nofaults
2025-11-24T19:23:59.663159+00:00,29.999021868786087,5.078423942521308,995.125384907531,0.4678793834595689,0.8496718212204761,3.6768593714897806e-05,5.02720648594115e-05,0.018274448858366765,36,30.0,5.0,1000.0,0,nofaults
2025-11-24T19:24:00.959238+00:00,30.008850023746135,5.056753028355466,1000.167537854463,0.4586946411599386,0.8486961603551704,6.023710039095629e-05,4.0683173356877346e-05,0.016328213539815933,34,30.0,5.0,1000.0,0,nofaults
2025-11-24T19:24:01.766605+00:00,30.015751518833095,5.078423942521309,1005.9681193895484,0.4651819605347356,0.847513691217656,2.7264017008148543e-05,3.603449649328613e-05,0.01900739085303091,36,30.0,5.0,1000.0,0,nofaults
2025-11-24T19:24:02.763460+00:00,29.988152240501556,5.075823432821408,1002.3038905224861,0.46286641261192046,0.8448396600978428,2.121718689793553e-05,2.212536158445723e-05,0.01677468183088463,32,30.0,5.0,1000.0,0,nofaults
2025-11-24T19:24:04.021766+00:00,29.973935264540327,5.175014302803353,994.7829605168405,0.4622759782773306,0.851078413394296,3.307519933842019e-05,8.617357840105168e-05,0.017886107233172244,36,30.0,5.0,1000.0,0,nofaults
2025-11-24T19:24:05.047031+00:00,29.97393960471118,5.218356131135038,999.787329606124,0.4633903089925187,0.8486413750988633,6.305169324274257e-05,6.303560094084732e-05,0.018763043898086446,40,30.0,5.0,1000.0,0,nofaults
2025-11-24T19:24:06.139038+00:00,30.013452320714567,5.210678435830568,995.4127258619528,0.4585871074723955,0.8503939501985551,7.320690621182142e-05,3.5348091914866446e-05,0.016684616987897784,34,30.0,5.0,1000.0,0,nofaults
2025-11-24T19:24:07.131075+00:00,29.988566453608016,5.101952363615653,999.6537883541813,0.4682692023181822,0.8493450896012003,3.344036748816244e-05,3.450383362846333e-05,0.018604512275445115,38,30.0,5.0,1000.0,0,nofaults
2025-11-24T19:24:08.181271+00:00,30.00320576649684,5.132910812424,1002.575078567841,0.4592609190036773,0.8477969189199629,1.240730435916413e-05,3.505635676422789e-05,0.018043489544772365,35,30.0,5.0,1000.0,0,nofaults
2025-11-24T19:24:09.232363+00:00,30.001954938230625,5.158915909423013,994.6474251649431,0.46367298894286957,0.8494170163107826,7.48048580586612e-05,3.816938856312751e-05,0.0170719775781755,32,30.0,5.0,1000.0,0,nofaults
2025-11-24T19:24:10.164867+00:00,29.978953607211043,5.108515554763024,1002.9940496333813,0.4632533914830934,0.8512334524685288,2.0882253979815763e-05,3.928608043433046e-05,0.016860592334794304,35,30.0,5.0,1000.0,0,nofaults
2025-11-24T19:24:11.163741+00:00,29.990462332649447,5.139845504957071,999.8111774256829,0.4582030733148132,0.8470540574613101,3.0504790034135224e-05,5.2591571960194564e-05,0.01660817851807413,34,30.0,5.0,1000.0,0,nofaults
2025-11-24T19:24:12.162256+00:00,29.992759266971785,5.11941292874356,998.5478920599005,0.4663660100255772,0.850164221792021,7.331039489778159e-05,2.4840229861227104e-05,0.01689975621287443,35,30.0,5.0,1000.0,0,nofaults
2025-11-24T19:24:13.266253+00:00,29.980207329922084,5.090807322044648,994.6586367372855,0.4643339183800515,0.8504980610025228,2.902496271945051e-05,4.1051170247251915e-05,0.018513489915413437,35,30.0,5.0,1000.0,0,nofaults
2025-11-24T19:24:14.478525+00:00,30.001113813945686,5.085853970235312,998.5849720437291,0.4615307027845706,0.8510296260824691,5.246342519892789e-05,5.0038380595928435e-05,0.0181025085950561,37,30.0,5.0,1000.0,0,nofaults
2025-11-24T19:24:15.530071+00:00,30.006554251496112,5.036320452141957,1000.3053386987737,0.4588871200932808,0.8508743247153131,5.7895966147536656e-05,4.144801090695571e-05,0.016089188865542368,33,30.0,5.0,1000.0,0,nofaults
2025-11-24T19:24:16.592159+00:00,29.999024033334454,5.043750479855959,996.2664014072201,0.46693165512964524,0.852004579001743,5.568352753258199e-05,5.844736990618897e-05,0.018233691779188207,39,30.0,5.0,1000.0,0,nofaults
2025-11-24T19:24:17.799565+00:00,29.99735264396939,5.0335961086468215,1005.8384953945122,0.46271856777432924,0.8473493830710769,3.928636353588769e-05,4.50197388139114e-05,0.016632381769671505,32,30.0,5.0,1000.0,0,nofaults
2025-11-24T19:24:18.985384+00:00,29.99693860647233,5.08833064613998,1007.8507770577577,0.4659361103880968,0.8462131446206785,6.876977668202397e-05,8.213580643340877e-05,0.018419426203238873,36,30.0,5.0,1000.0,0,nofaults
2025-11-24T19:24:19.604571+00:00,30.00194837488914,5.150742878937608,994.35927417847,0.460216458929737,0.8507256880959024,7.250727483535761e-05,6.006065069506235e-05,0.01651740093238611,31,30.0,5.0,1000.0,0,nofaults
2025-11-24T19:24:20.665053+00:00,30.00947782572105,5.073470590711974,1002.8674297659107,0.4601845158678103,0.8487074034701539,2.3160096081920965e-05,5.4481722694981776e-05,0.018525699225053007,38,30.0,5.0,1000.0,0,nofaults
2025-11-24T19:24:21.820066+00:00,29.98815879571233,5.169813283403551,999.5882013891754,0.46653758045785104,0.8485998413478784,1.9667126420600483e-05,2.4625925229324026e-05,0.016872545600558116,34,30.0,5.0,1000.0,0,nofaults
2025-11-24T19:24:22.874560+00:00,30.001114369257213,5.161392585327681,1001.6101703164361,0.4615265502371088,0.8497781126546176,5.3028683120303415e-05,7.473059457533413e-05,0.0181477742774212,36,30.0,5.0,1000.0,0,nofaults
2025-11-24T19:24:24.124466+00:00,30.02494969507083,5.255630103500288,997.3712997635503,0.4582816011437448,0.8494577201631011,1.5389813048292223e-05,3.401036209981805e-05,0.01657208647666517,34,30.0,5.0,1000.0,0,nofaults
2025-11-24T19:24:24.968580+00:00,30.003217132236365,5.291418070322738,1000.4476770618802,0.46250250218412553,0.850800293145297,6.462085309564266e-05,6.939451768836073e-05,0.018546258892812993,39,30.0,5.0,1000.0,0,nofaults
2025-11-24T19:24:25.862002+00:00,29.992757502207365,5.331911721364058,1003.1956893397644,0.4675413291149503,0.8479624748146726,4.9063214556491945e-05,2.348453209070169e-05,0.01693894980183971,34,30.0,5.0,1000.0,0,nofaults
2025-11-24T19:24:26.964462+00:00,30.005292843277825,5.1576775714706775,998.5315864097527,0.4592250011489832,0.8490757027643892,5.671585409727084e-05,3.565978706037505e-05,0.01868479502073575,37,30.0,5.0,1000.0,0,nofaults
2025-11-24T19:24:27.964902+00:00,30.006551262360478,5.11941292874356,991.0372359432871,0.4659063830435143,0.8535448194588314,3.820351782745491e-05,2.128421663368036e-05,0.016780469872260742,34,30.0,5.0,1000.0,0,nofaults
2025-11-24T19:24:29.066345+00:00,30.00529555326841,5.092045659996981,995.9090036756185,0.4602744565022718,0.8515006556950024,5.192729149030941e-05,5.6145748800065795e-05,0.018578692823652956,35,30.0,5.0,1000.0,0,nofaults
2025-11-24T19:24:30.074683+00:00,30.006553651497445,5.133034646219232,998.8530342729518,0.4588391259662279,0.8497823962745494,2.0394855867001207e-05,4.310435295863715e-05,0.016090589438242982,35,30.0,5.0,1000.0,0,nofaults
2025-11-24T19:24:31.095412+00:00,29.978958975975637,5.104429039520321,993.9436319885639,0.464444956478987,0.8529388300853853,8.100360667556776e-05,2.9559534803251542e-05,0.016430300407266108,36,30.0,5.0,1000.0,0,nofaults
2025-11-24T19:24:32.163182+00:00,30.001111646936263,4.9843102581439345,993.3512913536036,0.46683272399226217,0.8557187375989284,6.777735080866532e-05,1.7961296375884473e-05,0.018196539216342872,34,30.0,5.0,1000.0,0,nofaults
2025-11-24T19:24:33.261575+00:00,29.990661123549636,4.886481559909556,1003.2215129814966,0.46290032546436416,0.8515018726766624,5.738455942276527e-05,3.1185249908889136e-05,0.018377183830378438,40,30.0,5.0,1000.0,0,nofaults
2025-11-24T19:24:34.264898+00:00,30.020350387228877,4.902827620880363,1011.614690552224,0.4572405527665719,0.8483846415153838,2.434908218896869e-05,2.9744537688620707e-05,0.016379206591803433,37,30.0,5.0,1000.0,0,nofaults
2025-11-24T19:24:35.269557+00:00,29.992759304921282,4.949141460297649,1004.1994128946575,0.4675287849446187,0.8484965331611176,6.268870714072527e-05,8.448115897647079e-05,0.01700513662908977,32,30.0,5.0,1000.0,0,nofaults
2025-11-24T19:24:36.366098+00:00,29.99066597960898,4.921155022574904,997.5267202608428,0.4618228601439773,0.8513033304163873,3.322211077058967e-05,2.456906577948402e-05,0.018374049145353396,37,30.0,5.0,1000.0,0,nofaults
2025-11-24T19:24:37.374903+00:00,30.008847041399083,4.908276307870632,995.3987386794275,0.4623170793302859,0.8554897046783776,4.669082828284133e-05,1.9443423893486095e-05,0.016763078723220786,33,30.0,5.0,1000.0,0,nofaults
2025-11-24T19:24:38.615754+00:00,29.990665948861338,4.884004884004887,1003.4170735107241,0.4618333765002132,0.8476495845325605,4.788855333476037e-05,5.954508186331391e-05,0.018072591504485532,38,30.0,5.0,1000.0,0,nofaults
2025-11-24T19:24:39.650298+00:00,30.00529772767494,4.895149925575892,991.7732881449842,0.46457071215830564,0.8532686149956767,6.462216940326444e-05,5.995390442199415e-05,0.018331345788324536,36,30.0,5.0,1000.0,0,nofaults
2025-11-24T19:24:40.695000+00:00,29.99693154272428,4.890196573766558,997.4705577910551,0.4616274434129378,0.8530684214475038,7.756657449657211e-05,3.499157847973127e-05,0.018110644671808,39,30.0,5.0,1000.0,0,nofaults
2025-11-24T19:24:41.802999+00:00,29.98230087695466,4.803512917103185,1006.9021218188234,0.4621227052509878,0.8492683015063708,8.37483312399619e-05,9.041639821469608e-05,0.018176020308322795,36,30.0,5.0,1000.0,0,nofaults
2025-11-24T19:24:42.790262+00:00,30.011150578342303,4.802026911560382,996.3743155327011,0.4634391124716906,0.8548135117597478,4.367577090123737e-05,2.5787185796315113e-05,0.016952278476563453,33,30.0,5.0,1000.0,0,nofaults
2025-11-24T19:24:43.863626+00:00,29.992752515858776,4.823326324340527,1010.5692590425318,0.46391550527522346,0.8477359594033012,3.332094562066792e-05,6.481892700494733e-05,0.01860839624275255,35,30.0,5.0,1000.0,0,nofaults
2025-11-24T19:24:44.886860+00:00,30.01805522990141,4.857875953210643,987.825757089309,0.4596823645854175,0.8540111617616784,5.138739746013311e-05,4.982449867212679e-05,0.016438640869004487,31,30.0,5.0,1000.0,0,nofaults
2025-11-24T19:24:45.966132+00:00,29.994842298936646,4.838186379768532,990.5299970125434,0.4638417216261375,0.8554617445523078,5.258332809220115e-05,5.616997409909685e-05,0.01851626873631954,38,30.0,5.0,1000.0,0,nofaults
2025-11-24T19:24:46.984289+00:00,29.992761718471836,4.855151609715508,995.8297888993635,0.4628421052952378,0.853624562324635,3.950200298935128e-05,4.5817434978859096e-05,0.016922196196727007,31,30.0,5.0,1000.0,0,nofaults
2025-11-24T19:24:48.067478+00:00,30.01366607224348,4.8542847731488745,998.4034212164333,0.45895592172465366,0.855484907309555,6.90426357207951e-05,5.389418745496983e-05,0.017812620678098936,36,30.0,5.0,1000.0,0,nofaults
2025-11-24T19:24:49.086192+00:00,30.006550669144268,4.823821659521461,1008.3889959751938,0.4635638520840463,0.8497729623095113,4.991951194991551e-05,4.7497528710261284e-05,0.016388578818835008,33,30.0,5.0,1000.0,0,nofaults
2025-11-24T19:24:50.162437+00:00,29.990665448949844,4.892673249671224,1000.7697201079071,0.4650326852354152,0.8526796307108891,1.2789399745887392e-05,5.735701065606244e-05,0.0182546441596737,36,30.0,5.0,1000.0,0,nofaults
2025-11-24T19:24:51.186618+00:00,29.997351461607668,4.932795399326843,1002.0235897226294,0.4603393211284691,0.8513198935911971,2.6246352237348768e-05,3.2762991434047546e-05,0.015679613538552857,34,30.0,5.0,1000.0,0,nofaults
2025-11-24T19:24:52.316995+00:00,30.00529609501972,4.922393360527239,1003.350828137788,0.4603000636423499,0.8516242922423605,4.061010352351904e-05,2.5677738911953395e-05,0.01844718295590671,34,30.0,5.0,1000.0,0,nofaults
2025-11-24T19:24:53.278636+00:00,29.992756319836484,4.902827620880364,1001.8314198628171,0.4663670069674444,0.8528922564900865,6.136105261517224e-05,5.7945046172253475e-05,0.01699491253679602,33,30.0,5.0,1000.0,0,nofaults
2025-11-24T19:24:54.453751+00:00,29.99275196918808,4.912486656908566,1002.0441153378338,0.4607152084552044,0.8481494268286986,1.3360640313531614e-05,4.158551615162128e-05,0.01813114977879102,37,30.0,5.0,1000.0,0,nofaults
2025-11-24T19:24:55.464516+00:00,29.98647666930029,4.984310258143933,1005.8663286350812,0.46521150409903134,0.8498831397164482,1.5350754793156488e-05,4.914174832639793e-05,0.018321300733325083,35,30.0,5.0,1000.0,0,nofaults
2025-11-24T19:24:56.568292+00:00,29.976036941555773,5.0412738039512925,1004.4969730784213,0.46555506997865875,0.8502137841867389,5.414876191067348e-05,5.6327749901794935e-05,0.018020893079709596,36,30.0,5.0,1000.0,0,nofaults
2025-11-24T19:24:57.562528+00:00,29.999650806718375,5.019974391171149,998.9562491691553,0.4568082159728822,0.8496016636642765,3.137588476971316e-05,5.2314513379057806e-05,0.016096028867339487,33,30.0,5.0,1000.0,0,nofaults
2025-11-24T19:24:58.667117+00:00,29.999021871252726,5.05365718347463,998.389335756699,0.4680524469018694,0.851570964953008,5.270145985820465e-05,6.613174167147537e-05,0.018670184030578886,35,30.0,5.0,1000.0,0,nofaults
2025-11-24T19:24:59.762260+00:00,29.992752528180816,5.064802225045637,997.2373889145788,0.46291405907719463,0.8500577911147879,7.05510149418265e-05,4.0928529947940774e-05,0.018339604699223456,37,30.0,5.0,1000.0,0,nofaults
2025-11-24T19:25:00.861258+00:00,29.99275359444342,5.03136710033262,1002.492313633932,0.4586605717833143,0.8512074047322465,2.412503141620297e-05,3.470141232160187e-05,0.01836155054467914,37,30.0,5.0,1000.0,0,nofaults
2025-11-24T19:25:01.960324+00:00,29.98230847009868,5.1217657708529964,997.9808618299546,0.4664850549865967,0.8496062793258082,2.496632201012929e-05,4.909385263380474e-05,0.018635319185606448,35,30.0,5.0,1000.0,0,nofaults
2025-11-24T19:25:03.062373+00:00,29.992751433587376,5.07842394252131,1004.9705374592119,0.4608333653551541,0.8487350649598806,7.12184167604472e-05,4.3734558118303646e-05,0.018306444005898877,37,30.0,5.0,1000.0,0,nofaults
2025-11-24T19:25:04.062138+00:00,29.983559477020275,5.015887875928448,993.1859141875868,0.46210940893867997,0.8537103761171198,7.156246055887236e-05,2.529604293306629e-05,0.01699095687934904,32,30.0,5.0,1000.0,0,nofaults
2025-11-24T19:25:05.061223+00:00,30.00655425014022,4.96412534952089,993.57830794507,0.4648909766493171,0.852276893422863,1.8324615712070985e-05,4.614566938258803e-05,0.01649596284881563,33,30.0,5.0,1000.0,0,nofaults
2025-11-24T19:25:06.160802+00:00,29.97811915486228,5.028890424427953,1000.9957758064476,0.46240200939634873,0.8509877533221054,1.8125003797090714e-05,3.1972124873222045e-05,0.018385256935621666,35,30.0,5.0,1000.0,0,nofaults
2025-11-24T19:25:07.281059+00:00,29.994845001544,5.036320452141957,1007.0571196956663,0.4650908042227268,0.8491931898997257,2.7057380939666467e-05,4.179330923688642e-05,0.01803076794302816,38,30.0,5.0,1000.0,0,nofaults
2025-11-24T19:25:08.285818+00:00,29.990455177453747,5.093531665539782,1010.2461078303859,0.46427914193432623,0.8476415720433295,4.0044842187158125e-05,4.751320482033529e-05,0.016966630004014247,32,30.0,5.0,1000.0,0,nofaults
2025-11-24T19:25:09.362778+00:00,29.99274981202574,5.07223225275964,999.5888290693823,0.4609053053743169,0.8480736044775685,7.456666708196638e-05,4.7193774176524706e-05,0.017753606159530887,38,30.0,5.0,1000.0,0,nofaults
2025-11-24T19:25:10.362861+00:00,29.98125653602181,5.066288230588436,993.8728029033033,0.4645990806054476,0.852357912869284,2.8965323641037917e-05,3.6373037546289834e-05,0.01649120181423003,34,30.0,5.0,1000.0,0,nofaults
2025-11-24T19:25:11.465903+00:00,30.00738424791456,5.021460396713948,1007.9072398580861,0.4636594440569343,0.8456941482258973,8.285402386250644e-05,4.4510370023438016e-05,0.018725131193707268,35,30.0,5.0,1000.0,0,nofaults
2025-11-24T19:25:12.466121+00:00,29.98817548713596,4.936881914569545,1000.2773706046697,0.46322811360554067,0.8502836789794215,4.4763627396324493e-05,2.0160431038687216e-05,0.016954275532532995,34,30.0,5.0,1000.0,0,nofaults
2025-11-24T19:25:13.461697+00:00,29.999648427072582,4.911000651365766,997.4261402752014,0.45697356646915255,0.8482197956343487,1.5500208075327554e-05,2.6496870979592928e-05,0.016683874558641756,36,30.0,5.0,1000.0,0,nofaults
2025-11-24T19:25:14.564569+00:00,30.0032177035623,4.944683443669248,992.1965791927717,0.4670123910762196,0.8539825375537684,5.6054538318938006e-05,5.769804061091721e-05,0.01833596485168205,36,30.0,5.0,1000.0,0,nofaults
2025-11-24T19:25:15.564461+00:00,29.985854669617492,4.935519742821977,991.9116684316677,0.46565381351192625,0.8517035089116559,5.370043505507983e-05,4.570891771113227e-05,0.016657808028962044,33,30.0,5.0,1000.0,0,nofaults
2025-11-24T19:25:16.677859+00:00,29.992748565996457,4.902827620880363,999.1498259157113,0.4607444781844462,0.8516828936331791,2.2894375110962587e-05,1.201620978115088e-05,0.017153874356986572,33,30.0,5.0,1000.0,0,nofaults
2025-11-24T19:25:17.588512+00:00,29.990458735398175,4.875584185929018,992.8562899314478,0.46200051068423387,0.8537970691179491,7.521440096436296e-05,7.90271506534041e-05,0.016857104247868654,32,30.0,5.0,1000.0,0,nofaults
2025-11-24T19:25:18.720529+00:00,30.001118700809435,4.897626601480561,1006.8015558291492,0.4607112042673839,0.8504737741387896,2.2986614880264116e-05,1.592581525458811e-05,0.018098724666939354,38,30.0,5.0,1000.0,0,nofaults
2025-11-24T19:25:19.851505+00:00,29.99902513286114,4.910009981003899,1002.6694112050154,0.4661048545886917,0.850354839051152,6.585774203307671e-05,5.563852504546359e-05,0.0184251757972488,35,30.0,5.0,1000.0,0,nofaults
2025-11-24T19:25:20.920779+00:00,29.992748186770402,4.892673249671225,1005.3620616218915,0.460976181242972,0.8500286601749149,4.6268864565237806e-05,5.7236528651879805e-05,0.018631526518112354,36,30.0,5.0,1000.0,0,nofaults
2025-11-24T19:25:21.984352+00:00,29.96557666906077,4.929823388241241,997.5750465357091,0.4640302610326834,0.8513303392631303,5.638095641422487e-05,8.25316673802243e-05,0.018318085892180473,37,30.0,5.0,1000.0,0,nofaults
2025-11-24T19:25:23.226455+00:00,29.985850494058617,4.949141460297651,1006.9525211123922,0.46340457745080554,0.8474784986325685,3.2205824259030165e-05,3.328773559235541e-05,0.01664730803535462,33,30.0,5.0,1000.0,0,nofaults
2025-11-24T19:25:24.092601+00:00,29.994845011393867,4.970688540668261,1001.241881410007,0.4631425032780887,0.8488624069754032,1.281330120125948e-05,1.6430303665704887e-05,0.018513926962726038,37,30.0,5.0,1000.0,0,nofaults
2025-11-24T19:25:25.126508+00:00,29.9973532371856,4.920535853598738,997.4039564398647,0.46657919598748354,0.8503042694704094,6.383842478516541e-05,4.6237601149565326e-05,0.017007933280950828,32,30.0,5.0,1000.0,0,nofaults
2025-11-24T19:25:26.176163+00:00,29.982305755188676,4.926108374384241,990.4767849588588,0.4624886854244311,0.8533009779156746,4.035911711375682e-05,2.6907008799056503e-05,0.018022959727897723,37,30.0,5.0,1000.0,0,nofaults
2025-11-24T19:25:27.417821+00:00,29.98021436777398,4.898864939432896,999.1679799356141,0.4657828081928358,0.850797385319968,3.606285225193531e-05,5.786088854034517e-05,0.018223447858749537,37,30.0,5.0,1000.0,0,nofaults
2025-11-24T19:25:28.263254+00:00,30.001954340948295,4.962763177773324,1010.5195819611315,0.4582587071529748,0.8477721953207313,5.962891757438255e-05,3.2372825743493874e-05,0.01680264943479286,33,30.0,5.0,1000.0,0,nofaults
2025-11-24T19:25:29.360213+00:00,29.984389053229066,4.914963332813236,1010.4538926002427,0.4656741394931554,0.8458683180158527,6.77570885209688e-05,3.3050191974550044e-05,0.018498761907503155,38,30.0,5.0,1000.0,0,nofaults
2025-11-24T19:25:30.364298+00:00,30.001954343658525,4.8374433769971334,998.8781585125089,0.459457407893209,0.8484259294223191,5.2021069262088634e-05,2.8575791257624733e-05,0.016797692071101135,32,30.0,5.0,1000.0,0,nofaults
2025-11-24T19:25:31.580473+00:00,29.992750351315976,4.855523111101209,989.2965560886606,0.46861754777131365,0.8538897134998847,5.6330846316232255e-05,8.093996613329135e-05,0.01785874887952543,37,30.0,5.0,1000.0,0,nofaults
2025-11-24T19:25:32.600154+00:00,29.99693696394502,4.814657958674189,986.9369811584994,0.45674846962543525,0.8556603449778954,7.149994480193051e-05,5.5052863720335116e-05,0.01784707210857122,35,30.0,5.0,1000.0,0,nofaults
2025-11-24T19:25:33.796843+00:00,30.003204692855174,4.867906490624548,1008.385529410069,0.46829560314799623,0.8477916576947243,1.7809471766272117e-05,7.673600478500989e-05,0.01838233288578075,37,30.0,5.0,1000.0,0,nofaults
2025-11-24T19:25:34.699696+00:00,30.006547688154626,4.874222014181449,999.8957659722639,0.4593117390427362,0.8515715413401986,7.601066319564163e-05,5.992172866545303e-05,0.016320475693380798,33,30.0,5.0,1000.0,0,nofaults
2025-11-24T19:25:35.760957+00:00,29.992751977805323,4.875336518338551,1004.1059777337337,0.46329244083912824,0.848945267097919,3.273714525664643e-05,1.2855016813810287e-05,0.019002364055995237,38,30.0,5.0,1000.0,0,nofaults
2025-11-24T19:25:36.796730+00:00,29.995057478502055,4.864686811948479,996.315724054269,0.46439075747922665,0.8514500861399552,4.9756938726668436e-05,7.507582981135665e-05,0.01615966308597878,33,30.0,5.0,1000.0,0,nofaults
2025-11-24T19:25:37.866351+00:00,29.990665461260786,4.89391158762356,1007.5063824836128,0.46016348970639503,0.8477902298739988,3.8169753870497535e-05,4.2757713810444405e-05,0.018294970954684943,39,30.0,5.0,1000.0,0,nofaults
2025-11-24T19:25:38.961246+00:00,29.996937500776948,4.9162016707655685,1003.3816732484979,0.4674494660861848,0.8476562610895374,4.156387959034096e-05,3.46611524127607e-05,0.018037551947798366,36,30.0,5.0,1000.0,0,nofaults
2025-11-24T19:25:39.962126+00:00,29.99045337341145,4.925984540589006,1002.2475205972347,0.46222162814849216,0.8480064293435181,2.4379410092943902e-05,5.011211871798302e-05,0.0165628556307359,30,30.0,5.0,1000.0,0,nofaults
2025-11-24T19:25:41.061687+00:00,30.0094778281849,4.954590147287919,1001.5170820327953,0.46170397037239075,0.850308073482562,3.726532482380998e-05,8.38644450695736e-05,0.018012648034843086,36,30.0,5.0,1000.0,0,nofaults
2025-11-24T19:25:42.161359+00:00,29.973936350505426,5.0598488732363,1001.727320907063,0.4671480118926988,0.8474899839689436,4.316868824387618e-05,5.182721880995676e-05,0.018738118412031417,37,30.0,5.0,1000.0,0,nofaults
2025-11-24T19:25:43.161541+00:00,30.001948974884773,5.034958280394389,987.9201241146848,0.4606988668144549,0.8525627391873934,5.539434935223496e-05,6.0542554580386053e-05,0.016565606472404685,31,30.0,5.0,1000.0,0,nofaults
2025-11-24T19:25:44.161138+00:00,29.98585466148678,5.1357589897143665,1004.1602829352984,0.46123368942385534,0.8477293285613641,2.108296915974414e-05,5.8447117695361105e-05,0.01653124963545967,32,30.0,5.0,1000.0,0,nofaults
2025-11-24T19:25:45.264544+00:00,29.99693425764535,5.085853970235312,998.0208913898357,0.4621694211846003,0.850716236492271,7.973994039473904e-05,3.066859217904367e-05,0.0181332139660736,35,30.0,5.0,1000.0,0,nofaults
2025-11-24T19:25:46.395125+00:00,30.003208474023577,5.002885327428941,1006.0713661636156,0.46624559686495837,0.8470118025459434,5.247670069958984e-05,1.904631561763264e-05,0.01810027916349443,38,30.0,5.0,1000.0,0,nofaults
2025-11-24T19:25:47.480683+00:00,29.990666534912183,5.077185604568975,999.5038577645377,0.46557555649250393,0.8490325780643844,3.891022690703566e-05,0.0001112581726804851,0.018328873949977474,36,30.0,5.0,1000.0,0,nofaults
2025-11-24T19:25:48.515368+00:00,29.98125296587903,5.157553737675444,988.8324972048974,0.46141665068104043,0.8545845198399882,3.999565212268943e-05,2.8749113166609857e-05,0.016546318611384676,32,30.0,5.0,1000.0,0,nofaults
2025-11-24T19:25:49.468024+00:00,30.00195016132024,5.115326413500858,1009.1913704855182,0.46193589054487977,0.8474580176900955,2.918973288229353e-05,1.8315359092372435e-05,0.016641881293196086,33,30.0,5.0,1000.0,0,nofaults
2025-11-24T19:25:50.562171+00:00,29.99483742809696,5.057372197331633,1004.3644409337795,0.46547249952395586,0.8461160786039387,4.753262168856175e-05,5.6799388068080216e-05,0.018683270443405307,35,30.0,5.0,1000.0,0,nofaults
2025-11-24T19:25:51.666600+00:00,29.973940153865147,5.109382391329657,998.8509214206279,0.4661651748441248,0.8497783928033958,4.697237503724595e-05,4.799003513706828e-05,0.018062784514543483,35,30.0,5.0,1000.0,0,nofaults
2025-11-24T19:25:52.765458+00:00,29.9802073249916,5.136625826281001,993.0491480386875,0.460669970478583,0.8523760637463483,3.519030598584383e-05,6.905497226049075e-05,0.018098323676876752,35,30.0,5.0,1000.0,0,nofaults
2025-11-24T19:25:53.782976+00:00,29.985852868293087,5.1275859592289645,996.6574675966433,0.4637046499999699,0.8501842613380071,0.00010057890225574642,2.5040909832380718e-05,0.01682777957557054,31,30.0,5.0,1000.0,0,nofaults
2025-11-24T19:25:54.883363+00:00,29.99693857935049,4.995455299714937,1001.4712918902479,0.4601543476043379,0.8490165845652299,4.5978537245060104e-05,6.552521295519698e-05,0.01818189969085519,38,30.0,5.0,1000.0,0,nofaults
2025-11-24T19:25:55.989510+00:00,29.992755765147923,5.109382391329656,994.8716236839388,0.4656420041737956,0.8518827155528073,3.856556230215825e-05,8.088174131134498e-05,0.01860170001557742,37,30.0,5.0,1000.0,0,nofaults
2025-11-24T19:25:57.277379+00:00,30.001111112579284,5.166345937137015,1009.327891570338,0.46538180874351115,0.8483649407707083,3.953230653734763e-05,3.663020937848519e-05,0.018953990835067616,37,30.0,5.0,1000.0,0,nofaults
2025-11-24T19:25:58.102493+00:00,29.99045574898805,5.171175455151117,999.1837178820176,0.46124221009798577,0.849376861905298,4.912416792618414e-05,5.447496853823187e-05,0.01659652826962784,33,30.0,5.0,1000.0,0,nofaults
2025-11-24T19:25:59.087246+00:00,29.988151045935375,5.176624142141387,1000.251043007094,0.46367776066667543,0.8475250462761666,5.132764115271747e-06,6.374058363384433e-06,0.016673844557438127,36,30.0,5.0,1000.0,0,nofaults
2025-11-24T19:26:00.103347+00:00,30.006545896306115,5.188883687869492,996.9152386659404,0.4630905856176063,0.8510710951745419,4.7770903017603786e-05,5.7270855457949275e-05,0.017184063791022747,32,30.0,5.0,1000.0,0,nofaults
2025-11-24T19:26:01.076445+00:00,29.98815819165518,5.216127122820838,1001.8892568576666,0.46956483319367914,0.849695748354328,5.6444970401547485e-05,3.68922827164077e-05,0.01658064569625362,35,30.0,5.0,1000.0,0,nofaults
2025-11-24T19:26:02.165084+00:00,30.00195136673195,5.284235710199201,1003.2748379628229,0.45854749120225086,0.8485579760211586,4.155804070216562e-05,8.287950393143703e-05,0.016790021943807132,34,30.0,5.0,1000.0,0,nofaults
2025-11-24T19:26:03.168001+00:00,29.992755252979524,5.293894746227406,998.1175224537147,0.46567642183116803,0.8506217074762245,5.768947808209265e-05,4.2818206051246556e-05,0.0185769355728026,39,30.0,5.0,1000.0,0,nofaults
2025-11-24T19:26:04.267587+00:00,29.999021329501417,5.186159344374358,999.141139907415,0.4601481524285838,0.8486426925016421,7.991732745857176e-05,3.494805504262613e-05,0.01797054101159108,36,30.0,5.0,1000.0,0,nofaults
2025-11-24T19:26:05.473442+00:00,30.019938130237836,5.172537626898686,1000.1444902971042,0.4626680031304089,0.8492856507698502,2.3808634961190275e-05,6.884443960847028e-05,0.01844485009314862,36,30.0,5.0,1000.0,0,nofaults
2025-11-24T19:26:06.496339+00:00,29.9843955517935,5.137864164233338,1000.1762415177502,0.4680775692303149,0.8494960055084756,9.971819226999926e-05,2.865636425014995e-05,0.01862594793310143,37,30.0,5.0,1000.0,0,nofaults
2025-11-24T19:26:07.564043+00:00,29.988575119179096,5.000408651524275,998.8091132515463,0.4583515909393339,0.8511180358900071,7.589460294480994e-05,5.4412132712550625e-05,0.01812962726993745,37,30.0,5.0,1000.0,0,nofaults
2025-11-24T19:26:08.563776+00:00,30.006561424330517,4.985920097481968,997.220926258161,0.459588694755925,0.8499989180003353,4.7080878961463675e-05,5.597799007722142e-05,0.016096331595055247,32,30.0,5.0,1000.0,0,nofaults
2025-11-24T19:26:09.662163+00:00,30.013660100633366,4.962020175001924,992.7055685967214,0.47034957731783733,0.8527461242103892,6.666115978258048e-05,5.5919164918562725e-05,0.018687442139010513,35,30.0,5.0,1000.0,0,nofaults
2025-11-24T19:26:10.769180+00:00,30.022027375258098,5.033843776237289,998.7074606088088,0.4604425251049765,0.8521858832090928,1.6840609153428486e-05,7.073410907690776e-05,0.01814508306691193,37,30.0,5.0,1000.0,0,nofaults
2025-11-24T19:26:11.925166+00:00,29.99693425272043,5.14900920580434,999.4519819392498,0.4633737164059568,0.8497235228774644,3.4137193126789634e-05,5.660121664143853e-05,0.018289757944677954,37,30.0,5.0,1000.0,0,nofaults
2025-11-24T19:26:12.863590+00:00,29.99046113266889,5.1275859592289645,1009.8860867763469,0.46828058963297303,0.8475848749554944,4.120877678197954e-05,2.7734966827676305e-05,0.01687363274944756,34,30.0,5.0,1000.0,0,nofaults
2025-11-24T19:26:13.861309+00:00,29.98815640386515,5.113964241753292,996.990407590494,0.4624979906235619,0.8512137997948788,6.32512891557504e-05,1.9037639508157985e-05,0.016825593226803565,35,30.0,5.0,1000.0,0,nofaults
2025-11-24T19:26:14.862414+00:00,29.99275035649063,5.044493482627359,999.8371640207536,0.4564944285409366,0.850978012449595,5.455251093388799e-05,5.097336195832794e-05,0.01650892482177062,35,30.0,5.0,1000.0,0,nofaults
2025-11-24T19:26:15.967625+00:00,29.98857186620178,5.014030368999946,1005.7625658719112,0.4669076663203566,0.8467654782478249,5.3055819464581715e-05,2.949080832058913e-05,0.018336232779508268,35,30.0,5.0,1000.0,0,nofaults
2025-11-24T19:26:17.008787+00:00,30.008849430529928,4.973660551753862,991.9318759091518,0.46303884778352844,0.8545099061223445,3.817353328751711e-05,2.5799198539761158e-05,0.01698185790513316,33,30.0,5.0,1000.0,0,nofaults
2025-11-24T19:26:17.988854+00:00,30.022655126885827,4.94914146029765,999.0895368043748,0.46138983165624836,0.8498099426739081,3.5854227181530545e-05,4.624526508934309e-05,0.016602136891960356,32,30.0,5.0,1000.0,0,nofaults
2025-11-24T19:26:19.005263+00:00,29.995047326027777,4.9900066127246685,1000.7138521711644,0.4634534507582425,0.8516783668968368,6.811453789886432e-05,3.639697441830827e-05,0.01672018596776701,35,30.0,5.0,1000.0,0,nofaults
2025-11-24T19:26:20.129364+00:00,30.001115451528616,4.892673249671225,1008.6432876103055,0.46325606438667166,0.8479133921465908,3.2941291563451126e-05,2.7503976674878577e-05,0.018670735076667184,38,30.0,5.0,1000.0,0,nofaults
2025-11-24T19:26:21.233601+00:00,29.98439718444872,4.950875133430918,1002.9247354450712,0.46594586498042145,0.8482136292294065,3.0063168944605108e-05,8.312627987770448e-05,0.018663822494069716,36,30.0,5.0,1000.0,0,nofaults
2025-11-24T19:26:22.162094+00:00,30.015748695685716,4.950503632045218,1001.8856609177698,0.4604505068177616,0.8476545656307497,6.613270384828027e-05,2.887277034849853e-05,0.01691215711783091,33,30.0,5.0,1000.0,0,nofaults
2025-11-24T19:26:23.163339+00:00,30.00655245286207,4.924622368841439,994.0959880304624,0.46073312478708006,0.8528804335939462,7.084177264278659e-05,4.618689500557205e-05,0.016427319016565387,32,30.0,5.0,1000.0,0,nofaults
2025-11-24T19:26:24.261002+00:00,30.003212832705966,4.901341615337563,996.9227566145637,0.4674432469300395,0.84931562653798,1.6149641223503667e-05,4.471267941786469e-05,0.01836151223047529,34,30.0,5.0,1000.0,0,nofaults
2025-11-24T19:26:25.261827+00:00,29.985849899486517,4.930071055831709,994.1305288713089,0.46491790080363876,0.852753242224878,3.171565768147215e-05,4.207485227532496e-05,0.016907147052514827,33,30.0,5.0,1000.0,0,nofaults
2025-11-24T19:26:26.261335+00:00,30.001956126031143,4.945054945054949,1001.6937907161943,0.4608923957138118,0.8494721181738001,2.1865800158472468e-05,1.592540562666915e-05,0.016796952710706244,31,30.0,5.0,1000.0,0,nofaults
2025-11-24T19:26:27.365450+00:00,29.999025114373225,4.902579953289895,999.9268334220777,0.4622665608902953,0.8526118437191372,9.557663588025299e-05,4.449648594604643e-05,0.018025600129202048,36,30.0,5.0,1000.0,0,nofaults
2025-11-24T19:26:28.365716+00:00,30.013455317993145,4.889205903404691,1002.1199485662808,0.4652100542621569,0.8467476065167702,2.5615639412100624e-05,5.267474970266309e-05,0.01652078173653064,32,30.0,5.0,1000.0,0,nofaults
2025-11-24T19:26:29.461318+00:00,30.003200888262825,4.886481559909554,992.4721726468559,0.4610389801376087,0.8553534862225899,3.3702554478489446e-05,3.808995683656219e-05,0.017717473802435945,37,30.0,5.0,1000.0,0,nofaults
2025-11-24T19:26:30.464402+00:00,29.992756913046588,4.91917368185117,988.6394878584872,0.46351723375676857,0.8551861722555328,1.4669715849612622e-05,2.9552784691541926e-05,0.017069599702640683,31,30.0,5.0,1000.0,0,nofaults
2025-11-24T19:26:31.563322+00:00,29.973944992694147,4.966973526811258,990.8955698372735,0.4673520267001774,0.8558512879499134,3.461918560234177e-05,5.90804912486221e-05,0.0183843873518596,42,30.0,5.0,1000.0,0,nofaults
2025-11-24T19:26:32.672609+00:00,30.00529555450242,5.014030368999947,990.6275199655801,0.4599391270514928,0.8577804017678216,3.5821468522779175e-05,4.655941657901964e-05,0.018212279958035232,37,30.0,5.0,1000.0,0,nofaults
2025-11-24T19:26:33.663369+00:00,30.006558997259333,4.96957403651116,995.9020592240677,0.463101951057521,0.8588198740902675,4.194655977885643e-05,2.4876292720762377e-05,0.016275414007600138,34,30.0,5.0,1000.0,0,nofaults
2025-11-24T19:26:34.802486+00:00,29.996931543956908,4.974403554525261,1009.5065130148746,0.4623435826117712,0.851967227263822,5.070051376415245e-05,4.209322252769698e-05,0.018360817335400646,40,30.0,5.0,1000.0,0,nofaults
2025-11-24T19:26:36.047469+00:00,30.005295015220508,4.964496850906591,1002.4223191167042,0.4652719821152982,0.8530696481259645,2.7699289749161107e-05,4.651003748655895e-05,0.01843741522069313,38,30.0,5.0,1000.0,0,nofaults
2025-11-24T19:26:37.142387+00:00,29.999659759212097,4.977747066996564,1001.8832977515428,0.4574371881839105,0.8536134870432504,4.1703882756236426e-05,2.5000771139076823e-05,0.01699560178591028,35,30.0,5.0,1000.0,0,nofaults
2025-11-24T19:26:37.914304+00:00,30.001951959948162,4.955952319035488,999.389889729892,0.46794184170955083,0.8533983698479302,3.6131160474865205e-05,5.843658823094379e-05,0.016895849552271545,36,30.0,5.0,1000.0,0,nofaults
2025-11-24T19:26:38.963713+00:00,29.99484501879375,5.030128762380287,1002.0489487747142,0.46454882515639295,0.8557073079360248,3.433563015112277e-05,4.343749603531487e-05,0.01850034944435255,39,30.0,5.0,1000.0,0,nofaults
2025-11-24T19:26:39.990743+00:00,29.997346087413433,5.000903986705206,997.6024527893557,0.4633942888400656,0.8535228475225545,4.722131726805959e-05,3.729951274201595e-05,0.01673228700347193,32,30.0,5.0,1000.0,0,nofaults
2025-11-24T19:26:41.085635+00:00,29.990662186110214,4.965735188858924,1008.9689943612422,0.4657559349540829,0.8499755811526231,6.239199239589729e-05,3.788073157295041e-05,0.018338178425172044,38,30.0,5.0,1000.0,0,nofaults
2025-11-24T19:26:42.167226+00:00,30.019941920047074,4.978118568382263,998.9610611840737,0.4615952605743808,0.8540910670200841,5.657449523664217e-05,5.6369474493577955e-05,0.018659074678612646,38,30.0,5.0,1000.0,0,nofaults
2025-11-24T19:26:43.286742+00:00,29.99275413619473,4.945921781621585,1006.50146048297,0.46246523202679257,0.8507385438806639,6.148202008577597e-05,3.776737240070302e-05,0.018192564676189914,37,30.0,5.0,1000.0,0,nofaults
2025-11-24T19:26:44.262095+00:00,30.013454107139545,4.936881914569545,1004.819544002404,0.46169160850692553,0.8504093103205733,3.277759517894133e-05,5.623283109086232e-05,0.016774715575844507,36,30.0,5.0,1000.0,0,nofaults
2025-11-24T19:26:45.389181+00:00,30.015759114465915,4.945921781621584,1001.7899919203827,0.45956843814961434,0.8494336092452008,4.9163683808080435e-05,4.176804824872858e-05,0.018051409319352812,35,30.0,5.0,1000.0,0,nofaults
2025-11-24T19:26:46.555823+00:00,29.99066381628909,4.896388263528227,996.6195962670917,0.4667940774993829,0.8551290911680759,5.698747628906664e-05,4.8434318800855415e-05,0.018457481421408902,38,30.0,5.0,1000.0,0,nofaults
2025-11-24T19:26:47.591078+00:00,30.01805103127112,4.913724994860901,1004.1106383330407,0.4650352940555515,0.8492457530936885,7.492209458966939e-05,4.133701123522333e-05,0.01646354490527937,32,30.0,5.0,1000.0,0,nofaults
2025-11-24T19:26:48.463649+00:00,29.999648423004942,4.875584185929017,1001.2532069271252,0.4609212459134343,0.8487544275517696,3.40172539193515e-05,2.9301912089625316e-05,0.01645739464620908,33,30.0,5.0,1000.0,0,nofaults
2025-11-24T19:26:49.562013+00:00,30.017839666791897,4.855523111101208,1007.707638484423,0.4615982595773005,0.8488792775629105,8.400879245580131e-05,7.719526374464365e-05,0.01798038809112936,37,30.0,5.0,1000.0,0,nofaults
2025-11-24T19:26:50.727976+00:00,29.982300894185006,4.855523111101208,997.0454999110138,0.46595142762795816,0.8534825715043305,2.7436990663872346e-05,6.175078239873221e-05,0.018299906431789508,38,30.0,5.0,1000.0,0,nofaults
2025-11-24T19:26:51.783804+00:00,29.986487501878017,4.907533305099231,1004.3439267792247,0.46690182368876365,0.8448662718101477,5.542478874663526e-05,3.3846947955513946e-05,0.018407500818420578,39,30.0,5.0,1000.0,0,nofaults
2025-11-24T19:26:52.832510+00:00,29.999652602639117,4.852427266220373,1002.52240980079,0.45975322148133807,0.8501914936836462,3.61933763921213e-05,3.1895968946592746e-05,0.01652782327526491,36,30.0,5.0,1000.0,0,nofaults
2025-11-24T19:26:53.765634+00:00,29.99505387445302,4.883757216414422,1003.4834929703118,0.4610885320223927,0.848577931324533,1.1410568304304426e-05,2.1712707600758083e-05,0.016661890266122383,34,30.0,5.0,1000.0,0,nofaults
2025-11-24T19:26:54.938411+00:00,30.015754230057688,4.865429814719881,1003.5876266479652,0.46704440233355354,0.8482296800502206,4.7748210026271064e-05,2.730901604432423e-05,0.018718738152305472,37,30.0,5.0,1000.0,0,nofaults
2025-11-24T19:26:56.054158+00:00,30.00425250640751,4.852427266220374,1004.9166383583927,0.4595948509387129,0.8456644967687087,2.7101130166986643e-05,5.408209851444947e-05,0.016413910539885397,34,30.0,5.0,1000.0,0,nofaults
2025-11-24T19:26:57.023345+00:00,30.005295010284474,4.921155022574904,1003.692124295401,0.46201360915051914,0.8471822378801971,1.5408077281721562e-05,4.553426295459163e-05,0.018636088091783434,36,30.0,5.0,1000.0,0,nofaults
2025-11-24T19:26:58.103326+00:00,29.986495640569796,4.887719897861889,1001.8641499740737,0.45941699425966664,0.8459730596939796,8.558240813286594e-05,6.16225734928295e-05,0.018401578440686517,38,30.0,5.0,1000.0,0,nofaults
2025-11-24T19:26:59.118831+00:00,30.001950755889272,4.864686811948479,988.2993426265244,0.4714345910969372,0.8506226698017691,4.91558466538888e-05,1.6440310648008912e-05,0.017213207494649406,34,30.0,5.0,1000.0,0,nofaults
2025-11-24T19:27:00.061889+00:00,30.01344993430006,4.834719033501999,993.774028489963,0.460474962715171,0.8518907649624283,6.409764861059382e-05,3.712217161186243e-05,0.016566177221909464,32,30.0,5.0,1000.0,0,nofaults
2025-11-24T19:27:01.062826+00:00,29.990459331327667,4.8156486290360565,1001.615771683579,0.4659144342920076,0.8498745698042527,3.182174503539753e-05,5.088939506118005e-05,0.0167478148298969,32,30.0,5.0,1000.0,0,nofaults
2025-11-24T19:27:02.164473+00:00,29.994842301403285,4.797321227341517,994.6491353999191,0.46129631205920135,0.8495668756449242,8.71061660324293e-05,2.8526432205048526e-05,0.01815307188792487,35,30.0,5.0,1000.0,0,nofaults
2025-11-24T19:27:03.326491+00:00,29.990663815063407,4.781222833961174,996.3679531046135,0.4625142173935383,0.8514517558944518,1.5877470102021964e-05,7.876185571133712e-05,0.018186405319571494,39,30.0,5.0,1000.0,0,nofaults
2025-11-24T19:27:04.448878+00:00,30.011145204148068,4.857875953210644,998.0667575067722,0.46409011687720286,0.8518657163170676,4.935709805420885e-05,7.472981379016131e-05,0.016650115878447294,31,30.0,5.0,1000.0,0,nofaults
2025-11-24T19:27:05.412226+00:00,30.011153576972184,4.920535853598738,994.6241001085825,0.4629020862596767,0.8513446930918743,3.133747071540616e-05,9.265686497935858e-05,0.016541668757423196,32,30.0,5.0,1000.0,0,nofaults
2025-11-24T19:27:06.503578+00:00,30.003215551330438,5.025175410570952,996.3288537982448,0.4652813509527368,0.8537557011368574,2.404440960994583e-05,4.346897518258858e-05,0.01833105591402384,38,30.0,5.0,1000.0,0,nofaults
2025-11-24T19:27:07.512594+00:00,29.984393937631747,5.037558790094291,1013.370012025961,0.4658929614001327,0.8451453410897781,4.432381948811787e-05,4.23389764553373e-05,0.01789441145887942,36,30.0,5.0,1000.0,0,nofaults
2025-11-24T19:27:08.635769+00:00,30.011147593278913,5.007714845443044,999.5740961274948,0.45937087830604817,0.8525074805149352,3.234820488381535e-05,1.3603393143035913e-05,0.01648799163552753,33,30.0,5.0,1000.0,0,nofaults
2025-11-24T19:27:09.606639+00:00,30.00320522967045,4.976880230429931,1002.5330114454077,0.46101147100118955,0.8477992782791901,4.889338281007519e-05,3.922655817478676e-05,0.01776162038059513,36,30.0,5.0,1000.0,0,nofaults
2025-11-24T19:27:10.565231+00:00,29.9812565495669,5.010439188938177,995.1807299732257,0.4638770662134048,0.8522508154284077,4.706008918851052e-05,6.52973995843781e-05,0.016774696769933626,35,30.0,5.0,1000.0,0,nofaults
2025-11-24T19:27:11.707560+00:00,29.98857187236212,5.067278900950304,1005.5636357302126,0.46791756324787653,0.8476648094315272,4.8948924755625584e-05,8.99302918296435e-05,0.01810758921176531,37,30.0,5.0,1000.0,0,nofaults
2025-11-24T19:27:12.847866+00:00,29.965164596873514,5.1057912112678885,998.8371610749373,0.460920471919897,0.8513405319776435,4.201227090773838e-05,2.271327672602518e-05,0.01645151240073684,33,30.0,5.0,1000.0,0,nofaults
2025-11-24T19:27:13.799161+00:00,30.003206864792308,5.042512141903625,997.7872352338328,0.46536606996908975,0.8493137483083643,7.358340731210844e-05,2.7543619507183177e-05,0.01868405304291466,37,30.0,5.0,1000.0,0,nofaults
2025-11-24T19:27:14.895741+00:00,30.001950759952344,4.9205358535987385,988.944538176556,0.459743516205574,0.8552997226163279,5.142220459906549e-05,1.6890718887339166e-05,0.016643599474001344,31,30.0,5.0,1000.0,0,nofaults
2025-11-24T19:27:15.901149+00:00,29.988576189156166,4.911248318956233,995.784679583686,0.4637141778528593,0.8535820219197366,3.0215677811111452e-05,6.318132793438852e-05,0.018758938918217227,36,30.0,5.0,1000.0,0,nofaults
2025-11-24T19:27:16.943167+00:00,30.001948380312673,4.936881914569544,1000.9928510238794,0.463284451399537,0.8504210078297803,6.551823265868873e-05,3.1088273200043925e-05,0.01666440941392941,34,30.0,5.0,1000.0,0,nofaults
2025-11-24T19:27:17.996433+00:00,30.024113348807585,4.887719897861889,1009.1977874291103,0.4646835993907437,0.8458873574222955,7.289178296547054e-05,3.401848180094787e-05,0.01866980044756645,40,30.0,5.0,1000.0,0,nofaults
2025-11-24T19:27:19.079114+00:00,29.976037485765392,4.838186379768533,1006.1730208697404,0.46302337124914844,0.8493003406030326,5.223555663378738e-05,1.4522371115772445e-05,0.01840166363062709,37,30.0,5.0,1000.0,0,nofaults
2025-11-24T19:27:20.093598+00:00,30.011157140321792,4.7829565070944415,1000.7736293497121,0.46532563695299806,0.8504293463655074,2.0980005715225398e-05,3.620884021939083e-05,0.016667504050243243,35,30.0,5.0,1000.0,0,nofaults
2025-11-24T19:27:21.140472+00:00,30.015755854953643,4.795216052822548,998.4847269085727,0.4604623852989846,0.8494049965750794,5.239767060968174e-05,7.07049858569343e-05,0.01666375142984955,35,30.0,5.0,1000.0,0,nofaults
2025-11-24T19:27:22.061607+00:00,29.990452191034468,4.840167720492268,988.6086458793861,0.46597667304694274,0.8543486379324614,3.2026169745973816e-05,5.9530928266923995e-05,0.016852783884864796,35,30.0,5.0,1000.0,0,nofaults
2025-11-24T19:27:23.239510+00:00,30.011567614964793,4.917440008717903,1003.4508635052135,0.45973877468089663,0.8493262596598473,4.738584603431042e-05,8.11126264560436e-05,0.018408285645625706,39,30.0,5.0,1000.0,0,nofaults
2025-11-24T19:27:24.163447+00:00,30.029557971661802,4.912362823113333,1004.8423426465743,0.46467263840255174,0.8502264248548522,6.41844135613474e-05,3.0299256143024315e-05,0.01678636610880707,35,30.0,5.0,1000.0,0,nofaults
2025-11-24T19:27:25.176540+00:00,30.02264974590297,4.886481559909554,1003.2170931310233,0.46133767815390564,0.847989937598086,4.4663013599412614e-05,5.04665913121713e-05,0.01645732573073496,32,30.0,5.0,1000.0,0,nofaults
2025-11-24T19:27:26.261404+00:00,29.984393920381994,4.855523111101208,997.1969774067751,0.46481565912658634,0.8505475502838745,6.715661747719502e-05,5.9519917594717315e-05,0.018598790108867877,38,30.0,5.0,1000.0,0,nofaults
2025-11-24T19:27:27.440392+00:00,30.00529175730857,4.874098180386217,1000.7299285056921,0.46308068807954367,0.8487198644919417,2.7846190836655744e-05,4.4270580135509606e-05,0.018234751157239895,34,30.0,5.0,1000.0,0,nofaults
2025-11-24T19:27:28.366690+00:00,30.001953158580466,4.923260197093872,1004.7520721024563,0.4643694531178877,0.8487042747554062,2.605450329101322e-05,6.023837536225286e-05,0.016816517175046466,34,30.0,5.0,1000.0,0,nofaults
2025-11-24T19:27:29.552911+00:00,30.003204137543648,4.9397300918599125,993.9529193417663,0.46100221545454156,0.8531457034237732,6.758178448435531e-05,6.684358082973535e-05,0.018293407191567183,36,30.0,5.0,1000.0,0,nofaults
2025-11-24T19:27:30.597632+00:00,30.00739346879162,4.985548596096267,1004.4477506088716,0.46086145721248944,0.8473366842005204,1.583793081584048e-05,4.8365804172814834e-05,0.018094322490892937,38,30.0,5.0,1000.0,0,nofaults
2025-11-24T19:27:31.691203+00:00,29.984408563755416,5.04375047985596,1006.4442854968456,0.46481716785216687,0.8466381378255345,1.9012381520484483e-05,5.872705511915855e-05,0.01850699127304897,39,30.0,5.0,1000.0,0,nofaults
2025-11-24T19:27:32.769133+00:00,29.98647992350882,5.213402779325702,996.8881866643216,0.46583791747294645,0.8503251718940412,2.6276469244233297e-05,6.831147801098223e-05,0.018558513414729805,38,30.0,5.0,1000.0,0,nofaults
2025-11-24T19:27:33.863105+00:00,29.99902132703478,5.281511366704065,1001.81867009011,0.4633125120756532,0.8488559404723994,4.355819935542744e-05,6.00254685880395e-05,0.018394384686115442,36,30.0,5.0,1000.0,0,nofaults
2025-11-24T19:27:35.073937+00:00,29.994849879805745,5.334759898654425,1000.2233559727155,0.4645201688355065,0.8503311294458166,5.222490627818729e-05,6.379565591664582e-05,0.01844208148733288,37,30.0,5.0,1000.0,0,nofaults
2025-11-24T19:27:36.099966+00:00,30.00530261085335,5.407821837842125,997.8138829132678,0.4652361567143993,0.8474630140059403,4.2929532651241556e-05,2.5569545751809106e-05,0.01845833069833794,37,30.0,5.0,1000.0,0,nofaults
2025-11-24T19:27:37.061231+00:00,29.999653201272736,5.258354446995423,996.5451280615529,0.46093945797174507,0.8509695564772635,6.465179697700837e-05,1.4979237361317137e-05,0.016533755318377835,31,30.0,5.0,1000.0,0,nofaults
2025-11-24T19:27:38.166470+00:00,30.001113277122087,5.137864164233336,1002.5735489742248,0.462169925920523,0.8496458077995029,0.00010816308426318081,5.99511330042557e-05,0.018192534524103153,37,30.0,5.0,1000.0,0,nofaults
2025-11-24T19:27:39.163365+00:00,29.995058031064623,5.007714845443043,996.3107197941512,0.4634358357174378,0.8496392962099018,4.987180189631771e-05,4.7011662777283245e-05,0.016467338968183476,31,30.0,5.0,1000.0,0,nofaults
2025-11-24T19:27:40.261505+00:00,30.0073940364697,4.992978623810273,1003.4276855263913,0.4566202157611721,0.8486613670834618,3.732232020755557e-05,3.259737810502457e-05,0.017794458984740306,38,30.0,5.0,1000.0,0,nofaults
2025-11-24T19:27:41.361219+00:00,29.96348850508622,4.9682118647635924,998.1911672486633,0.4698266641645871,0.8491278801105625,4.140641166918941e-05,3.148091267469297e-05,0.018930840081897778,38,30.0,5.0,1000.0,0,nofaults
2025-11-24T19:27:42.390770+00:00,29.99504970973509,4.958676662530623,994.7165582632728,0.4658323924388279,0.8521905587311718,4.87024737946266e-05,3.9952438918955434e-05,0.017257498263980528,34,30.0,5.0,1000.0,0,nofaults
2025-11-24T19:27:43.470680+00:00,29.99694994636835,5.002885327428941,998.1291143012276,0.4623612528833613,0.8512431759837855,2.9533677341791664e-05,7.588904571170934e-05,0.018371133128135604,38,30.0,5.0,1000.0,0,nofaults
2025-11-24T19:27:44.460882+00:00,30.004260269741785,5.024060906413853,999.6130486463198,0.4608501548298217,0.8496656595106342,6.027644487474907e-05,1.753450571674585e-05,0.01652668642489371,35,30.0,5.0,1000.0,0,nofaults
2025-11-24T19:27:45.561524+00:00,30.007386965299474,4.9607818370495895,1002.221077799079,0.4652263601373731,0.8513372079046491,6.204287443333484e-05,6.302165214450855e-05,0.01856212577539318,37,30.0,5.0,1000.0,0,nofaults
2025-11-24T19:27:46.667956+00:00,29.97184872335727,4.9607818370495895,997.3993324318994,0.46318452981633845,0.8508576081317943,7.168571150523914e-05,3.494532310183427e-05,0.018581557061624038,39,30.0,5.0,1000.0,0,nofaults
2025-11-24T19:27:47.676865+00:00,30.011157732177555,4.919173681851168,999.6854132451812,0.4606435229563838,0.8494495000784065,2.9900864782857637e-05,3.594205917652532e-05,0.016589241006294386,33,30.0,5.0,1000.0,0,nofaults
2025-11-24T19:27:48.667410+00:00,30.008852418300513,4.883757216414422,998.8185840122235,0.4677576112382784,0.8510402203623615,5.994742927066094e-05,1.0682140722782487e-05,0.016709259979562484,34,30.0,5.0,1000.0,0,nofaults
2025-11-24T19:27:49.763287+00:00,30.005303158765,4.819611310483525,1003.4893166147908,0.46315380791242633,0.850127904153221,2.865335825153539e-05,4.457924311726478e-05,0.01854779970883952,37,30.0,5.0,1000.0,0,nofaults
2025-11-24T19:27:50.760550+00:00,29.99275332799367,4.860600296705778,1002.3172515438615,0.461205036004693,0.8496875301013223,1.8961527029711407e-05,3.2023968899300236e-05,0.016423555439722702,32,30.0,5.0,1000.0,0,nofaults
2025-11-24T19:27:51.865253+00:00,29.996932088174855,4.884004884004887,1002.9012959655705,0.46344260061850445,0.847245628089468,2.0834156319276097e-05,2.4809440381600587e-05,0.018580087091731447,35,30.0,5.0,1000.0,0,nofaults
2025-11-24T19:27:52.869548+00:00,30.00655603115543,4.889205903404689,1001.1239921611452,0.464297304403936,0.8489388725347858,4.1911789006260946e-05,6.747739722922331e-05,0.016673875293809745,35,30.0,5.0,1000.0,0,nofaults
2025-11-24T19:27:53.966026+00:00,30.015753150255684,4.950875133430917,997.5141769537632,0.4628062084182831,0.8517619743888858,1.8143817737140045e-05,3.6611316235756994e-05,0.01844831838237921,36,30.0,5.0,1000.0,0,nofaults
2025-11-24T19:27:55.061646+00:00,30.028296712161342,4.93230006414591,1008.8741622296664,0.46343730939232886,0.8470586273275665,4.847824199109102e-05,5.077242790539756e-05,0.01832370328031028,37,30.0,5.0,1000.0,0,nofaults
2025-11-24T19:27:56.162396+00:00,30.005293386261766,4.938491753907578,1002.6226400202286,0.4620145812400229,0.8456216168300372,6.0688603005520014e-05,3.470738688120276e-05,0.01792690724995488,36,30.0,5.0,1000.0,0,nofaults
2025-11-24T19:27:57.163768+00:00,30.004254292826385,4.950503632045217,993.2383306270498,0.4642916959123561,0.8490118031882952,4.098882068643386e-05,4.762078758615123e-05,0.016569093518505492,32,30.0,5.0,1000.0,0,nofaults
2025-11-24T19:27:58.166924+00:00,29.981261911571938,4.976384895248996,1006.5841799474281,0.46621215572729835,0.8477499818910836,1.366615936632637e-05,4.819303855107159e-05,0.01696531971780828,35,30.0,5.0,1000.0,0,nofaults
2025-11-24T19:27:59.261066+00:00,30.011580631832256,4.985548596096268,1001.4083255267452,0.4575617301793368,0.8476044862743449,2.3212428311256532e-05,3.5620451200350643e-06,0.018211723106615216,38,30.0,5.0,1000.0,0,nofaults
2025-11-24T19:28:00.261583+00:00,30.006548881363397,4.961401006025756,1001.8873068178212,0.46422286262048085,0.8481835817632634,9.06475504707582e-06,2.4899476102079378e-05,0.01683254487441511,33,30.0,5.0,1000.0,0,nofaults
2025-11-24T19:28:01.360849+00:00,29.990662732792007,5.031367100332622,1002.5386385698654,0.46462685026423817,0.8456725573951845,2.1320481205203786e-05,2.8441874565273284e-05,0.01795533850997422,37,30.0,5.0,1000.0,0,nofaults
2025-11-24T19:28:02.579621+00:00,30.02620366993891,4.990501947905601,1001.6410687473776,0.4613305204117826,0.8471879234697535,4.090809254124418e-05,5.011535631943163e-05,0.017894746679042554,37,30.0,5.0,1000.0,0,nofaults
2025-11-24T19:28:03.629231+00:00,29.99066165420736,5.090807322044649,997.2748248094089,0.46567349441180994,0.8482933790622286,5.935217091564172e-06,5.380114135248445e-05,0.01805288296201096,34,30.0,5.0,1000.0,0,nofaults
2025-11-24T19:28:04.679847+00:00,29.988577270194938,5.182444330517356,1001.8685089423823,0.4614866235731096,0.8472846303184817,4.640273408633213e-05,4.8016114544674305e-05,0.018200360213371135,39,30.0,5.0,1000.0,0,nofaults
2025-11-24T19:28:05.726279+00:00,29.988154022865018,5.107153383015456,993.1162550837696,0.4636492623352425,0.8479930749346858,4.0936543018486183e-05,2.1883705074717666e-05,0.01637205993038793,35,30.0,5.0,1000.0,0,nofaults
2025-11-24T19:28:06.819472+00:00,29.982294941062822,5.160154247375346,997.716262690161,0.46493067459905346,0.8493700805293909,1.685864956184913e-05,5.5593632821431075e-05,0.01798213032201242,39,30.0,5.0,1000.0,0,nofaults
2025-11-24T19:28:07.860564+00:00,30.013656846424837,5.215879455230371,1009.5087878078862,0.46071324798978064,0.8436309203424383,2.9746310366271806e-05,7.00752112368762e-06,0.018297569842082983,38,30.0,5.0,1000.0,0,nofaults
2025-11-24T19:28:08.961870+00:00,29.994840679838855,5.188636020279026,993.242014825519,0.46665058879096094,0.8512289803502736,7.362067764735944e-05,6.0288178712392096e-05,0.01867924148680498,35,30.0,5.0,1000.0,0,nofaults
2025-11-24T19:28:09.962551+00:00,29.995057481209233,5.131672474471667,993.3069147862491,0.4611032480916807,0.851148411262761,7.209371355859191e-05,3.854856895281631e-05,0.01649149799542493,31,30.0,5.0,1000.0,0,nofaults
2025-11-24T19:28:11.064038+00:00,30.007398924547964,5.051180507569963,1005.2288487794441,0.4651866513925762,0.8459665875651626,6.279088354586683e-05,5.410758083464259e-05,0.018346063924479343,38,30.0,5.0,1000.0,0,nofaults
2025-11-24T19:28:12.165419+00:00,29.996936416033375,5.01526870695228,1001.4145995461637,0.4612596377009226,0.8483881201721393,5.5131353747127874e-05,4.9875063555802195e-05,0.018783942136393894,37,30.0,5.0,1000.0,0,nofaults
2025-11-24T19:28:13.161281+00:00,30.027261581801923,5.058115200103032,990.2128067612224,0.46355915045967366,0.8503023078353722,2.4984582440930636e-05,4.54715575204613e-05,0.017086171788469492,32,30.0,5.0,1000.0,0,nofaults
2025-11-24T19:28:14.186641+00:00,30.00425190775861,5.021336562918716,993.3707616419094,0.4595886092928311,0.8523590404023818,6.899485435418748e-05,2.7448004792277542e-05,0.016450961242860607,33,30.0,5.0,1000.0,0,nofaults
2025-11-24T19:28:15.267797+00:00,29.99902024353075,4.969450202715927,1001.3638897693768,0.4675522618182874,0.848345863978766,4.395533489889733e-05,4.338574376724637e-05,0.018538591756618126,35,30.0,5.0,1000.0,0,nofaults
2025-11-24T19:28:16.260160+00:00,30.01344814244544,4.965487521268459,1002.0130986866591,0.46162940330696056,0.8505152036684149,2.450133868593888e-05,2.447962520123602e-05,0.016481242964183553,32,30.0,5.0,1000.0,0,nofaults
2025-11-24T19:28:17.277507+00:00,30.011149987839396,4.9709362082587285,1005.5761928438893,0.46168553097493276,0.8467660887135532,2.7619819761257134e-05,3.863792904399661e-05,0.01672671602303072,33,30.0,5.0,1000.0,0,nofaults
2025-11-24T19:28:18.368422+00:00,29.99902186386117,4.9892636099532695,1000.360006246943,0.4621757994657265,0.8494706416890739,4.299988549448121e-05,4.169756451110177e-05,0.01816591770965875,37,30.0,5.0,1000.0,0,nofaults
2025-11-24T19:28:19.468546+00:00,30.01784562976395,4.949636795478583,998.4581560772059,0.4636864756006372,0.8495197125600812,4.365527988817032e-05,3.1357037305759e-05,0.01783215069306127,38,30.0,5.0,1000.0,0,nofaults
2025-11-24T19:28:20.462134+00:00,29.997352642608927,4.950503632045218,1009.4982722363338,0.46679774436714905,0.8447821336470435,2.5706415294931915e-05,6.614545557843503e-05,0.016816852179946582,33,30.0,5.0,1000.0,0,nofaults
2025-11-24T19:28:21.564447+00:00,30.001119237627503,5.051180507569963,996.4366027235562,0.4620820440817204,0.8511339171245271,3.992343121740031e-05,5.8855205677204724e-05,0.0181535929085405,38,30.0,5.0,1000.0,0,nofaults
2025-11-24T19:28:22.660209+00:00,29.986475047738654,5.068517238902637,994.4268081330057,0.4636409761604199,0.8475252670785697,5.218868696120347e-05,2.0735020466521985e-05,0.01804273242582209,38,30.0,5.0,1000.0,0,nofaults
2025-11-24T19:28:23.664390+00:00,29.983559471608952,4.95459014728792,1000.3491760675031,0.463747107829403,0.850891462039742,7.562351188749386e-05,1.4462428167723981e-05,0.01686247004120248,32,30.0,5.0,1000.0,0,nofaults
2025-11-24T19:28:24.667685+00:00,29.99735563038867,4.8960167621425255,987.4043505030031,0.45744191667980855,0.8518610148053855,5.36414804630732e-05,3.219236415823067e-05,0.016797061727768497,33,30.0,5.0,1000.0,0,nofaults
2025-11-24T19:28:25.763720+00:00,29.984384182389384,4.833233027959199,1000.8221157626016,0.4680259432320614,0.8519064883937543,5.450095273619631e-05,4.9657559074512775e-05,0.018372931608693632,35,30.0,5.0,1000.0,0,nofaults
2025-11-24T19:28:26.865059+00:00,30.00739729067823,4.864191476767545,1001.4037577250122,0.4630066878260084,0.8489317845746481,5.9610028394308335e-05,7.544809880186541e-05,0.018350261636010272,37,30.0,5.0,1000.0,0,nofaults
2025-11-24T19:28:27.862820+00:00,30.00194897217147,4.8960167621425255,1002.9678301256201,0.46201007674882294,0.8501402866127752,2.1659944463911915e-05,4.568381071654777e-05,0.01657934910929069,30,30.0,5.0,1000.0,0,nofaults
2025-11-24T19:28:28.961499+00:00,30.019934323176088,4.846854745434869,1004.4177828601795,0.46045517220868903,0.8490015030307402,0.00010014283067977588,2.888188730161208e-05,0.018305439553439287,35,30.0,5.0,1000.0,0,nofaults
2025-11-24T19:28:29.964623+00:00,29.99045457474178,4.852427266220373,998.9722210681451,0.4670684067998872,0.8490276303135756,3.733065371327611e-05,7.849373009974269e-05,0.016558217999941102,33,30.0,5.0,1000.0,0,nofaults
2025-11-24T19:28:31.063396+00:00,30.005294475933045,4.88152820810022,999.1443547632779,0.4630567790010291,0.8495699143485634,3.882817564108271e-05,8.014928723934331e-05,0.018351285730506938,35,30.0,5.0,1000.0,0,nofaults
2025-11-24T19:28:32.061732+00:00,30.013460084058,4.951865803792785,996.2497923837911,0.4616090707134772,0.8514307788634419,2.5410692331141414e-05,3.6819303281789826e-05,0.016725526582143786,33,30.0,5.0,1000.0,0,nofaults
2025-11-24T19:28:33.168585+00:00,29.988570250800482,4.979356906334597,1005.3664316432137,0.46251383983529454,0.8496281022992327,1.9827088854369675e-05,4.805186405758853e-05,0.018467475917468074,36,30.0,5.0,1000.0,0,nofaults
2025-11-24T19:28:34.260151+00:00,29.980213830955915,5.021460396713951,996.141168655363,0.4660211723636288,0.8515678883312965,3.330263533199041e-05,2.388480989681249e-05,0.01884432587380466,34,30.0,5.0,1000.0,0,nofaults
2025-11-24T19:28:35.361453+00:00,30.003205777590424,4.984310258143933,996.9918780471652,0.4610034390979616,0.8486511123071682,5.295755728426305e-05,2.6540598908848113e-05,0.018126476230865957,39,30.0,5.0,1000.0,0,nofaults
2025-11-24T19:28:36.461061+00:00,30.007387500894648,4.958305161144922,997.2029004628444,0.4619283909207161,0.8523530013076793,5.6778297893966145e-05,6.79764066275835e-05,0.018175219726372,35,30.0,5.0,1000.0,0,nofaults
2025-11-24T19:28:37.461455+00:00,30.004255491464797,4.96548752126846,996.0633086652917,0.4654562177027028,0.8517431111379519,7.565047011851201e-05,6.185012167743417e-05,0.016510553388610016,33,30.0,5.0,1000.0,0,nofaults
2025-11-24T19:28:38.561230+00:00,30.007388597954694,4.957066823192589,1001.160487089508,0.46190964251766514,0.8505914715764354,4.791766890168047e-05,4.6542152070260026e-05,0.01874004725049226,39,30.0,5.0,1000.0,0,nofaults
2025-11-24T19:28:39.560942+00:00,30.024952081491442,4.972298380006294,1002.4629953301258,0.46121754757079475,0.8503040745596637,3.928291111428876e-05,5.998744927606379e-05,0.016588349409792577,31,30.0,5.0,1000.0,0,nofaults
2025-11-24T19:28:40.660014+00:00,30.007396748926922,4.986786934048601,1007.5940231270331,0.4661525017647113,0.8483885250956719,1.5381045868073385e-05,4.5480816992377984e-05,0.018025473178228064,36,30.0,5.0,1000.0,0,nofaults
2025-11-24T19:28:41.660484+00:00,29.99505508122214,4.992730956219801,999.7869644790724,0.4621536985852604,0.8487189010720277,4.993162868973343e-05,4.547024991486351e-05,0.016686389277298073,33,30.0,5.0,1000.0,0,nofaults
2025-11-24T19:28:42.661138+00:00,30.00655721622433,5.006352673695476,1008.9653976210866,0.46414142843884443,0.8457016657782257,2.7481873289887368e-05,1.98030598770628e-06,0.016968442788156478,33,30.0,5.0,1000.0,0,nofaults
2025-11-24T19:28:43.762833+00:00,29.996932629926164,4.963258512954258,996.3709974320707,0.4643404038510436,0.8517523798861691,6.512138847912759e-05,2.9333528300833966e-05,0.018545704780954273,37,30.0,5.0,1000.0,0,nofaults
2025-11-24T19:28:44.760267+00:00,29.983559471608952,4.917811510103603,1002.6990029137996,0.46137147846361415,0.8485095521988686,5.786338035166562e-05,2.9916352937686797e-05,0.017172566990288247,32,30.0,5.0,1000.0,0,nofaults
2025-11-24T19:28:45.860957+00:00,29.97602937794196,4.83075635205453,1001.3403348507286,0.46612199718151126,0.8485832287398865,5.7786487235239424e-05,3.411321043354167e-05,0.018675907381142318,38,30.0,5.0,1000.0,0,nofaults
2025-11-24T19:28:46.959990+00:00,29.986484250138883,4.89391158762356,989.8119804820606,0.46367493083284345,0.850359851069068,5.700103915505153e-06,6.514682217136761e-05,0.018365459742360386,35,30.0,5.0,1000.0,0,nofaults
2025-11-24T19:28:48.061473+00:00,29.984390137964315,4.897626601480559,1001.9784988638127,0.46589867056003115,0.8489866386578171,8.940061255589901e-05,7.049147312766466e-05,0.018481592195892974,35,30.0,5.0,1000.0,0,nofaults
2025-11-24T19:28:49.060464+00:00,30.008850626458106,4.9028276208803625,992.701580404884,0.45828118127042605,0.8535235244319711,4.259688550105459e-05,4.973268513244359e-05,0.016453268628252995,32,30.0,5.0,1000.0,0,nofaults
2025-11-24T19:28:50.162020+00:00,30.01992998792322,4.945921781621581,1001.6986300195746,0.46260672480722803,0.8496047818885777,9.949064323493356e-06,5.392262770213159e-05,0.01813466895965532,35,30.0,5.0,1000.0,0,nofaults
2025-11-24T19:28:51.160880+00:00,30.00425190775861,5.000903986705208,994.5635690351266,0.46661413344241354,0.8529841253272364,2.40659596420477e-05,5.0688732192694346e-05,0.016736511976180774,34,30.0,5.0,1000.0,0,nofaults
2025-11-24T19:28:52.161999+00:00,30.00885181966384,5.055390856607898,994.3522599944943,0.4605895538412791,0.8537054502128288,2.5395243018749848e-05,3.133222872977523e-05,0.016975191011941563,31,30.0,5.0,1000.0,0,nofaults
2025-11-24T19:28:53.260787+00:00,30.005295556966267,5.080900618425978,1009.1123210543853,0.45983680756014755,0.8479031164619932,4.862964322421839e-05,2.9345500043971122e-05,0.018042276482116277,38,30.0,5.0,1000.0,0,nofaults
2025-11-24T19:28:54.530970+00:00,30.01576346207979,5.047465493712962,997.3276626770676,0.47016899007038143,0.8527530921839439,1.6416094445628496e-05,2.5472616502371068e-05,0.01865492381868478,36,30.0,5.0,1000.0,0,nofaults
2025-11-24T19:28:55.555818+00:00,29.99965378770802,5.047217826122494,1001.7431797056876,0.4584943060467402,0.8498239244975061,3.970025547069306e-05,2.5079976154848856e-05,0.016588036928820455,34,30.0,5.0,1000.0,0,nofaults
2025-11-24T19:28:56.367174+00:00,30.001958497535515,4.995455299714939,1004.9799856926717,0.4643032173112388,0.8496342884535583,3.4693514160270886e-05,4.470939562943747e-05,0.01688190895551362,36,30.0,5.0,1000.0,0,nofaults
2025-11-24T19:28:57.465878+00:00,30.005296092555874,5.0561338593793,1004.8955331856049,0.46087232343473195,0.8472823369592785,4.4202787779301124e-05,8.071955107548177e-05,0.018297173651028453,38,30.0,5.0,1000.0,0,nofaults
2025-11-24T19:28:58.561449+00:00,29.99902458247732,5.11062072928199,1001.1510881232521,0.4632097535497785,0.8486695053812803,4.188396384247596e-05,4.921651774732873e-05,0.01852644495947379,38,30.0,5.0,1000.0,0,nofaults
2025-11-24T19:28:59.737437+00:00,30.027255644234707,5.156191565927878,1002.8330224213754,0.46110907098773596,0.8475078328917688,5.9756962612087766e-05,1.6186590964531804e-05,0.01648646777519911,32,30.0,5.0,1000.0,0,nofaults
2025-11-24T19:29:00.660798+00:00,29.99693426504523,5.022698734666284,1002.1475549900747,0.4664422267031435,0.8494834775907101,5.0049246294217505e-05,2.843987463491424e-05,0.018699420370070687,34,30.0,5.0,1000.0,0,nofaults
2025-11-24T19:29:01.824983+00:00,30.030400648669183,5.0412738039512925,999.7251699221583,0.4578659404914426,0.8468090986327301,2.6920916706672265e-05,6.905985672401831e-05,0.018393673310836047,38,30.0,5.0,1000.0,0,nofaults
2025-11-24T19:29:02.878979+00:00,30.01576182570997,5.1217657708529964,1002.8394024526359,0.4700575697053575,0.8472298575872851,3.435592223666677e-05,3.28179177798993e-05,0.018899056798317587,36,30.0,5.0,1000.0,0,nofaults
2025-11-24T19:29:03.961709+00:00,30.017845649496994,5.022698734666284,998.2489647892467,0.455003604232111,0.849894013920501,7.162686019137643e-05,4.322210867674462e-05,0.017881232972871135,37,30.0,5.0,1000.0,0,nofaults
2025-11-24T19:29:05.060211+00:00,30.013672056190945,4.988025272000934,1010.1600018931044,0.46260297415700896,0.8429316740806206,4.466065314804617e-05,2.302521813811274e-05,0.018291048976790993,34,30.0,5.0,1000.0,0,nofaults
2025-11-24T19:29:06.211063+00:00,30.028297258845928,4.99297862381027,995.267684954227,0.4621029480331535,0.8499612629329342,1.798761124183009e-05,3.9155985720473575e-05,0.018090542352889195,40,30.0,5.0,1000.0,0,nofaults
2025-11-24T19:29:07.163937+00:00,29.99045338153301,5.039044795637091,999.2329331265133,0.4680141483844366,0.8463052866557316,2.5417950785031778e-05,4.6601801862656525e-05,0.016808279925203867,34,30.0,5.0,1000.0,0,nofaults
2025-11-24T19:29:08.259827+00:00,30.011151774264373,5.041769139132226,997.6155817240749,0.46380461222860764,0.8511286506597402,7.393809394117774e-05,5.341156428844385e-05,0.017039404102311164,32,30.0,5.0,1000.0,0,nofaults
2025-11-24T19:29:09.173595+00:00,30.01805402855277,4.9750227235014295,992.5241517049642,0.460044671643688,0.8478333012720126,6.929675316697453e-05,9.438474046019564e-06,0.016680963380088436,30,30.0,5.0,1000.0,0,nofaults
2025-11-24T19:29:10.260854+00:00,30.005295556966267,4.871621504481548,999.7107738650608,0.4606495471625195,0.850594995336138,3.6072811676523956e-05,4.042327450586418e-05,0.018369641702247676,35,30.0,5.0,1000.0,0,nofaults
2025-11-24T19:29:11.360914+00:00,29.996935871823755,4.95830516114492,999.5446678745519,0.4619968503434191,0.8483511878915574,3.842055506346641e-05,6.882228230403173e-05,0.01824260366629746,35,30.0,5.0,1000.0,0,nofaults
2025-11-24T19:29:12.465212+00:00,30.01575531973733,4.945921781621583,1001.4199244483273,0.4624447074481104,0.8485784333423251,2.7585963491272162e-05,1.3199223010836882e-05,0.01855898075611427,36,30.0,5.0,1000.0,0,nofaults
2025-11-24T19:29:13.460715+00:00,29.992753342909914,4.913724994860901,1000.1129587913356,0.46200764033897385,0.8495833234329586,4.6591388961432685e-05,2.06835107597882e-05,0.01729349561440336,32,30.0,5.0,1000.0,0,nofaults
2025-11-24T19:29:14.465928+00:00,30.001962097498552,4.917811510103604,996.5171619390348,0.4652247140054192,0.8493096281673937,3.815838855248596e-05,5.944389892785735e-05,0.016601969236736847,31,30.0,5.0,1000.0,0,nofaults
2025-11-24T19:29:15.560559+00:00,30.011574118456938,4.93230006414591,991.894840847134,0.464699285336468,0.8508723934410333,4.103724154022083e-05,5.569594483658522e-05,0.01839095074298231,36,30.0,5.0,1000.0,0,nofaults
2025-11-24T19:29:16.567175+00:00,30.004255500957505,4.987282269229534,989.7361304925646,0.4616057803894799,0.8569323459943101,3.188502920016519e-05,6.715638551639057e-05,0.016669368217022116,32,30.0,5.0,1000.0,0,nofaults
2025-11-24T19:29:17.564342+00:00,30.001951959942055,5.048579997870061,1008.8069542103331,0.4605124241345198,0.8477975130391912,4.38241255634625e-05,6.704807450400167e-05,0.016616662939375405,36,30.0,5.0,1000.0,0,nofaults
2025-11-24T19:29:18.600802+00:00,30.00656444200565,5.05402868486033,1001.845404648296,0.4627092245023733,0.8493616687538079,6.979947182472331e-05,3.8685386758754905e-05,0.016588429147521507,34,30.0,5.0,1000.0,0,nofaults
2025-11-24T19:29:19.661486+00:00,30.022023030145657,4.975641892477596,1001.2605570742315,0.4643170665491493,0.8498796848688586,5.509196482285226e-05,4.526244983119463e-05,0.018437720669272437,37,30.0,5.0,1000.0,0,nofaults
2025-11-24T19:29:20.852590+00:00,29.990663815063407,5.043750479855959,1007.7826928728747,0.4610512362155605,0.848082556346808,3.030425710726787e-05,4.483047346502101e-05,0.018473530164756634,35,30.0,5.0,1000.0,0,nofaults
2025-11-24T19:29:21.765863+00:00,30.024956271978795,5.024060906413849,993.6003277086387,0.4667759529748789,0.8516244116928616,3.280096952563289e-05,4.3232473592169417e-05,0.0170744141875696,32,30.0,5.0,1000.0,0,nofaults
2025-11-24T19:29:22.896111+00:00,30.005303668472322,5.042512141903626,1003.3885766202249,0.4594804427160064,0.8495505177779357,4.740209367889981e-05,1.5906111381651897e-05,0.018184451619873147,37,30.0,5.0,1000.0,0,nofaults
2025-11-24T19:29:23.922662+00:00,30.013452323430904,4.991368784472236,991.7777986350875,0.46358493687837043,0.8516736499568915,3.4676079527804716e-05,2.2001596868862706e-05,0.016933623887604436,31,30.0,5.0,1000.0,0,nofaults
2025-11-24T19:29:24.959989+00:00,29.999027294940074,4.989263609953268,993.508750930742,0.46393325994364204,0.8537075105420883,6.068700139202211e-05,6.159900312538452e-05,0.018356033555905604,34,30.0,5.0,1000.0,0,nofaults
2025-11-24T19:29:26.079760+00:00,30.042946375078557,4.933538402098243,996.4579299563437,0.4624806914007001,0.8526468454065504,6.506897312578263e-05,3.531175251833067e-05,0.018421241922915527,37,30.0,5.0,1000.0,0,nofaults
2025-11-24T19:29:27.068630+00:00,30.02035636141874,4.886481559909557,1001.373269311506,0.4597423649173552,0.8508912768214213,3.236354694001712e-05,4.1994952880234723e-05,0.016778952907856345,35,30.0,5.0,1000.0,0,nofaults
2025-11-24T19:29:28.221629+00:00,29.994852055419962,4.954590147287923,999.5505347009498,0.46825022953910567,0.8506465256773975,3.4587643956175926e-05,3.554733808874935e-05,0.018654266521960297,34,30.0,5.0,1000.0,0,nofaults
2025-11-24T19:29:29.162186+00:00,29.999651405351994,4.950503632045217,1006.093853826979,0.4604179171950619,0.852142813051197,3.671162364429303e-05,7.297264349246064e-05,0.01652670676243266,32,30.0,5.0,1000.0,0,nofaults
2025-11-24T19:29:30.265606+00:00,30.02411933027865,4.995455299714938,998.2103341186237,0.4555383511074277,0.8496233466676799,4.086563297545318e-05,4.176198064084905e-05,0.018439150772112695,39,30.0,5.0,1000.0,0,nofaults
2025-11-24T19:29:31.276002+00:00,30.015751079393027,4.996817471462505,997.0388522636674,0.4692555106212982,0.854297286294907,2.1758061179682194e-05,1.7448094419979268e-05,0.016713286132247037,33,30.0,5.0,1000.0,0,nofaults
2025-11-24T19:29:32.369516+00:00,30.005302053077937,4.9632585129542575,988.3735403783793,0.4571790066249308,0.8550200740437752,7.490680242879167e-05,3.655606941828749e-05,0.018549088570433737,37,30.0,5.0,1000.0,0,nofaults
2025-11-24T19:29:33.548520+00:00,29.999025661053636,4.905056629194564,1002.4226170507499,0.4680630769298448,0.8546254356772317,5.02618133731166e-05,3.635731741799243e-05,0.01823703995874262,36,30.0,5.0,1000.0,0,nofaults
2025-11-24T19:29:34.568029+00:00,30.02411389302553,4.936015078002911,1004.5883764881123,0.45655166833711286,0.8511927337967581,5.1546330312286574e-05,9.36149149291128e-05,0.018289120339266662,37,30.0,5.0,1000.0,0,nofaults
2025-11-24T19:29:35.660989+00:00,30.032490969800506,4.973165216572927,1001.7420956629721,0.4626473203161044,0.8523075580652336,4.3800754260514744e-05,3.79401071634697e-05,0.01841981833515747,40,30.0,5.0,1000.0,0,nofaults
2025-11-24T19:29:36.729755+00:00,30.011149985126092,4.939606258064679,1005.5434662951753,0.4645938857474098,0.8472687007633011,4.6831675704191357e-05,3.464099697002404e-05,0.017072530139473283,37,30.0,5.0,1000.0,0,nofaults
2025-11-24T19:29:37.845883+00:00,30.042942565541793,4.969450202715927,997.9685702828199,0.4579627545784249,0.8537507350743048,3.606482988624237e-05,8.0006532788638e-05,0.018266420501491198,39,30.0,5.0,1000.0,0,nofaults
2025-11-24T19:29:38.860434+00:00,30.00112032114818,5.078423942521308,1000.2741186364732,0.4656893628023753,0.8503091680439979,6.745467046438659e-05,6.658302078734729e-05,0.01825276932884007,36,30.0,5.0,1000.0,0,nofaults
2025-11-24T19:29:39.960406+00:00,30.001116527636917,5.006600341285942,1008.0532726644735,0.46142211800347305,0.8495780154819644,3.7985772352186936e-05,1.5202459680918372e-05,0.017805210426985907,36,30.0,5.0,1000.0,0,nofaults
2025-11-24T19:29:40.964318+00:00,30.018049239422606,4.957314490783054,1008.3604481578728,0.45958212705103624,0.8474430808121515,4.559853233897604e-05,2.4804972974835003e-05,0.016710925645238947,35,30.0,5.0,1000.0,0,nofaults
2025-11-24T19:29:42.061088+00:00,30.02411389302553,4.875336518338551,1004.1658030670886,0.4659790542844252,0.8482039011515458,6.833223271245707e-05,1.5044375819412354e-05,0.01812709639530147,37,30.0,5.0,1000.0,0,nofaults
2025-11-24T19:29:43.276758+00:00,30.017847810333578,4.845616407482536,1002.6769892501839,0.45973641599174636,0.8482653507998248,4.414284301194396e-05,5.445676046464965e-05,0.018386894826883878,38,30.0,5.0,1000.0,0,nofaults
2025-11-24T19:29:44.197259+00:00,30.015751673959024,4.868773327191181,1004.1331101585087,0.4607426707500074,0.8451401412031435,1.2926064043985697e-05,3.0436797270661563e-05,0.016689982703550585,33,30.0,5.0,1000.0,0,nofaults
2025-11-24T19:29:45.219899+00:00,30.013451730214694,4.932795399326843,1010.029246374678,0.46433078341565615,0.8461429665920093,2.9048558534317325e-05,5.9602140710580126e-05,0.01674485728573148,33,30.0,5.0,1000.0,0,nofaults
2025-11-24T19:29:46.260789+00:00,30.02202139625643,4.932300064145909,1002.7107643706065,0.45953670139078046,0.8461880502747772,2.5092024490575258e-05,3.778184182282562e-05,0.018299392952613895,39,30.0,5.0,1000.0,0,nofaults
2025-11-24T19:29:47.261665+00:00,30.024959278763873,4.955952319035489,994.0028329662233,0.45920142149571197,0.8479158248379088,5.423050708912581e-05,2.7720577235929264e-05,0.0167925660675817,32,30.0,5.0,1000.0,0,nofaults
2025-11-24T19:29:48.362289+00:00,30.019945182883983,4.912486656908566,997.2407667663629,0.46701968344907063,0.8475668657295988,2.7732433629040703e-05,4.400476500651804e-05,0.01857986179047281,36,30.0,5.0,1000.0,0,nofaults
2025-11-24T19:29:49.360073+00:00,30.00884703868885,4.969574036511159,1003.5971343551903,0.45966229646183543,0.8460813952864129,2.2489599500773874e-05,6.0748247394526206e-05,0.016725882236714413,32,30.0,5.0,1000.0,0,nofaults
2025-11-24T19:29:50.645007+00:00,30.02202466033148,5.073470590711975,1002.9670216975327,0.46263932393723106,0.8458515660555279,5.1888478842992535e-05,4.337940068044836e-05,0.01828092783602859,38,30.0,5.0,1000.0,0,nofaults
2025-11-24T19:29:51.639472+00:00,30.029565720096635,4.991368784472236,996.6923985922392,0.4589386211659048,0.8480639014777568,6.204101245097219e-05,2.158474326991721e-05,0.016646384286059718,33,30.0,5.0,1000.0,0,nofaults
2025-11-24T19:29:52.560972+00:00,29.982303056266733,4.882766546052554,997.5406393436338,0.46708063818544,0.8466323252851187,6.506668397751158e-05,4.3560194438928584e-05,0.018398198400221118,39,30.0,5.0,1000.0,0,nofaults
2025-11-24T19:29:53.772078+00:00,30.009477823259978,4.9298233882412426,1001.4645230192535,0.4597944615600722,0.8480689799991098,1.0780599277077473e-05,5.160083189027321e-05,0.018235442088650418,35,30.0,5.0,1000.0,0,nofaults
2025-11-24T19:29:54.785149+00:00,30.042937665099736,4.960781837049588,997.4402945557239,0.45761253575201927,0.8471071707022624,2.1347334309590364e-05,5.1930657586808484e-06,0.018271788231572043,37,30.0,5.0,1000.0,0,nofaults
2025-11-24T19:29:55.832818+00:00,30.029557374382563,4.921898025346305,1003.4377595234051,0.46354589419182196,0.8490636817160304,4.382458445791995e-05,1.872613155008077e-05,0.016550885432765894,33,30.0,5.0,1000.0,0,nofaults
2025-11-24T19:29:56.908132+00:00,30.0115697831999,4.871621504481549,997.3642086349245,0.46388033437857834,0.8461311532456325,5.497373253779503e-05,3.685866081561165e-05,0.018705710940041538,37,30.0,5.0,1000.0,0,nofaults
2025-11-24T19:29:57.983280+00:00,30.011566522829664,4.887719897861889,1002.1007314492325,0.4606604441456676,0.8462988332960596,3.5039596671726426e-05,9.003885653477806e-05,0.018239313339427837,37,30.0,5.0,1000.0,0,nofaults
2025-11-24T19:29:59.149530+00:00,29.994847178417164,4.974403554525262,991.3552423766444,0.4612068458984693,0.8506514722144445,4.07091033073353e-05,3.042897682813694e-05,0.018369721350572358,37,30.0,5.0,1000.0,0,nofaults
2025-11-24T19:30:00.237367+00:00,30.03666725828332,4.9347767400505775,996.0789855935286,0.46195948939875325,0.8474154417712135,5.5918032168463316e-05,4.889846770906068e-05,0.01826543228464505,34,30.0,5.0,1000.0,0,nofaults
2025-11-24T19:30:01.270588+00:00,30.019934333031493,4.917440008717904,991.7723647090891,0.4581955118791253,0.8541954305409875,7.052662968567725e-05,3.76898051514334e-05,0.018661669727113372,36,30.0,5.0,1000.0,0,nofaults
2025-11-24T19:30:02.361144+00:00,30.024121505921997,4.891434911718892,1001.7736458661216,0.46442640866586465,0.8493678984328419,1.6422577474859872e-05,4.830572018486939e-05,0.01840789548639917,38,30.0,5.0,1000.0,0,nofaults
2025-11-24T19:30:03.445298+00:00,29.983552931305262,4.946417116802515,997.0029390364004,0.4637025585296247,0.8496110037804465,4.027290687237635e-05,6.447947337081302e-05,0.016758261463749882,34,30.0,5.0,1000.0,0,nofaults
2025-11-24T19:30:04.470282+00:00,30.015758034666725,4.9323000641459105,1000.4936241426688,0.46041972183977103,0.8501772984304405,4.29471649696279e-05,2.0085913913741782e-05,0.01777161084692972,38,30.0,5.0,1000.0,0,nofaults
2025-11-24T19:30:05.494488+00:00,30.001949570811213,4.9396062580646785,1003.3703544119147,0.4595719525749439,0.8484151542021307,4.700043076733192e-05,4.79473532498746e-05,0.01646514529865847,33,30.0,5.0,1000.0,0,nofaults
2025-11-24T19:30:06.570109+00:00,30.013672040165464,4.962020175001924,995.5824906961359,0.46474924159713565,0.8518759782666497,3.7741162974351574e-05,5.6867449368625694e-05,0.018222116058874933,35,30.0,5.0,1000.0,0,nofaults
2025-11-24T19:30:07.560123+00:00,30.011157149820626,4.932795399326843,999.754799852738,0.45923803544261005,0.8515845003798124,5.596629028125038e-05,3.544624879999025e-05,0.016458530681456297,34,30.0,5.0,1000.0,0,nofaults
2025-11-24T19:30:08.660758+00:00,30.00321172577104,4.9422067677645805,1007.431638239619,0.4629115077059478,0.8452758176172285,5.4253256611196915e-05,5.067527848931439e-05,0.01813129589971935,35,30.0,5.0,1000.0,0,nofaults
2025-11-24T19:30:09.760063+00:00,30.007393460179927,4.923631698479573,994.6154281021059,0.4617002411031747,0.8530173978828877,2.817381454010329e-05,5.444895809124294e-05,0.018192418961996734,35,30.0,5.0,1000.0,0,nofaults
2025-11-24T19:30:10.760775+00:00,29.995053882583733,4.936881914569545,993.7733700265566,0.465620706793631,0.8509049376792511,4.827209974449865e-05,4.0415306104932856e-05,0.016567952441658883,35,30.0,5.0,1000.0,0,nofaults
2025-11-24T19:30:11.948723+00:00,29.994845001544,4.969450202715925,996.2037801031249,0.4578458870126502,0.8533774445745316,2.9540040461375175e-05,6.010193883938486e-05,0.018116442270213116,35,30.0,5.0,1000.0,0,nofaults
2025-11-24T19:30:12.860421+00:00,30.01345771122531,5.0376826238895225,994.5463400871902,0.46032305343974034,0.8545476428138548,2.6776264040479465e-05,4.547474672132592e-05,0.016111963205127592,32,30.0,5.0,1000.0,0,nofaults
2025-11-24T19:30:13.962678+00:00,30.013660652251193,5.079662280473642,1002.5699878852452,0.46147624339860993,0.8499327706265817,4.207299698823781e-05,5.9740193570668006e-05,0.018218018636528385,33,30.0,5.0,1000.0,0,nofaults
2025-11-24T19:30:15.119978+00:00,30.00738588056423,5.094522335901649,1000.5677307323658,0.4638059833010454,0.8511392231966339,6.919531578773539e-05,2.6948868101734506e-05,0.01835460575389601,35,30.0,5.0,1000.0,0,nofaults
2025-11-24T19:30:16.166848+00:00,30.00320577142455,5.0276520864756185,1001.7958812484613,0.46072676602421403,0.8504463506861201,2.795638702234774e-05,3.507544973785757e-05,0.017710061546780564,36,30.0,5.0,1000.0,0,nofaults
2025-11-24T19:30:17.340843+00:00,29.984396619306725,5.014030368999947,1001.1153425076772,0.46667752513532645,0.8540949155209685,3.864469163273095e-05,3.464377074625403e-05,0.01853117408112544,37,30.0,5.0,1000.0,0,nofaults
2025-11-24T19:30:18.397519+00:00,30.003208488815016,4.991740285857937,999.5977920803421,0.4596757423773882,0.8488482969314692,6.036539237447608e-05,3.556166149839872e-05,0.01829561213488937,38,30.0,5.0,1000.0,0,nofaults
2025-11-24T19:30:19.422594+00:00,30.011149982415862,4.9682118647635924,999.3505135013633,0.4627153189312314,0.8542095894154331,4.9608621601911853e-05,3.152622879759071e-05,0.016900189594891948,34,30.0,5.0,1000.0,0,nofaults
2025-11-24T19:30:20.471825+00:00,30.01157628795244,4.945921781621583,1011.24853764116,0.4583061729733176,0.8463458098411621,5.050831154273828e-05,4.145753702480405e-05,0.018044830690528802,41,30.0,5.0,1000.0,0,nofaults
2025-11-24T19:30:21.571970+00:00,30.00321229712191,4.891434911718891,1011.6797157464639,0.46392101483426434,0.8426098424024171,4.058181133537406e-05,4.272728667410397e-05,0.018691317998832425,38,30.0,5.0,1000.0,0,nofaults
2025-11-24T19:30:22.717704+00:00,30.015754750866957,4.884004884004889,996.1579192005797,0.4570777902403833,0.8491132563411065,3.9854956356581406e-05,4.707286247239276e-05,0.018066811633408456,36,30.0,5.0,1000.0,0,nofaults
2025-11-24T19:30:23.660772+00:00,29.997359792387215,4.920535853598737,996.4060613477643,0.46312016672281386,0.8525022936815241,3.5877252311141234e-05,3.201919792423852e-05,0.016678558280516027,35,30.0,5.0,1000.0,0,nofaults
2025-11-24T19:30:24.760648+00:00,30.005297184688242,4.945921781621582,1001.591763915772,0.4627485520675548,0.8473924884602806,1.519470858904674e-05,1.843899098243066e-05,0.01859320805425595,37,30.0,5.0,1000.0,0,nofaults
2025-11-24T19:30:25.769228+00:00,29.983560079738332,4.932795399326843,999.5010547063359,0.46473489908549803,0.850503280076764,1.5688653325147965e-05,2.1476368786927824e-05,0.016663637658792606,34,30.0,5.0,1000.0,0,nofaults
2025-11-24T19:30:26.879895+00:00,29.99066328069533,4.901341615337563,1000.8308033480357,0.4611159569104584,0.8470093904918247,6.724488744386431e-05,5.7015775441824e-05,0.018153702751517238,37,30.0,5.0,1000.0,0,nofaults
2025-11-24T19:30:27.964799+00:00,30.011568688602303,4.917440008717903,1003.6999208462653,0.46363311577980376,0.8482649811216081,5.878079393852917e-05,5.133238006852523e-05,0.01847490445565146,38,30.0,5.0,1000.0,0,nofaults
2025-11-24T19:30:28.976178+00:00,29.990452191028346,4.860600296705776,998.0292169150486,0.4574808068645931,0.8503131542324013,5.811082476886353e-05,2.52025706952834e-05,0.016639569548171706,32,30.0,5.0,1000.0,0,nofaults
2025-11-24T19:30:30.060320+00:00,29.990661650509505,4.859238124958211,1001.8275926910901,0.46326249027311506,0.8471093613709498,5.4848796689851244e-05,3.436735566224743e-05,0.01797579282085753,38,30.0,5.0,1000.0,0,nofaults
2025-11-24T19:30:31.060903+00:00,30.001952546383443,4.842892063987403,1000.2487199161548,0.46183118180842253,0.8516331857651054,2.550846599681722e-05,6.240332740642888e-05,0.01696707838167122,35,30.0,5.0,1000.0,0,nofaults
2025-11-24T19:30:32.159622+00:00,29.994846647746943,4.8901965737665565,998.628322922884,0.465262995935108,0.8449492611663699,4.2199479881317145e-05,8.642473941203153e-05,0.018175154570098682,35,30.0,5.0,1000.0,0,nofaults
2025-11-24T19:30:33.259897+00:00,29.96975624506081,4.939730091859913,1003.8259409612263,0.46183278718741383,0.8471173973959842,5.215084822620835e-05,2.3026540593517595e-05,0.017851250120162275,36,30.0,5.0,1000.0,0,nofaults
2025-11-24T19:30:34.264185+00:00,30.008850626458106,4.92870888408414,1003.4466527683333,0.4557764556718267,0.8487870018200858,4.396410670068554e-05,8.149968473921262e-05,0.016530936539090116,33,30.0,5.0,1000.0,0,nofaults
2025-11-24T19:30:35.395582+00:00,30.003203060199954,4.971926878620594,1004.1460812261452,0.4661023821739686,0.8445360410605866,4.450998064609859e-05,5.028365291837066e-05,0.018369983503143957,34,30.0,5.0,1000.0,0,nofaults
2025-11-24T19:30:36.524863+00:00,30.011567064580973,4.960781837049589,998.6536180881313,0.46261018787308655,0.8474008147086235,1.53525076581454e-05,2.7603206054514393e-05,0.018483135863480587,37,30.0,5.0,1000.0,0,nofaults
2025-11-24T19:56:34.212888+00:00,28.80468461201726,4.854284773148875,1010.8164978859523,0.5078405844492712,0.846217334805172,0.00010734831966782677,1.0704495672347833e-05,0.02009097311386216,38,30.0,5.0,1000.0,0,three_faults
2025-11-24T19:56:35.217243+00:00,28.795593323388914,4.815648629036057,1004.0674282762126,0.5065433927694791,0.8500733944152806,9.410760735560764e-06,5.766578424852641e-05,0.017924717378725065,35,30.0,5.0,1000.0,0,three_faults
2025-11-24T19:56:36.318741+00:00,28.856295038381667,4.807227930960187,1005.221011604299,0.5052644456510917,0.8453722843084699,9.249380978008585e-05,1.3474129605421637e-05,0.019891191282187422,37,30.0,5.0,1000.0,0,three_faults
2025-11-24T19:56:37.316455+00:00,28.829658484852864,4.747540041657693,997.4795867652272,0.5075327224147779,0.8482495637363641,1.171576929149046e-05,5.558303122945213e-05,0.01840052840503205,32,30.0,5.0,1000.0,0,three_faults
2025-11-24T19:56:38.410653+00:00,28.86372471269429,4.807475598550652,1009.5411345513336,0.5126055547292683,0.8445778336650431,2.382320311961841e-05,5.850814502218602e-05,0.018361704810957415,33,30.0,5.0,1000.0,0,three_faults
2025-11-24T19:56:39.412734+00:00,28.89140206227855,4.81837297253119,985.1887423340366,0.5088448008182517,0.853193123654157,2.7286495573729e-05,3.1055938027864476e-05,0.02045164737454378,37,30.0,5.0,1000.0,0,three_faults
2025-11-24T19:56:40.459112+00:00,28.91826196028335,4.8483407509776715,991.8201843855392,0.5093090428609146,0.851878762565876,1.0819805405906587e-05,2.2182505408200634e-05,0.018120318129385887,30,30.0,5.0,1000.0,0,three_faults
2025-11-24T19:56:41.514341+00:00,28.899669392301327,4.870383166529216,994.5027744057924,0.5105870378760059,0.8522909159126407,5.754051872565568e-05,5.179422343620269e-05,0.02034871093345839,35,30.0,5.0,1000.0,0,three_faults
2025-11-24T19:56:42.612399+00:00,28.930662816629948,4.902579953289898,994.0819854741097,0.515405472497903,0.8532864379458514,3.0961205817879155e-05,8.988180430629386e-05,0.020761963586363584,36,30.0,5.0,1000.0,0,three_faults
2025-11-24T19:56:43.613850+00:00,28.9250842425272,4.975022723501429,990.1078554317546,0.5148610117378671,0.8561171593584438,2.4570276427529863e-05,4.061473022142409e-05,0.01846916248310289,30,30.0,5.0,1000.0,0,three_faults
2025-11-24T19:56:44.716192+00:00,28.95753545424018,4.980595244286931,1006.788319633385,0.5164538128204901,0.8493312697834852,5.872198267898733e-05,4.630015714929816e-05,0.020034822977508856,37,30.0,5.0,1000.0,0,three_faults
2025-11-24T19:56:45.712045+00:00,28.972833360806153,4.973660551753861,999.3873289343168,0.515085115587246,0.8538294440564727,3.636604583291477e-05,6.995285540506229e-05,0.018698763008063096,35,30.0,5.0,1000.0,0,three_faults
2025-11-24T19:56:46.816789+00:00,28.972008276095583,5.012792031047611,1000.2627348955989,0.5220416243555548,0.8524640091785817,2.7596705480391517e-05,1.351632791567071e-05,0.020943040652793735,36,30.0,5.0,1000.0,0,three_faults
2025-11-24T19:56:47.912255+00:00,29.017511124653787,4.983071920191599,991.3106810547841,0.511476116869491,0.8552996804367957,4.578584840185506e-05,2.247008923975559e-05,0.020016516884550088,39,30.0,5.0,1000.0,0,three_faults
2025-11-24T19:56:48.915665+00:00,29.016057173927795,4.931433227579276,999.509898058625,0.5237881797373103,0.8530831548016365,3.7396002868847784e-05,3.051189598059093e-05,0.018623458685005947,37,30.0,5.0,1000.0,0,three_faults
2025-11-24T19:56:50.014155+00:00,29.036129145424443,4.93230006414591,994.6562938828029,0.5178358919282045,0.8560741294679522,3.0455128654546142e-05,2.961169888782325e-05,0.020556884461323723,36,30.0,5.0,1000.0,0,three_faults
2025-11-24T19:56:51.016924+00:00,29.075238886180767,4.935519742821978,1008.1699496543922,0.5245485780766032,0.8508365862157025,1.34728700829393e-05,4.46565878261125e-05,0.01892668027701282,34,30.0,5.0,1000.0,0,three_faults
2025-11-24T19:56:52.138358+00:00,29.073372509989124,4.973165216572928,1002.9097469788759,0.5203000093553031,0.851809579253347,4.6741643988423994e-05,2.251053159868982e-05,0.02062142763169068,38,30.0,5.0,1000.0,0,three_faults
2025-11-24T19:56:53.115943+00:00,29.079794848886117,4.960038834278189,1009.8633010382176,0.5211814738501517,0.8496656067588383,2.487905747514133e-05,6.829499660897149e-05,0.01875706483987955,33,30.0,5.0,1000.0,0,three_faults
2025-11-24T19:56:54.211922+00:00,29.10857138442102,5.049942169617629,997.5841448062325,0.5227755417120105,0.8516017285469868,6.549725302375589e-05,4.95556454556625e-05,0.020310174389635553,39,30.0,5.0,1000.0,0,three_faults
2025-11-24T19:56:55.314582+00:00,29.123063378859626,5.010315355142944,998.7011315618919,0.5288933097237427,0.8537054116782749,5.911908699551863e-05,3.256782593945019e-05,0.020739514262981856,40,30.0,5.0,1000.0,0,three_faults
2025-11-24T19:56:56.411880+00:00,29.141707586950986,4.919916684622572,1001.0864384368259,0.5200519539664268,0.8513172018575106,9.22460361566905e-05,4.345101445050813e-05,0.020670247946830853,38,30.0,5.0,1000.0,0,three_faults
2025-11-24T19:56:57.412342+00:00,29.170923220981443,4.861962468453345,1003.1729564395249,0.5209171145185787,0.8507539919356197,6.533292423172516e-05,6.711238298311616e-05,0.018768978129830537,34,30.0,5.0,1000.0,0,three_faults
2025-11-24T19:56:58.519345+00:00,29.168636306933593,4.841901393625536,1010.253305485252,0.5310360754948383,0.847394268849317,5.6574101026412283e-05,2.1535175970622666e-05,0.021303099842625003,37,30.0,5.0,1000.0,0,three_faults
2025-11-24T19:56:59.618397+00:00,29.195578983189456,4.870383166529214,1002.5996450505779,0.5239575926570071,0.8489491028186206,1.5427467027734783e-05,9.920344650473392e-05,0.020611172511558935,37,30.0,5.0,1000.0,0,three_faults
2025-11-24T19:57:00.637962+00:00,29.186870400963365,4.964125349520891,994.1279205585245,0.5308842726064861,0.8521170651496861,3.766605693031032e-05,4.109538131841013e-05,0.01912163524414748,36,30.0,5.0,1000.0,0,three_faults
2025-11-24T19:57:01.711846+00:00,29.2266649469196,5.035082114189622,996.6566757376991,0.5262444688861296,0.8516793244085673,2.796957526178094e-05,9.967722319427609e-05,0.020938691856482308,35,30.0,5.0,1000.0,0,three_faults
2025-11-24T19:57:02.733526+00:00,29.218793308845466,5.277424851461366,1006.2097023855664,0.5320475613301904,0.8489762504330012,4.3726765087620416e-05,0.00010194643957958678,0.01927636447753355,36,30.0,5.0,1000.0,0,three_faults
2025-11-24T19:57:03.815832+00:00,29.268135065944588,5.392961782414118,1000.4796108591337,0.5249365503069604,0.8497989080019426,4.456058641124145e-05,4.209589864923338e-05,0.020650185874820707,37,30.0,5.0,1000.0,0,three_faults
2025-11-24T19:57:04.814299+00:00,29.287221000736032,5.281511366704067,1008.7828984730419,0.5284036885980778,0.8467571186857766,6.660780978787092e-05,4.358252688086941e-05,0.018713918984293844,32,30.0,5.0,1000.0,0,three_faults
2025-11-24T19:57:05.960591+00:00,29.272288901445187,5.189874358231359,1001.1157353550335,0.5342294803836795,0.8476811289133149,7.279758307527222e-05,5.127700886433385e-05,0.021149900453598405,39,30.0,5.0,1000.0,0,three_faults
2025-11-24T19:57:07.013165+00:00,29.278514815298397,5.141579178090338,998.813828156708,0.5266156109597797,0.8505969258332705,6.813547562407819e-05,3.330561067240065e-05,0.020354569097409805,35,30.0,5.0,1000.0,0,three_faults
2025-11-24T19:57:08.015179+00:00,29.29863930328427,5.036320452141956,997.4663725774939,0.5334317316007757,0.8492968629706945,5.9261994860049275e-05,5.4580624391931336e-05,0.019041237620197504,34,30.0,5.0,1000.0,0,three_faults
2025-11-24T19:57:09.335764+00:00,29.346989077754895,5.095760673853982,993.7970861612874,0.5337650896554976,0.8524261803257155,1.5979549953775828e-05,4.3680895986707274e-05,0.02063643133898267,38,30.0,5.0,1000.0,0,three_faults
2025-11-24T19:57:10.386059+00:00,29.36151609958903,5.114335743138993,998.1007961163344,0.5289397877322465,0.8492556865811153,2.409899958120345e-05,2.4571149633266148e-05,0.020601329717311125,37,30.0,5.0,1000.0,0,three_faults
2025-11-24T19:57:11.387091+00:00,29.361517607420975,5.140340840138003,997.8530462464929,0.5319939515530219,0.8514522818201573,8.402260734219256e-05,4.802621626279925e-05,0.02124833953801826,36,30.0,5.0,1000.0,0,three_faults
2025-11-24T19:57:12.511418+00:00,29.3490647284352,5.000408651524276,998.3152161772814,0.5322877865062021,0.8505822140947352,8.169264293914575e-05,3.963657338435068e-05,0.021146357185595387,37,30.0,5.0,1000.0,0,three_faults
2025-11-24T19:57:13.456280+00:00,29.3853898324436,4.939606258064679,1000.5723555315608,0.5364445431471472,0.8509254994982884,3.3892870994511494e-05,1.474107609341559e-05,0.019311522765664862,32,30.0,5.0,1000.0,0,three_faults
2025-11-24T19:57:14.504212+00:00,29.41738455564238,4.900103277385227,1003.4404099486279,0.5280334015758721,0.8505205921215747,5.6655240004036304e-05,2.080833503312418e-05,0.018871531719498718,32,30.0,5.0,1000.0,0,three_faults
2025-11-24T19:57:15.543946+00:00,29.419666635829703,4.827908174764163,1008.4173438409867,0.5392449236163531,0.847856607365775,5.200439123707026e-05,2.3232363916968355e-05,0.019318263300043683,35,30.0,5.0,1000.0,0,three_faults
2025-11-24T19:57:16.594785+00:00,29.4362878979761,4.813419620721856,992.7605138330852,0.5348357903735932,0.8520066235962667,5.8573932962301744e-05,5.820447043883239e-05,0.021032695130246727,35,30.0,5.0,1000.0,0,three_faults
2025-11-24T19:57:17.513102+00:00,29.467663512567857,4.80883777029822,1003.6174601174778,0.5275861948388885,0.846637505732622,3.576223959448351e-05,2.4572906943783825e-05,0.018557676400598265,35,30.0,5.0,1000.0,0,three_faults
2025-11-24T19:57:18.512423+00:00,29.46995405686058,4.836081205249565,1000.5536396426623,0.5398969910514428,0.8502745139105267,2.3627540748751758e-05,3.8169706468505203e-05,0.019036368798667085,34,30.0,5.0,1000.0,0,three_faults
2025-11-24T19:57:19.613854+00:00,29.49656603509561,4.861714800862878,994.8043299371334,0.5319010180787642,0.8531863157110521,1.2976549351697044e-05,6.533801160415717e-05,0.020844438274681944,37,30.0,5.0,1000.0,0,three_faults
2025-11-24T19:57:20.785848+00:00,29.49656088891462,4.927346712336573,995.4662344018951,0.5347637948892561,0.8527608959170625,3.0356555159873607e-05,4.088153021927946e-05,0.02132887534986685,40,30.0,5.0,1000.0,0,three_faults
2025-11-24T19:57:21.717827+00:00,29.522554621772947,4.965487521268459,1008.3097334675151,0.5368466430387929,0.8468405851871561,5.9539051221810587e-05,0.00010207095113577896,0.019261166399494427,34,30.0,5.0,1000.0,0,three_faults
2025-11-24T19:57:22.712036+00:00,29.52714028848821,4.994093127967372,1000.1801529341731,0.5338258781780485,0.8495176389664343,3.7245212530492445e-05,4.1847752031082075e-05,0.019144642290036557,36,30.0,5.0,1000.0,0,three_faults
2025-11-24T19:57:23.712382+00:00,29.554582711574863,5.002266158452774,987.3567334530868,0.5370500277412309,0.8567909622544599,5.542295027508461e-05,4.781777342754383e-05,0.01925524419233166,35,30.0,5.0,1000.0,0,three_faults
2025-11-24T19:57:24.711781+00:00,29.572897586725986,4.965487521268459,994.5758050457367,0.5311959148367825,0.8520896050028478,3.747381579659206e-05,4.296958557246603e-05,0.019040186948660894,37,30.0,5.0,1000.0,0,three_faults
2025-11-24T19:57:25.718112+00:00,29.55687613459195,5.009077017190609,998.825902881557,0.5381408651459128,0.8523634218732689,6.482490715910077e-05,4.8099113004349206e-05,0.019345695954436554,33,30.0,5.0,1000.0,0,three_faults
2025-11-24T19:57:26.817454+00:00,29.571452510946326,4.997931975619605,1002.9798641210724,0.5360474044257264,0.850224022310329,3.806766282857144e-05,4.0092090025763904e-05,0.021524195087339697,37,30.0,5.0,1000.0,0,three_faults
2025-11-24T19:57:27.817542+00:00,29.61410335779766,4.977747066996563,1013.5086964534723,0.5374724032537619,0.8495536843098626,8.303237838864716e-05,6.013845776698584e-05,0.019332084531469753,36,30.0,5.0,1000.0,0,three_faults
2025-11-24T19:57:28.938741+00:00,29.56728366757774,4.9298233882412426,995.1227377709503,0.539447323781522,0.8516027512578591,5.68193372350626e-05,4.6711001554457965e-05,0.021350072472157377,35,30.0,5.0,1000.0,0,three_faults
2025-11-24T19:57:29.918368+00:00,29.632428563489896,4.915087166608468,1003.9114219122414,0.5345017063809118,0.8487534785520516,3.59089903205449e-05,3.31814873950768e-05,0.019427078863853076,35,30.0,5.0,1000.0,0,three_faults
2025-11-24T19:57:31.011632+00:00,29.656804766556355,5.035082114189622,997.2420789687144,0.5397433645289408,0.8521478711395122,2.386242751807088e-05,0.00011133900075190268,0.021193505902995756,36,30.0,5.0,1000.0,0,three_faults
2025-11-24T19:57:32.113873+00:00,29.656796403836726,5.085853970235313,993.2888398965265,0.5317332613109736,0.8541419925916632,2.3717642067489145e-05,3.251794259569532e-05,0.02100450512509523,39,30.0,5.0,1000.0,0,three_faults
2025-11-24T19:57:33.112201+00:00,29.68283745597903,5.133034646219232,1004.8310239065333,0.535503503174355,0.8492049787452253,4.801263935228948e-05,5.930906924293061e-05,0.019076337060898767,32,30.0,5.0,1000.0,0,three_faults
2025-11-24T19:57:34.114268+00:00,29.705753055466847,5.167088939908415,995.717876494097,0.5328269198851465,0.8540195592016133,6.943354477205334e-05,9.164675823681448e-05,0.017187857502921473,33,30.0,5.0,1000.0,1,three_faults
2025-11-24T19:57:35.212093+00:00,29.665129976973855,5.214641117278036,1005.4803460810999,0.5444799793860807,0.8491215051743487,4.4579095183932453e-05,5.664405079438924e-05,0.010803684094453515,37,30.0,5.0,1000.0,1,three_faults
2025-11-24T19:57:36.368840+00:00,29.656798497542358,5.253029593800388,990.9438705502828,0.5388640753589873,0.8561473234514473,6.976083736526553e-05,8.785949663056377e-05,0.01088299162067285,34,30.0,5.0,1000.0,1,three_faults
2025-11-24T19:57:37.314032+00:00,29.607239649062006,5.282873538451635,999.8789368549172,0.5433199367175976,0.8521843583754348,5.481444245796216e-05,6.1016861342903225e-05,0.009710244776132068,32,30.0,5.0,1000.0,1,three_faults
2025-11-24T19:57:38.416242+00:00,29.586008646555126,5.234454524515379,1001.9872011683691,0.5411623283803702,0.8501789346339023,9.596109991258227e-05,4.807244731090892e-05,0.010545283283727447,37,30.0,5.0,1000.0,1,three_faults
2025-11-24T19:57:39.547600+00:00,29.552723905457444,5.145294191947339,1002.7892376522213,0.5503031741424718,0.8517050825605953,8.406416382613267e-05,2.781005013249865e-05,0.010738288890568059,38,30.0,5.0,1000.0,1,three_faults
2025-11-24T19:57:40.571678+00:00,29.538571522232694,5.070374745831138,1002.8820570593549,0.5438459461075715,0.8483005656076237,2.8372709873926065e-05,5.550117613589168e-05,0.009581964343111257,35,30.0,5.0,1000.0,1,three_faults
2025-11-24T19:57:41.614254+00:00,29.486168839026792,5.111859067234324,996.8837759099388,0.5484527147932062,0.8535013705091664,4.607135901434348e-05,4.2487969053704354e-05,0.011019116273723265,34,30.0,5.0,1000.0,1,three_faults
2025-11-24T19:57:42.615434+00:00,29.48367922848187,5.111239898258157,1004.6892009387462,0.5493552603786571,0.8510796721039737,2.248594509146534e-05,3.475821221719781e-05,0.009988820939032842,32,30.0,5.0,1000.0,1,three_faults
2025-11-24T19:57:43.715948+00:00,29.465382720172837,5.094522335901649,1001.4439744711588,0.549510115681131,0.8497889972139429,4.7873715035146876e-05,2.4482300333879613e-05,0.010706924369481294,38,30.0,5.0,1000.0,1,three_faults
2025-11-24T19:57:44.910813+00:00,29.43005583332459,5.059848873236299,997.87635629047,0.5525319307656026,0.8513654452896872,5.589968898073672e-05,3.417174839408789e-05,0.010825898512195689,36,30.0,5.0,1000.0,1,three_faults
2025-11-24T19:57:45.953082+00:00,29.411360719662866,5.04994216961763,1003.7564393048572,0.5518636118169311,0.8495160699839187,2.0908091735278723e-05,4.312310136344758e-05,0.011244262813697798,36,30.0,5.0,1000.0,1,three_faults
2025-11-24T19:57:47.012208+00:00,29.400970244682025,5.033843776237289,1001.4085070283631,0.5562527623430898,0.8513493345493636,7.089057300110321e-05,1.878414431612662e-05,0.011055294902733949,38,30.0,5.0,1000.0,1,three_faults
2025-11-24T19:57:48.048153+00:00,29.33286917915019,4.924622368841439,996.431888350376,0.5630473161751093,0.8516973302972323,5.767713910176819e-05,8.147060320986004e-06,0.010163118788637461,33,30.0,5.0,1000.0,1,three_faults
2025-11-24T19:57:49.113601+00:00,29.299253648640782,4.875336518338551,996.463610447739,0.5613675963700598,0.8507265557716785,4.731239038869414e-05,5.02057764378182e-05,0.011166399221829727,35,30.0,5.0,1000.0,1,three_faults
2025-11-24T19:57:50.145641+00:00,29.29406508729207,4.852427266220375,999.4564822202268,0.5534047130577328,0.8531271445985636,6.725322306495002e-05,3.497776928933932e-05,0.009848256742610969,33,30.0,5.0,1000.0,1,three_faults
2025-11-24T19:57:51.215252+00:00,29.28058745264391,4.803512917103185,1009.2673631439247,0.5681991182641624,0.8470939895636014,5.491966647730493e-05,4.075158786212579e-05,0.011245615782400548,39,30.0,5.0,1000.0,1,three_faults
2025-11-24T19:57:52.242956+00:00,29.230183398533967,4.822459487773893,1007.3138054669846,0.5656611834884955,0.8490498205442188,8.289773562776272e-06,1.5459538368656735e-05,0.010037112480068137,32,30.0,5.0,1000.0,1,three_faults
2025-11-24T19:57:53.295069+00:00,29.218783397476965,4.825183831269028,1000.5941176528574,0.5647323138085552,0.8465040024644843,2.6697934019313954e-05,2.6631320816271487e-05,0.009899405190791166,30,30.0,5.0,1000.0,1,three_faults
2025-11-24T19:57:54.347774+00:00,29.210078904955648,4.815896296626524,1003.3748965621697,0.5693909156998654,0.8484300022676194,4.14588457101292e-05,5.4740887689442705e-05,0.011332416126512344,38,30.0,5.0,1000.0,1,three_faults
2025-11-24T19:57:55.411831+00:00,29.191430747448155,4.8542847731488745,989.9727482402984,0.5700992646745228,0.8527129974282118,3.756903174684992e-05,4.1996911676791815e-05,0.011113029274624568,36,30.0,5.0,1000.0,1,three_faults
2025-11-24T19:57:56.512683+00:00,29.137566317463882,4.860476462910544,1000.5788525617339,0.5741249950308784,0.850127129775689,5.502834736838677e-05,7.969442145071795e-05,0.011386367851071121,40,30.0,5.0,1000.0,1,three_faults
2025-11-24T19:57:57.612182+00:00,29.100286352930212,4.896388263528227,1000.2915327388993,0.5734469957833951,0.8519067574444766,2.4543863088014675e-05,3.719724305966843e-05,0.011667019596402173,36,30.0,5.0,1000.0,1,three_faults
2025-11-24T19:57:58.714414+00:00,29.100282893440383,4.871621504481548,1004.2868076248702,0.575822080007946,0.8458455792451254,7.331933999494047e-05,4.051412127168306e-05,0.011474954330845569,36,30.0,5.0,1000.0,1,three_faults
2025-11-24T19:57:59.716076+00:00,29.082071997720966,4.88511938816199,1002.0945180029281,0.583490523050373,0.8496329317388669,1.6519408802952667e-05,4.363396987264757e-05,0.010425756612655254,32,30.0,5.0,1000.0,1,three_faults
2025-11-24T19:58:00.811885+00:00,29.06095756631138,4.910009981003899,995.2506815901594,0.5775391254213794,0.8519429161326314,1.0460274804119666e-05,3.588797484275792e-05,0.011589965341499996,36,30.0,5.0,1000.0,1,three_faults
2025-11-24T19:58:01.911845+00:00,29.04854409617177,4.931061726193574,990.893935894829,0.5825076502024806,0.8521732491503134,3.7939002307642254e-05,2.4836143737006998e-05,0.011595083772658147,36,30.0,5.0,1000.0,1,three_faults
2025-11-24T19:58:03.016275+00:00,29.000960314477677,4.9137249948609005,1000.8372240532884,0.5907436725779932,0.851797267781587,3.4559870135299424e-05,4.305606719279273e-05,0.011637536285615717,34,30.0,5.0,1000.0,1,three_faults
2025-11-24T19:58:04.119458+00:00,29.013370846936485,4.914963332813235,997.0857940098523,0.5822878072164677,0.8510588437631935,2.311048147963729e-05,9.538666985757033e-06,0.01160649384684329,34,30.0,5.0,1000.0,1,three_faults
2025-11-24T19:58:05.112619+00:00,28.966014279034603,4.871497670686313,994.1813563617619,0.5907333149514706,0.8528056476401786,4.5469702060523955e-05,1.0312987936420014e-05,0.010609704963869333,34,30.0,5.0,1000.0,1,three_faults
2025-11-24T19:58:06.212762+00:00,28.96374823043379,4.854284773148873,998.9638062540708,0.5899191596073636,0.853802573302595,3.782083882507522e-05,6.383944719541877e-05,0.011614368968580382,35,30.0,5.0,1000.0,1,three_faults
2025-11-24T19:58:07.213801+00:00,28.952368614633038,4.868773327191182,991.9945418276936,0.592898423279586,0.8543101890383247,3.863371421369687e-05,3.207044933473346e-05,0.010662935826222845,37,30.0,5.0,1000.0,1,three_faults
2025-11-24T19:58:08.318305+00:00,28.932732457237975,4.879051532195551,1009.2530858806924,0.5949107215390291,0.8488205853608677,2.332124158360072e-05,2.7065862339857283e-05,0.011706822219502791,36,30.0,5.0,1000.0,1,three_faults
2025-11-24T19:58:09.411832+00:00,28.909998115003507,4.921155022574904,1000.2982345421464,0.5951194701882427,0.8530509553939232,2.8008534686625067e-05,5.6184149906417374e-05,0.011783112611036092,38,30.0,5.0,1000.0,1,three_faults
2025-11-24T19:58:10.673322+00:00,28.88727587627236,4.919916684622572,1006.4721032285597,0.5974548381937206,0.8506758423513285,6.550533706684467e-05,4.0819369512670147e-05,0.011597644102153661,38,30.0,5.0,1000.0,1,three_faults
2025-11-24T19:58:11.528587+00:00,28.863727352327025,4.863324640200913,1003.1312765749856,0.6101255916965541,0.8486234250999798,4.276485714701403e-05,3.5134197057419176e-05,0.011230338302569592,33,30.0,5.0,1000.0,1,three_faults
2025-11-24T19:58:12.694302+00:00,28.854221089674965,4.896388263528227,996.9915306591615,0.5995806549493182,0.8523101638046651,1.894459679822158e-05,4.2711713995282295e-05,0.011943995739316789,38,30.0,5.0,1000.0,1,three_faults
2025-11-24T19:58:13.744980+00:00,28.8273808871097,4.919173681851172,998.9261532708639,0.6052294148251033,0.8512696887896821,1.3204896553381402e-05,2.4088904450105885e-05,0.010893291280315036,33,30.0,5.0,1000.0,1,three_faults
2025-11-24T19:58:14.789958+00:00,28.82118991596777,4.9905019479056,1003.5488971166583,0.6091931855423854,0.849983749244705,3.536840963879547e-05,6.264195361731051e-05,0.012017994738822289,34,30.0,5.0,1000.0,1,three_faults
2025-11-24T19:58:15.895302+00:00,28.796419766836927,4.9966936376672715,1005.9654750515379,0.6096244990179036,0.8476139927963466,5.1933772881223694e-05,5.081155276314631e-05,0.012079576332389442,36,30.0,5.0,1000.0,1,three_faults
2025-11-24T19:58:16.885690+00:00,28.793327876686284,4.968211864763594,1005.0516418121961,0.6102419285159043,0.8486584803237671,5.851045832833551e-05,3.274086753759671e-05,0.011171700734720135,32,30.0,5.0,1000.0,1,three_faults
2025-11-24T19:58:17.935114+00:00,28.751026253065557,4.984310258143932,997.4269941663125,0.6165948431929635,0.8492386273288115,4.136552345307438e-05,8.235289365934223e-05,0.012194702345447849,36,30.0,5.0,1000.0,1,three_faults
2025-11-24T19:58:19.015117+00:00,28.726274246865966,5.032605438284956,995.042151394282,0.622397677775296,0.8521444264430912,2.4730203891391105e-05,4.0785620729923174e-05,0.012142936852270884,36,30.0,5.0,1000.0,1,three_faults
2025-11-24T19:58:20.096613+00:00,28.720700861548174,5.019974391171149,1004.5204665562909,0.6156139717850895,0.8472067857831863,6.272388314858921e-05,3.448490774410279e-05,0.0110152498854511,35,30.0,5.0,1000.0,1,three_faults
2025-11-24T19:58:21.111386+00:00,28.728330934565772,5.00288532742894,992.8827282881911,0.6195808171403159,0.8533872521751946,4.7231361942948935e-05,5.0972129531827544e-05,0.012217466550282757,37,30.0,5.0,1000.0,1,three_faults
2025-11-24T19:58:22.212144+00:00,28.691215556075203,5.0127920310476135,996.7019700131302,0.6247748459116794,0.8522548744727471,2.88109876373691e-05,1.9565301855287087e-05,0.012366334824166748,38,30.0,5.0,1000.0,1,three_faults
2025-11-24T19:58:23.214937+00:00,28.6753512653063,5.01997439117115,1003.6950398698758,0.6249177530199337,0.8497396736358555,1.579446506487094e-05,4.306131035910689e-05,0.011240787554395162,34,30.0,5.0,1000.0,1,three_faults
2025-11-24T19:58:24.230914+00:00,28.666274691556033,5.006352673695476,1001.7682770206482,0.6304572202994925,0.8496416763390761,2.48485202704512e-05,4.452468879144443e-06,0.011306063066500414,32,30.0,5.0,1000.0,1,three_faults
2025-11-24T19:58:25.311141+00:00,28.635563792310077,4.988025272000935,1014.0092730653082,0.6352234213820138,0.8457983777679164,4.934763911338346e-05,2.830762180510036e-05,0.012657830877837516,37,30.0,5.0,1000.0,1,three_faults
2025-11-24T19:58:26.484046+00:00,28.649998562385235,4.966973526811258,994.3486854275055,0.6346290888007782,0.8504464756628987,3.743783613239343e-05,3.092484193078206e-05,0.012836441881237889,36,30.0,5.0,1000.0,1,three_faults
2025-11-24T19:58:27.534872+00:00,28.64381237991547,4.99297862381027,991.834994874058,0.6315552984798848,0.8529427396223781,1.0923048064172132e-06,5.1894229395727906e-05,0.012343287943552664,36,30.0,5.0,1000.0,1,three_faults
2025-11-24T19:58:28.587823+00:00,28.641336478334228,5.0662882305884365,995.4519404202823,0.6343737146243891,0.8505979687529657,1.9933845739569547e-05,4.8435084808909874e-05,0.011299051064203102,36,30.0,5.0,1000.0,1,three_faults
2025-11-24T19:58:29.514208+00:00,28.607338304052416,5.111239898258158,997.4252106624606,0.6419394663052149,0.8542581344022443,5.78746170152576e-05,7.486084443418818e-05,0.011196076752776389,34,30.0,5.0,1000.0,1,three_faults
2025-11-24T19:58:30.517237+00:00,28.59374884786419,5.172537626898685,1006.7170858440173,0.6419228536052073,0.845976262320837,2.3214258280488744e-05,1.6356743042244375e-05,0.011531575728334237,33,30.0,5.0,1000.0,1,three_faults
2025-11-24T19:58:31.612024+00:00,28.584065982980587,5.118050756995992,1008.9508211217271,0.6442069082583789,0.8479782193417211,3.418218334405114e-05,2.905273237979472e-05,0.012783207030400714,38,30.0,5.0,1000.0,1,three_faults
2025-11-24T19:58:32.648959+00:00,28.555243870377126,5.143932020199772,992.0185734456429,0.6482916124782813,0.8536367077138938,4.809269141003234e-05,3.6587915676068654e-05,0.011631459261717686,34,30.0,5.0,1000.0,1,three_faults
2025-11-24T19:58:33.665152+00:00,28.55298145401441,5.119412928743561,996.4956886312057,0.6549242255563554,0.8507578685398608,2.9192657634277266e-05,2.9113197566631312e-05,0.011776920250240066,34,30.0,5.0,1000.0,1,three_faults
2025-11-24T19:58:34.617694+00:00,28.512217650077975,5.135758989714369,1003.0692459708032,0.6500849078290362,0.8485497319738515,3.453322964486694e-05,3.975296516425949e-05,0.011857649675284188,33,30.0,5.0,1000.0,1,three_faults
2025-11-24T19:58:35.757742+00:00,28.561413205501722,5.066040562997971,1003.4901189596545,0.6507537282746931,0.8496776229131812,9.146864615002975e-05,5.7886484861351726e-05,0.012875532165962704,37,30.0,5.0,1000.0,1,three_faults
2025-11-24T19:58:36.816938+00:00,28.538771171700365,5.09452233590165,995.9884568305838,0.6557176191604678,0.8512213440081613,2.7736432103143577e-05,5.315918223239869e-05,0.013048787564117212,41,30.0,5.0,1000.0,1,three_faults
2025-11-24T19:58:37.856995+00:00,28.50316534031188,5.154829394180309,1003.495807287215,0.6647143694741044,0.8510939997131141,4.1929017371688883e-05,4.0560371596782314e-05,0.012044582107519408,33,30.0,5.0,1000.0,1,three_faults
2025-11-24T19:58:38.942056+00:00,28.518188668839063,5.040035465998958,1004.957361107487,0.6605161464777983,0.8499100728772226,8.821529054563092e-05,4.8890330126839366e-05,0.013046337675358111,35,30.0,5.0,1000.0,1,three_faults
2025-11-24T19:58:40.483707+00:00,28.512021165465338,4.942206767764581,992.7727475909319,0.6565839010732728,0.849010222549985,7.608696599593502e-05,3.641656464200347e-05,0.013048135909197846,37,30.0,5.0,1000.0,1,three_faults
2025-11-24T19:58:41.031750+00:00,28.500897280473716,4.928708884084141,996.5453451367148,0.6722868969613732,0.8510212488908756,5.1609783237779694e-05,5.1496863797686275e-05,0.01207751246017167,34,30.0,5.0,1000.0,1,three_faults
2025-11-24T19:58:42.112159+00:00,28.481153920436498,4.927346712336573,1003.8619107345224,0.6701869276286732,0.8500800460275638,5.3331432115239615e-05,5.9422956636637623e-05,0.013340230992175428,37,30.0,5.0,1000.0,1,three_faults
2025-11-24T19:58:43.111632+00:00,28.47600836929147,4.961401006025756,1006.4800485948444,0.6726839130236318,0.847075765149107,6.1204826898695415e-06,2.6701731800039448e-05,0.012019335540575103,33,30.0,5.0,1000.0,1,three_faults
2025-11-24T19:58:44.169681+00:00,28.439801162237252,5.024060906413852,993.2303000167722,0.6701358819055965,0.8536857499542043,1.1340214848251638e-05,4.906448729411255e-05,0.012022862180522474,30,30.0,5.0,1000.0,1,three_faults
2025-11-24T19:58:45.111442+00:00,28.476004813546275,5.071736917578707,996.8208576920512,0.6744854848472578,0.8499905416500247,5.1508913399985295e-05,9.699972702603791e-05,0.012075598964796253,33,30.0,5.0,1000.0,1,three_faults
2025-11-24T19:58:46.215240+00:00,28.425623448889702,5.084615632282979,1005.285591208336,0.6814285971185141,0.8502958674938189,8.30501840470213e-05,3.4771084363594686e-05,0.013576860199509573,33,30.0,5.0,1000.0,1,three_faults
2025-11-24T19:58:47.211712+00:00,28.430756457119593,5.09489383728735,996.3640742266441,0.6768380773219876,0.8503795557188658,5.931695182416457e-05,6.827075075034645e-05,0.012090042653238172,34,30.0,5.0,1000.0,1,three_faults
2025-11-24T19:58:48.311302+00:00,28.402998592455944,5.114335743138993,1003.8055747437454,0.6855231932120556,0.8486036575887284,3.7391177525191184e-05,6.0651642349522246e-05,0.013720546545821336,40,30.0,5.0,1000.0,1,three_faults
2025-11-24T19:58:49.311736+00:00,28.38327296212274,5.111239898258156,999.711467507623,0.6909129953390003,0.8480242066890883,4.487128598290027e-05,3.6726878833925684e-05,0.012398510220680354,32,30.0,5.0,1000.0,1,three_faults
2025-11-24T19:58:50.414393+00:00,28.4153405677172,5.105667377472655,1000.1289279092732,0.685400374361281,0.8528172139964103,5.726711815689712e-05,3.113585811185288e-05,0.013674390434605473,40,30.0,5.0,1000.0,1,three_faults
2025-11-24T19:58:51.411148+00:00,28.40361374066132,5.074461261073839,996.8576678559472,0.6877947667607309,0.8490560769903108,1.4162012142598388e-05,2.7594651268094826e-05,0.012239132843904718,34,30.0,5.0,1000.0,1,three_faults
2025-11-24T19:58:52.513489+00:00,28.396831058044917,5.141579178090338,997.5514300735547,0.6915055706464254,0.8492350776394301,1.6999905390230532e-05,3.0754105446210985e-05,0.01375546749710897,37,30.0,5.0,1000.0,1,three_faults
2025-11-24T19:58:53.514096+00:00,28.378751097132373,5.1126020700057255,1016.0263567460372,0.6988553542227948,0.8456497091777415,5.8294003687574735e-05,2.3963133564703203e-05,0.012458452292506398,33,30.0,5.0,1000.0,1,three_faults
2025-11-24T19:58:54.617576+00:00,28.359844173269437,5.05365718347463,997.6349376782299,0.6930387491764737,0.8479003956293089,7.842387940998578e-05,8.427356173462753e-05,0.01372080358466014,35,30.0,5.0,1000.0,1,three_faults
2025-11-24T19:58:55.611578+00:00,28.38101256374575,5.075823432821407,997.0597009892281,0.7022008562568344,0.8505824736521301,3.4807833416038846e-05,3.969348818782591e-05,0.012771908347538313,33,30.0,5.0,1000.0,1,three_faults
2025-11-24T19:58:56.618212+00:00,28.37648516137399,5.067650402336005,991.3144822898233,0.7056585619305411,0.8530009821362791,3.853735601051545e-05,3.2250851114522946e-05,0.012856887398835788,34,30.0,5.0,1000.0,1,three_faults
2025-11-24T19:58:57.661758+00:00,28.360669738086663,5.083996463306811,992.1605820681003,0.706015879435381,0.854731620971665,4.126607954728031e-05,6.0126604185591355e-05,0.012726980552939636,31,30.0,5.0,1000.0,1,three_faults
2025-11-24T19:58:58.713017+00:00,28.34135115524074,5.106905715424987,1009.406520440209,0.7067504540627224,0.8473077413025351,4.892451333562698e-05,3.410185397240681e-05,0.013844447258634988,38,30.0,5.0,1000.0,1,three_faults
2025-11-24T19:58:59.811494+00:00,28.359840041788207,5.110620729281991,1002.5370772388669,0.7075142573174663,0.8470497635763864,1.3483912576746056e-05,6.236268751357027e-05,0.014034243793272875,36,30.0,5.0,1000.0,1,three_faults
2025-11-24T19:59:00.911476+00:00,28.32697302534174,5.241884552229382,1003.8192152559852,0.7141642654080689,0.8492803083829799,2.0442359105924364e-05,4.290679670958336e-05,0.01409538548633488,39,30.0,5.0,1000.0,1,three_faults
2025-11-24T19:59:02.012336+00:00,28.333129611085102,5.213402779325702,1005.9193412080821,0.7195480206364909,0.8469518728243476,8.078267077758085e-05,9.273336956849962e-06,0.014425989668138866,39,30.0,5.0,1000.0,1,three_faults
2025-11-24T19:59:03.116779+00:00,28.308483644720773,5.077185604568975,1002.1527631712194,0.7164954021175123,0.8477866400280374,1.9314253352428563e-05,5.418957389917532e-05,0.013972056618846306,36,30.0,5.0,1000.0,1,three_faults
2025-11-24T19:59:04.110910+00:00,28.344839241560045,5.1316724744716655,1001.517916878767,0.7151481844583445,0.846610360782786,7.077888409826643e-05,4.479844043131308e-05,0.012789827852079728,34,30.0,5.0,1000.0,1,three_faults
2025-11-24T19:59:05.211553+00:00,28.310544545913157,5.131672474471666,999.720761605509,0.7295134630758071,0.8457736859453412,1.0844769787803884e-05,3.21459593333991e-05,0.014578947492664588,37,30.0,5.0,1000.0,1,three_faults
2025-11-24T19:59:06.312478+00:00,28.30848321343527,5.095760673853984,1001.516119802354,0.7268085860846248,0.8478522273484151,4.942411615744371e-05,2.985636262367875e-05,0.014309156038145712,35,30.0,5.0,1000.0,1,three_faults
2025-11-24T19:59:07.312155+00:00,28.306436614998603,5.006352673695477,1003.3243932608721,0.7281810560722328,0.8464395334772392,6.926665215656532e-05,9.600681107436127e-06,0.013298026545906923,34,30.0,5.0,1000.0,1,three_faults
2025-11-24T19:59:08.415557+00:00,28.30642555490329,4.901341615337562,999.6800774032286,0.7263602735208181,0.8473257349822769,8.447753099048587e-05,4.403250031867069e-05,0.014413481987912103,34,30.0,5.0,1000.0,1,three_faults
2025-11-24T19:59:09.411190+00:00,28.326762867571404,4.9096384796181995,1003.4619884296451,0.7357119625372646,0.8465078141847611,1.969017122284283e-05,6.0068598269791877e-05,0.013254824387579887,34,30.0,5.0,1000.0,1,three_faults
2025-11-24T19:59:10.511660+00:00,28.318752392801137,4.974403554525263,995.4197985643942,0.7316994225236996,0.8472765071673248,3.1886611941122327e-05,8.105840992840598e-05,0.014356556744479965,36,30.0,5.0,1000.0,1,three_faults
2025-11-24T19:59:11.512899+00:00,28.31094293488119,5.0948938372873505,994.9457415387444,0.7420799634270058,0.8496743944574655,1.495313438426794e-05,3.162975299196567e-05,0.013233952423811427,32,30.0,5.0,1000.0,1,three_faults
2025-11-24T19:59:12.611507+00:00,28.30026259119719,5.092045659996982,997.3812455701077,0.7380791684680594,0.8491864628186865,5.1097378042580634e-05,1.995782980009526e-05,0.014395609435854193,36,30.0,5.0,1000.0,1,three_faults
2025-11-24T19:59:13.712042+00:00,28.29616046244854,5.037558790094291,1000.0522882193414,0.743838081259615,0.8478623435288266,2.0422325808420175e-05,3.1616186788874905e-05,0.014834962289546305,37,30.0,5.0,1000.0,1,three_faults
2025-11-24T19:59:14.844228+00:00,28.312584881247382,5.061087211188634,1002.8136623617206,0.7437010391576758,0.8473760185465892,2.685299360807415e-05,4.599873423808024e-05,0.014865367642151486,39,30.0,5.0,1000.0,1,three_faults
2025-11-24T19:59:15.810692+00:00,28.306432094291598,5.097618180782484,995.0624100787384,0.7426976178029714,0.8488806582859942,4.070051759334823e-05,2.8150611603207677e-05,0.013298547622768022,34,30.0,5.0,1000.0,1,three_faults
2025-11-24T19:59:16.825858+00:00,28.313199856848353,5.115326413500862,1000.7218388712406,0.7516610650600141,0.849242963074872,3.4093422205241485e-05,6.584086743498108e-05,0.013286773774949596,35,30.0,5.0,1000.0,1,three_faults
2025-11-24T19:59:17.914442+00:00,28.316701542348902,5.255506269705055,1001.2045779794815,0.756833541271548,0.8478031664881837,4.306339265862401e-05,7.717953688933137e-05,0.015062277891963792,36,30.0,5.0,1000.0,1,three_faults
2025-11-24T19:59:19.016391+00:00,28.281784144384698,5.281511366704066,996.5331519030075,0.7541444968266687,0.8476651436948398,1.4754615706585076e-05,2.5407818747613868e-05,0.014924089130740406,37,30.0,5.0,1000.0,1,three_faults
2025-11-24T19:59:20.201837+00:00,28.304374257196528,5.239407876324715,995.5328419651568,0.7527795010388091,0.8526370010843323,0.00010827037884522466,3.750164544656288e-05,0.014913360332148186,34,30.0,5.0,1000.0,1,three_faults
2025-11-24T19:59:21.111727+00:00,28.29513397386527,5.107153383015454,995.5413868239366,0.7642647563417554,0.8497973694227386,4.216467612212441e-05,3.908782047333626e-05,0.013896405815658415,35,30.0,5.0,1000.0,1,three_faults
2025-11-24T19:59:22.295421+00:00,28.296164527672033,5.0722322527596395,997.1471826253329,0.757795746373647,0.8527353624983015,1.4567683823315331e-05,1.3581632436394857e-05,0.015064622619936375,38,30.0,5.0,1000.0,1,three_faults
2025-11-24T19:59:23.386400+00:00,28.292051057813943,5.09452233590165,1011.1241022579419,0.7646357892619027,0.8454443646336159,5.272147803664019e-05,4.569642266310321e-05,0.015021119689844152,40,30.0,5.0,1000.0,1,three_faults
2025-11-24T19:59:24.410764+00:00,28.30642691378154,5.074708928664308,999.977496431561,0.7687547830339795,0.8499053651909947,9.684584910911158e-05,7.29940593748155e-05,0.01506782080133287,37,30.0,5.0,1000.0,1,three_faults
2025-11-24T19:59:25.441024+00:00,28.288353736082207,5.071736917578706,1003.9004920389212,0.7707664526958246,0.8452599356605279,9.350789839362202e-07,4.263646740381018e-05,0.013739261039951205,34,30.0,5.0,1000.0,1,three_faults
2025-11-24T19:59:26.511091+00:00,28.26330797263627,5.1737759648510195,1003.495773597915,0.7749291392102463,0.8479071767639387,3.306409706964172e-05,5.920926875343397e-05,0.015271535533706426,36,30.0,5.0,1000.0,1,three_faults
2025-11-24T19:59:27.582726+00:00,28.258998224356105,5.157553737675444,992.4661629427881,0.7777105582802454,0.8485325927944251,6.506935098635048e-05,4.195091005333796e-05,0.014039857757588096,34,30.0,5.0,1000.0,1,three_faults
2025-11-24T19:59:28.619923+00:00,28.277672492066266,5.095760673853983,997.3076194922328,0.7740723794118171,0.851380013245437,7.838756497509395e-05,3.0529465437414316e-05,0.01518510550983449,37,30.0,5.0,1000.0,1,three_faults
2025-11-24T19:59:29.634248+00:00,28.295129994080376,5.033596108646823,996.1283856013637,0.7778949978363707,0.8511451345927317,4.613643075438943e-05,7.686840315619107e-05,0.0140909713060164,33,30.0,5.0,1000.0,1,three_faults
2025-11-24T19:59:30.716797+00:00,28.30436835504033,5.017745382856948,996.6553446630697,0.7790313485731878,0.8514781230509232,7.605128315700164e-05,3.744770111030325e-05,0.01528333948482004,36,30.0,5.0,1000.0,1,three_faults
2025-11-24T19:59:31.877247+00:00,28.304386114088935,4.9372534159552455,1004.131048160039,0.7846590583691547,0.8495240226714466,6.357079550976484e-05,3.317463466064006e-05,0.01550166278440746,34,30.0,5.0,1000.0,1,three_faults
2025-11-24T19:59:32.812465+00:00,28.29061515363612,4.920535853598739,1003.264598714896,0.7875985097701457,0.8474915523957222,4.676540687414463e-05,8.882152003799686e-05,0.01429181469698135,33,30.0,5.0,1000.0,1,three_faults
2025-11-24T19:59:33.925956+00:00,28.283835446645995,5.0412738039512925,997.7990622210046,0.7900939664290032,0.8485043962303684,2.2464980343248946e-05,6.666787190061917e-05,0.015584489116001495,38,30.0,5.0,1000.0,1,three_faults
2025-11-24T19:59:34.917494+00:00,28.292872071844,5.1139642417532905,996.1754657375337,0.7900012066176516,0.8497555601316604,3.7225923686617804e-05,4.05738490714683e-05,0.01423933355624638,31,30.0,5.0,1000.0,1,three_faults
2025-11-24T19:59:36.016729+00:00,28.30848047628249,5.093283997949315,1001.8215951558767,0.7919734376789986,0.8511572238751474,5.270830808244062e-05,3.088235413866436e-05,0.01572646839675022,38,30.0,5.0,1000.0,1,three_faults
2025-11-24T19:59:37.114674+00:00,28.304372433959898,5.0487038316652955,1002.3280301447467,0.7956270276281256,0.8487572445004947,4.220210229735153e-05,2.0392558904819104e-05,0.015726645446350798,38,30.0,5.0,1000.0,1,three_faults
2025-11-24T19:59:38.113433+00:00,28.30191826543372,5.045855654374927,1006.9207493031618,0.8015428568856734,0.8460925401045835,3.542470950887604e-05,7.568736237634721e-05,0.014479853179122005,34,30.0,5.0,1000.0,1,three_faults
2025-11-24T19:59:39.215478+00:00,28.28794757246001,5.072232252759639,999.8350990609608,0.7998725694381353,0.8487344620508168,6.0934597646590857e-05,2.0188878778979375e-05,0.01566991958042304,37,30.0,5.0,1000.0,1,three_faults
2025-11-24T19:59:40.376604+00:00,28.310539044154428,5.0932839979493165,1000.955381375205,0.7984905822879109,0.8488702362547119,5.3672576422650385e-05,0.0001052138135085354,0.015792924722514996,38,30.0,5.0,1000.0,1,three_faults
2025-11-24T19:59:41.410847+00:00,28.31669427674693,5.19358937208836,996.5340367300792,0.8059931780284955,0.8497424459956279,3.6348382086332834e-05,5.281510286293506e-05,0.01596126923060626,34,30.0,5.0,1000.0,1,three_faults
2025-11-24T19:59:42.510902+00:00,28.31465208845215,5.281511366704067,1004.654863726084,0.8095870883327095,0.8455106732079678,3.752085983666645e-05,8.288250419294138e-05,0.016015667537556618,43,30.0,5.0,1000.0,1,three_faults
2025-11-24T19:59:43.610665+00:00,28.3249189995955,5.340951588416095,999.7340277525177,0.8075151064164303,0.8489106083277215,6.02433278726103e-05,2.3366113229875423e-05,0.015974591569799447,35,30.0,5.0,1000.0,1,three_faults
2025-11-24T19:59:44.615899+00:00,28.31546577250474,5.150742878937606,995.2079832629186,0.8134082739608501,0.8513050605905924,6.759924564123981e-05,1.7170818508668124e-05,0.014658866566483783,35,30.0,5.0,1000.0,1,three_faults
2025-11-24T19:59:45.716112+00:00,28.28794844531387,5.073470590711974,996.43491663395,0.8197172976632512,0.8509657952885283,3.9517865678809935e-05,4.437792871020688e-05,0.016131847318792854,35,30.0,5.0,1000.0,1,three_faults
2025-11-24T19:59:46.832948+00:00,28.32491171115368,5.042512141903628,999.5676661613116,0.8126077304805175,0.8488239699797909,6.405867590292537e-05,1.6089082074543194e-05,0.016307373479399676,35,30.0,5.0,1000.0,1,three_faults
2025-11-24T19:59:47.987558+00:00,28.345463729426683,4.978118568382262,1000.4684576458934,0.8185904163192054,0.8493298904877578,6.981741941277092e-05,4.8798623447776805e-05,0.016261498597035712,35,30.0,5.0,1000.0,1,three_faults
2025-11-24T19:59:49.036663+00:00,28.33128071636918,4.94505494505495,1000.9607962016495,0.8225198659145269,0.8492463099235528,5.322135341094459e-05,5.954255681258372e-05,0.014669272696077163,35,30.0,5.0,1000.0,1,three_faults
2025-11-24T19:59:49.914694+00:00,28.342580809750352,4.94369277330738,1002.0556303678926,0.8186026326480043,0.8474974720319235,4.312277896820377e-05,3.8066908606775374e-05,0.014721184731017394,31,30.0,5.0,1000.0,1,three_faults
2025-11-24T19:59:51.013009+00:00,28.368064318524684,4.9496367954785825,1001.876796788488,0.8225935798482182,0.8491186031829536,5.349386195047113e-05,4.73493379263305e-05,0.016256238266052,36,30.0,5.0,1000.0,1,three_faults
2025-11-24T19:59:52.021975+00:00,28.340317891158957,4.909638479618199,997.1376204871209,0.8336661784439006,0.8505393933600585,5.623283125298295e-05,5.47332971429568e-05,0.01490440774600581,33,30.0,5.0,1000.0,1,three_faults
2025-11-24T19:59:53.012054+00:00,28.32676338592352,4.932795399326844,1004.2036954178823,0.8282361912523066,0.8474777551062787,2.2301892630621588e-05,2.871148285429893e-05,0.015081895767288115,34,30.0,5.0,1000.0,1,three_faults
2025-11-24T19:59:54.112629+00:00,28.341342483939442,4.931061726193576,997.1874609535837,0.8334462326239716,0.849526627436083,4.5237934833471674e-05,3.532956108596119e-05,0.01640090658603902,38,30.0,5.0,1000.0,1,three_faults
2025-11-24T19:59:55.211202+00:00,28.36395173864185,4.92858505028891,996.4112308240178,0.8340818434678269,0.8484322637090134,3.263135904238413e-05,4.346126677721816e-05,0.016690570453077463,37,30.0,5.0,1000.0,1,three_faults
2025-11-24T19:59:56.220098+00:00,28.36518002513494,4.945054945054948,997.8359145879665,0.8363277219831582,0.8510690458966034,3.579104890454086e-05,2.385330144860105e-05,0.015142226236337382,34,30.0,5.0,1000.0,1,three_faults
2025-11-24T19:59:57.317564+00:00,28.384500106964353,4.879051532195553,1000.0431941607818,0.8369213662406824,0.8501585793939039,6.681907562616718e-05,2.991351484179739e-05,0.01640374933525128,37,30.0,5.0,1000.0,1,three_faults
2025-11-24T19:59:58.375502+00:00,28.399091890750988,4.908276307870632,1001.2578099592198,0.8385933905604691,0.8494126630324329,2.124033159250595e-05,7.426667419084695e-05,0.015142752937038057,33,30.0,5.0,1000.0,1,three_faults
2025-11-24T19:59:59.517420+00:00,28.372168706373863,4.9112483189562335,999.2626154150821,0.8439333632359883,0.8493088445785826,6.221681246335724e-05,5.613472537145216e-05,0.016862957700658363,38,30.0,5.0,1000.0,1,three_faults
2025-11-24T20:00:00.564280+00:00,28.42767057395275,4.996693637667271,1005.3172086587659,0.8392311175641978,0.8477732745182484,4.518186098434463e-05,7.182882011375664e-05,0.02583842460841572,38,30.0,5.0,1000.0,1,three_faults
2025-11-24T20:00:01.622583+00:00,28.468810979600093,4.973165216572928,997.3166570991526,0.8412281964632172,0.8487039269287979,8.241322136554162e-05,4.7735970259908234e-05,0.0337006711032435,34,30.0,5.0,1000.0,0,three_faults
2025-11-24T20:00:02.672687+00:00,28.555242332757132,4.9423306015598145,1002.7764684230281,0.8390386207120553,0.8496072841906666,2.4358470454722335e-05,3.0976833501704196e-05,0.030225451326076357,34,30.0,5.0,1000.0,0,three_faults
2025-11-24T20:00:03.715181+00:00,28.59437031803294,4.965735188858924,999.0038441177757,0.8423035174066187,0.8493584738416363,3.764768263205929e-05,6.233480226540923e-05,0.033043422206340364,37,30.0,5.0,1000.0,0,three_faults
2025-11-24T20:00:04.818024+00:00,28.697405565999414,5.012792031047612,1000.9516674582304,0.8409467655853262,0.8479202747318706,4.73030337315043e-05,3.185911228062994e-05,0.03298709924471663,36,30.0,5.0,1000.0,0,three_faults
2025-11-24T20:00:05.817210+00:00,28.75927589032691,5.010439188938177,998.6394313242621,0.8405218141806845,0.8507364501415149,3.814311468002045e-05,6.175967476592753e-05,0.03031748907106114,32,30.0,5.0,1000.0,0,three_faults
2025-11-24T20:00:06.916810+00:00,28.823263349012052,5.002885327428941,1001.7595620325027,0.8340167619820048,0.8472017276677548,7.30755916846546e-05,6.282097001785078e-05,0.03260166403902539,36,30.0,5.0,1000.0,0,three_faults
2025-11-24T20:00:08.010868+00:00,28.903796036722596,4.981833582239265,998.2877730459905,0.8415165790934556,0.8494500849047416,6.325816998100622e-05,5.020091982836982e-05,0.032920021803248316,36,30.0,5.0,1000.0,0,three_faults
2025-11-24T20:00:09.014438+00:00,28.96828391541723,4.975022723501429,1000.166826606062,0.8362805161822473,0.851126740643986,2.5384066095978926e-05,3.746942101268704e-05,0.029741812597123534,31,30.0,5.0,1000.0,0,three_faults
2025-11-24T20:00:10.112072+00:00,29.03405753538076,4.96697352681126,1004.2125933213728,0.8391429332913742,0.8459763754594561,5.259353971127533e-05,1.1319665757153011e-05,0.03346822291309674,35,30.0,5.0,1000.0,0,three_faults
2025-11-24T20:00:11.210486+00:00,29.106512614715687,4.85923812495821,990.0244667577841,0.8318280148627953,0.8522989379128268,6.325356456741239e-05,1.0806574500665595e-05,0.032984134778343555,36,30.0,5.0,1000.0,0,three_faults
2025-11-24T20:00:12.311955+00:00,29.201792394080815,4.867906490624549,995.228769099301,0.8352768642293316,0.8518870064747852,3.053038563677148e-05,8.034779075468413e-05,0.032973737245045036,34,30.0,5.0,1000.0,0,three_faults
2025-11-24T20:00:13.410089+00:00,29.230817732351092,4.9446834436692475,1003.0771093711918,0.8333643289153764,0.849876428398514,8.461938890593454e-05,7.244245763034277e-05,0.03295717819372252,36,30.0,5.0,1000.0,0,three_faults
2025-11-24T20:00:14.413735+00:00,29.30775770135775,4.8769463576765855,1001.6036001613217,0.8373091687902925,0.8476902406444158,5.7889771400015e-05,5.456246756173855e-05,0.029945711776531513,35,30.0,5.0,1000.0,0,three_faults
2025-11-24T20:00:15.515555+00:00,29.400967177626413,4.9372534159552455,1008.7065417812621,0.8287236710233398,0.8465270782298883,1.1725152965878905e-05,6.222060032074111e-05,0.03289400909778262,36,30.0,5.0,1000.0,0,three_faults
2025-11-24T20:00:16.611660+00:00,29.45291350345971,4.9818335822392665,1001.3812605920818,0.8321314170698105,0.8491537362114587,6.195862645560007e-05,4.892143381039015e-05,0.032452573917739216,37,30.0,5.0,1000.0,0,three_faults
2025-11-24T20:00:17.612788+00:00,29.495108208198737,4.931433227579276,988.4356625864323,0.8337231170508913,0.8537419348563479,4.260199879963773e-05,5.114485626756167e-05,0.03020472835558059,31,30.0,5.0,1000.0,0,three_faults
2025-11-24T20:00:18.712062+00:00,29.563123683704998,4.963258512954257,990.8230625103937,0.8193334638834504,0.8529826703591049,3.8518257899994444e-05,7.42236510791047e-05,0.03236423873400934,36,30.0,5.0,1000.0,0,three_faults
2025-11-24T20:00:19.812453+00:00,29.61932514136242,5.0251754105709505,997.9535708036984,0.8266295764816654,0.8510891872477543,1.5900776425508868e-05,1.8148889274231987e-05,0.03246473997273603,36,30.0,5.0,1000.0,0,three_faults
2025-11-24T20:00:20.916845+00:00,29.700545568185177,5.035082114189622,1004.9185765147085,0.8319395287843494,0.8508776662525122,5.333835833669385e-05,3.3661959296568534e-05,0.0325332137875693,37,30.0,5.0,1000.0,0,three_faults
2025-11-24T20:00:22.070300+00:00,29.752661511022094,4.990501947905604,1005.713403073312,0.8221508395379495,0.8486606632789786,5.6129702341635335e-05,6.325054525023536e-05,0.032832259919936574,38,30.0,5.0,1000.0,0,three_faults
2025-11-24T20:00:23.010419+00:00,29.806679866601733,5.03495828039439,991.9833334267059,0.8202846189732542,0.8538205620511332,6.421826540243022e-05,4.1331286538830316e-05,0.02958951832854889,32,30.0,5.0,1000.0,0,three_faults
2025-11-24T20:00:24.164841+00:00,29.854891689348104,4.979356906334599,1000.9382543940133,0.8193860910975869,0.8508948424128817,5.082318653706303e-05,6.670952827486161e-05,0.03265274934783002,36,30.0,5.0,1000.0,0,three_faults
2025-11-24T20:00:25.212826+00:00,29.942593894078847,5.00288532742894,1003.9483126469027,0.820969498128975,0.847447979480593,3.669750378350043e-05,4.822692971779297e-05,0.03209050579885371,36,30.0,5.0,1000.0,0,three_faults
2025-11-24T20:00:26.281678+00:00,29.962862277515995,5.047217826122495,994.8450719180713,0.8215469102631137,0.8551125811038759,2.2215444009540977e-05,3.985376254087799e-05,0.029468709664196582,33,30.0,5.0,1000.0,0,three_faults
2025-11-24T20:00:27.310577+00:00,30.070144508992737,5.040035465998958,1007.1765600015514,0.8051289326066325,0.847109160500306,4.305466318027589e-05,2.324637577913239e-05,0.03207690259911459,37,30.0,5.0,1000.0,0,three_faults
2025-11-24T20:00:28.378269+00:00,30.09169323992024,5.007714845443044,1000.913982173767,0.8196181781586269,0.8483591233479736,6.018323806611511e-05,3.3757535137543635e-05,0.029371644062559595,34,30.0,5.0,1000.0,0,three_faults
2025-11-24T20:00:29.314527+00:00,30.160789120560572,5.003628330200342,996.4222731884931,0.811331294974134,0.8532901448785077,3.669251005274373e-05,4.772001703976183e-05,0.02935337126550734,33,30.0,5.0,1000.0,0,three_faults
2025-11-24T20:00:30.350113+00:00,30.23456555494053,4.99409312796737,999.4595358251643,0.7992642364569318,0.8503030842280873,2.4021220478854492e-05,4.3970310394747246e-05,0.028820029023459707,31,30.0,5.0,1000.0,0,three_faults
2025-11-24T20:00:31.411295+00:00,30.25657604466928,5.040035465998956,999.0563271597816,0.8185633513282888,0.8514642752425495,1.7435356479218375e-05,1.2707416960666137e-05,0.032518253037088586,38,30.0,5.0,1000.0,0,three_faults
2025-11-24T20:00:32.553231+00:00,30.346781111989092,4.999170313571939,1000.1766061444597,0.7969905585045719,0.8499847945624498,6.027805251871016e-05,6.251869046662062e-05,0.0318307365870624,38,30.0,5.0,1000.0,0,three_faults
2025-11-24T20:00:33.509704+00:00,30.396131547401147,4.981833582239264,998.0358469227806,0.8009841915994942,0.8506571026474511,5.576466657181719e-05,7.6841102593205e-06,0.028920168101860134,34,30.0,5.0,1000.0,0,three_faults
2025-11-24T20:00:34.649951+00:00,30.40137399372459,4.9372534159552455,1005.9400402563571,0.805947057581131,0.8498194527710955,3.580476808526434e-05,4.3679070335618473e-05,0.03216154475953093,36,30.0,5.0,1000.0,0,three_faults
2025-11-24T20:00:35.706388+00:00,30.507088551896242,4.949141460297649,1004.5282433335348,0.7914819851771492,0.8466217455691407,3.12428158791917e-05,5.892293268035529e-05,0.028446750865514438,32,30.0,5.0,1000.0,0,three_faults
2025-11-24T20:00:36.611894+00:00,30.54641527000379,5.017250047676014,998.1569605078994,0.7977758277234998,0.8507594044555702,4.155604238243739e-05,6.249902647733947e-05,0.028527647371883312,33,30.0,5.0,1000.0,0,three_faults
2025-11-24T20:00:37.710547+00:00,30.58851156917874,5.017745382856948,991.143750538371,0.7934798120912713,0.853713296983516,4.666805291321132e-05,2.841638190391572e-05,0.03164131860965395,34,30.0,5.0,1000.0,0,three_faults
2025-11-24T20:00:38.709820+00:00,30.641356337494905,5.037682623889524,996.4167078899511,0.7918743855743041,0.851908336965111,1.5994769254536924e-05,4.3586674313391e-05,0.028341263348719947,34,30.0,5.0,1000.0,0,three_faults
2025-11-24T20:00:39.903061+00:00,30.685391782461803,5.0771856045689745,1002.7966757860758,0.78640746974359,0.8491307727250145,4.885316817446688e-05,5.809554839786033e-05,0.031131141347284334,36,30.0,5.0,1000.0,0,three_faults
2025-11-24T20:00:40.810587+00:00,30.699302141310987,5.130310302724098,1003.6416886220862,0.7928429461053429,0.8492201355274928,2.537956950418338e-05,5.267756390565218e-05,0.01552484358426383,33,30.0,5.0,1000.0,1,three_faults
2025-11-24T20:00:42.000411+00:00,30.70015672728532,5.207211089564034,989.8993777924535,0.785052389990971,0.8555850941586296,3.8047905401043984e-05,3.2743497492779165e-05,0.01573255292065372,36,30.0,5.0,1000.0,1,three_faults
2025-11-24T20:00:43.046143+00:00,30.702249319362522,5.11681241904366,1004.250940265389,0.7871976446140786,0.8502429185207369,7.741846162946595e-05,3.9642293018285326e-05,0.015457636553298815,41,30.0,5.0,1000.0,1,three_faults
2025-11-24T20:00:44.115959+00:00,30.664534009112366,5.082634291559245,1000.6097644484349,0.7874587302394256,0.8493782272355415,3.5351338097335496e-05,3.864167809691403e-05,0.014121408377296562,33,30.0,5.0,1000.0,1,three_faults
2025-11-24T20:00:45.145009+00:00,30.645357096266345,5.032605438284955,995.723587106606,0.7914654918638483,0.8540330328529677,7.228996861397913e-05,1.5946556920785892e-05,0.015604473873037716,37,30.0,5.0,1000.0,1,three_faults
2025-11-24T20:00:46.192601+00:00,30.622826389362405,4.921898025346305,998.2724755700701,0.7846302658498362,0.8535249405643655,3.3899831147810246e-05,6.929123469479679e-06,0.014159514561689108,35,30.0,5.0,1000.0,1,three_faults
2025-11-24T20:00:47.241570+00:00,30.603240681676596,4.874098180386217,1001.1394115878026,0.7910833889984314,0.8514679881850955,7.267563858511382e-05,5.620538622451546e-05,0.015505132504276988,39,30.0,5.0,1000.0,1,three_faults
2025-11-24T20:00:48.286855+00:00,30.60660919523964,4.863324640200911,995.0177265325761,0.7881794716685263,0.8555873593949267,3.2220288334208445e-05,4.844483136944003e-05,0.01432887915398918,34,30.0,5.0,1000.0,1,three_faults
2025-11-24T20:00:49.586504+00:00,30.578823110426868,4.897378933890094,1010.0093091364876,0.7823821586404831,0.8458109254423146,3.142943193379607e-05,4.7749621758242046e-05,0.014142838077847237,33,30.0,5.0,1000.0,1,three_faults
2025-11-24T20:00:50.411782+00:00,30.571665025943517,4.8877198978618885,1006.6671197416458,0.7875083656200886,0.8487976627286368,5.5404920423603904e-05,3.298393706837873e-05,0.01544150280422301,37,30.0,5.0,1000.0,1,three_faults
2025-11-24T20:00:51.440904+00:00,30.55336115567885,4.921898025346306,997.8541288511603,0.7851706751278513,0.8527960190653401,3.459156130407856e-05,5.617082508923882e-05,0.014210383635206448,33,30.0,5.0,1000.0,1,three_faults
2025-11-24T20:00:52.491484+00:00,30.554850567983294,4.907533305099233,998.7690949178336,0.7789573355848977,0.8505718390585962,2.9676244455067352e-05,6.331314660856976e-05,0.015484675877201889,37,30.0,5.0,1000.0,1,three_faults
2025-11-24T20:00:53.530038+00:00,30.488580646001175,4.950503632045217,1000.5984698978115,0.797572534700086,0.8506203932651927,8.189901797136174e-05,4.412327946697675e-05,0.014465656415479146,33,30.0,5.0,1000.0,1,three_faults
2025-11-24T20:00:54.588134+00:00,30.5043453002531,4.897626601480561,1003.6773286855172,0.782389558966278,0.8486224242638536,4.9296958693436984e-05,4.8182533023152994e-05,0.015565910858811849,41,30.0,5.0,1000.0,1,three_faults
2025-11-24T20:00:55.511395+00:00,30.507081670140916,4.912362823113336,998.337628992238,0.7849249860088732,0.8513997876204723,6.359319622499217e-05,4.277636309036482e-05,0.013963425059045083,35,30.0,5.0,1000.0,1,three_faults
2025-11-24T20:00:56.562689+00:00,30.47470269517915,4.896016762142527,1005.9061223849938,0.7876774373084808,0.8497007267305972,1.2824391111488532e-05,4.447927452932098e-05,0.014169383797134125,33,30.0,5.0,1000.0,1,three_faults
2025-11-24T20:00:57.613045+00:00,30.443386107348093,4.971926878620595,1003.2025351729525,0.7834397527224312,0.8480818779625522,3.0082383405963795e-05,8.157467108878773e-05,0.015449818684024112,38,30.0,5.0,1000.0,1,three_faults
2025-11-24T20:00:58.611948+00:00,30.444645871729136,5.026785249908985,998.4912140992467,0.7838493105330292,0.8506416895984609,7.027370677986406e-05,4.172833529864009e-05,0.014264811044802256,33,30.0,5.0,1000.0,1,three_faults
2025-11-24T20:00:59.709586+00:00,30.458102660896543,4.974403554525261,990.385491002101,0.7795530072224672,0.8526235658587975,6.349560261329447e-05,3.704323129886162e-05,0.015430661618627788,35,30.0,5.0,1000.0,1,three_faults
2025-11-24T20:01:00.868223+00:00,30.409766605909667,4.947160119573916,998.2502074380398,0.7890705120921432,0.85231568086334,3.7904071950497584e-05,6.263089792574026e-05,0.015517395954822091,38,30.0,5.0,1000.0,1,three_faults
2025-11-24T20:01:01.997885+00:00,30.37763372305009,4.976384895248995,996.2621394343347,0.7841917787671997,0.8535744624580758,6.343853348978891e-05,4.937170523784026e-05,0.014193068117138297,32,30.0,5.0,1000.0,1,three_faults
2025-11-24T20:01:02.974306+00:00,30.388769027159686,4.954590147287919,991.7339592701876,0.7854375789933116,0.8530256582033345,2.418696177252589e-05,4.794539430485571e-05,0.015501167039716742,34,30.0,5.0,1000.0,1,three_faults
2025-11-24T20:01:04.058050+00:00,30.386674391314724,4.965735188858924,1009.7486080045654,0.7795857384041619,0.8467387803453502,4.8326951872921255e-05,3.479644932239467e-05,0.016890761990724364,35,30.0,5.0,1000.0,1,three_faults
2025-11-24T20:01:05.169806+00:00,30.40074161492319,4.945054945054948,1003.0188536903254,0.7782577879265766,0.8520145773345262,3.0122354751537706e-05,2.125446263271895e-05,0.027961770159490706,36,30.0,5.0,1000.0,0,three_faults
2025-11-24T20:01:06.133299+00:00,30.464422175968014,4.943445105716915,998.9385468516095,0.7737731949482032,0.8529414763516064,3.8559576540930484e-05,1.1915415023510442e-05,0.030557043674096968,34,30.0,5.0,1000.0,0,three_faults
2025-11-24T20:01:07.188937+00:00,30.472400504522447,4.897378933890094,997.0543232130904,0.7829594643460674,0.8511222296695757,0.00010350576093094464,7.526669643815553e-05,0.027919003244581773,34,30.0,5.0,1000.0,0,three_faults
2025-11-24T20:01:08.209913+00:00,30.535898629434495,4.851808097244207,995.4574833515228,0.7711664837289078,0.8521942548529741,4.500731580869027e-05,5.5724280334619664e-05,0.030310383140621826,35,30.0,5.0,1000.0,0,three_faults
2025-11-24T20:01:09.315026+00:00,30.58851906003054,4.888958235814226,1004.5616950544695,0.769709612306739,0.8508773363186427,3.190268675454588e-05,3.9385430839844436e-05,0.030241865386957813,41,30.0,5.0,1000.0,0,three_faults
2025-11-24T20:01:10.414972+00:00,30.624300331613345,4.872859842433883,1004.9178457924693,0.770910568652586,0.850340751852271,6.573156844052123e-05,3.481483534999658e-05,0.030371208874057976,37,30.0,5.0,1000.0,0,three_faults
2025-11-24T20:01:11.420189+00:00,30.662210464611185,4.8551516097155085,1008.1760906273781,0.7675914047755286,0.8475692771974412,7.169652179577574e-05,7.345391787784485e-05,0.0277372919202292,34,30.0,5.0,1000.0,0,three_faults
2025-11-24T20:01:12.511636+00:00,30.695926806358127,4.841901393625535,1000.1733077185145,0.7667356826117697,0.8500427262920046,4.2023756703517575e-05,5.820727358142279e-05,0.03035369677866154,37,30.0,5.0,1000.0,0,three_faults
2025-11-24T20:01:13.610177+00:00,30.788718482508,4.902579953289897,999.5100122659936,0.7561846790236774,0.848092217699432,5.442457905283412e-05,5.848762916367002e-05,0.029637562463974948,36,30.0,5.0,1000.0,0,three_faults
2025-11-24T20:01:14.629930+00:00,30.80138650463396,4.841529892239835,998.1165332607841,0.7623189310392812,0.8514897604651015,5.910159672477701e-05,2.2350257272960254e-05,0.027101684325048617,37,30.0,5.0,1000.0,0,three_faults
2025-11-24T20:01:15.722967+00:00,30.835153793548173,4.8332330279591975,998.4519703840909,0.7545955118797978,0.8493304606907249,1.794453593170314e-05,4.952780248266356e-05,0.029767397386545522,38,30.0,5.0,1000.0,0,three_faults
2025-11-24T20:01:16.809915+00:00,30.875276059922268,4.85304643519654,992.504479236231,0.7563607991184934,0.8541617535286711,5.699066998574431e-05,4.94020092781244e-05,0.03002881623360814,39,30.0,5.0,1000.0,0,three_faults
2025-11-24T20:01:17.809204+00:00,30.926821777338613,4.8442542357349705,999.1515935208159,0.7534320164856723,0.8521599263623288,6.656748742466415e-05,4.4204523920632165e-05,0.027243128882377197,31,30.0,5.0,1000.0,0,three_faults
2025-11-24T20:01:18.827303+00:00,30.945437457216222,4.814286457288488,1000.2101553437226,0.7432730493646061,0.8498888213490405,2.2902505446209015e-05,7.972476342773601e-06,0.026368539455509557,32,30.0,5.0,1000.0,0,three_faults
2025-11-24T20:01:19.942788+00:00,30.983060699523037,4.783699509865843,1000.1857256860909,0.7533478184850352,0.8517208248881354,5.4311046242191366e-05,3.738507090671893e-05,0.029906223637382663,36,30.0,5.0,1000.0,0,three_faults
2025-11-24T20:01:20.918727+00:00,31.031516437318732,4.766610446123635,1007.8018862523616,0.7460583316580183,0.8478797718697765,4.345596644620964e-05,5.924382281150719e-05,0.02650156902785575,32,30.0,5.0,1000.0,0,three_faults
2025-11-24T20:01:21.920941+00:00,31.071093833113565,4.825183831269029,1004.3065563250933,0.7338509346392377,0.8501536822476667,2.4634466371445424e-05,5.662941916416104e-05,0.026208889576420973,33,30.0,5.0,1000.0,0,three_faults
2025-11-24T20:01:23.012615+00:00,31.112174096161013,4.880289870147886,995.6641798748952,0.7405247289247032,0.8504594903251259,3.2661714003861573e-05,0.00010578161091329553,0.027946399782302605,37,30.0,5.0,1000.0,1,three_faults
2025-11-24T20:01:24.110698+00:00,31.103709740649382,4.994216961762604,1002.8158341162474,0.7413371884243343,0.8496110667777867,3.457748907199393e-05,7.539735026550345e-05,0.014716178428369526,34,30.0,5.0,1000.0,1,three_faults
2025-11-24T20:01:25.244321+00:00,31.097352893620805,5.069755576854972,995.8673111667226,0.7356046246161371,0.8516772980322588,2.4135297428932115e-05,4.0912815617364775e-05,0.014540000623456176,37,30.0,5.0,1000.0,1,three_faults
2025-11-24T20:01:26.357922+00:00,31.065583130519045,5.108144053377322,1003.2094052121134,0.7404589115485873,0.8494008634110191,4.1943084502819484e-05,3.8139521559996426e-05,0.01458962401897184,35,30.0,5.0,1000.0,1,three_faults
2025-11-24T20:01:27.419379+00:00,31.010559609971168,5.074708928664307,998.6485169849401,0.7428656085400405,0.8498917609217771,3.909478160913086e-05,2.811131937095415e-05,0.014605865257994084,38,30.0,5.0,1000.0,1,three_faults
2025-11-24T20:01:28.555456+00:00,31.021137536079856,5.035082114189621,999.3282134044356,0.7313098532377523,0.85050819048528,3.81630090966395e-05,3.7810733248589287e-05,0.014444859285396272,36,30.0,5.0,1000.0,1,three_faults
2025-11-24T20:01:29.702424+00:00,31.00845142091496,5.067278900950304,999.0590379831427,0.7410319436866739,0.8513434104154317,6.551392195242469e-05,5.1343315121062504e-05,0.014533789566595168,38,30.0,5.0,1000.0,1,three_faults
2025-11-24T20:01:30.753957+00:00,30.973343042037378,5.043131310879793,1002.5589003933358,0.7354893853836797,0.8518653445017103,8.113767268274077e-06,3.112910415949725e-05,0.013390377518428776,32,30.0,5.0,1000.0,1,three_faults
2025-11-24T20:01:31.611515+00:00,30.959383038613822,5.096256009034916,1009.6669577478181,0.7299079959689735,0.8444553492575576,4.6608191833789845e-05,3.071413750151755e-05,0.013163595485839117,34,30.0,5.0,1000.0,1,three_faults
2025-11-24T20:01:32.846442+00:00,30.936550442062252,5.028890424427954,999.6826954729597,0.7328783177451488,0.847552728491621,6.789375192406375e-05,2.0603940672185866e-05,0.014501624235134847,38,30.0,5.0,1000.0,1,three_faults
2025-11-24T20:01:33.952655+00:00,30.89640457712617,4.962020175001923,992.0119005624213,0.7393074583989001,0.8549406415599055,2.5069220763496534e-05,2.7848948824421794e-05,0.01486301177883523,35,30.0,5.0,1000.0,1,three_faults
2025-11-24T20:01:34.811029+00:00,30.896613446989384,4.945054945054951,1002.0534626589658,0.7268202088687356,0.8480263962805556,6.035503319487815e-05,6.595177963364087e-05,0.013115135188114581,32,30.0,5.0,1000.0,1,three_faults
2025-11-24T20:01:35.819648+00:00,30.85478637152815,4.9573144907830535,998.3367366981195,0.7329500557533417,0.8504666093836901,2.8780806630259656e-05,3.7750219103308294e-05,0.013100447875350262,33,30.0,5.0,1000.0,1,three_faults
2025-11-24T20:01:36.909817+00:00,30.84359506791321,4.997931975619605,1003.1832841834148,0.7341772959380904,0.8466690670324758,2.8970953247791665e-05,5.233390375969851e-05,0.01447594876826973,38,30.0,5.0,1000.0,1,three_faults
2025-11-24T20:01:38.171363+00:00,30.803493363323216,5.078423942521308,994.7082182481441,0.7321043467996007,0.8532913837350882,4.4284982228665365e-05,5.369028570040458e-05,0.014646809810317258,36,30.0,5.0,1000.0,1,three_faults
2025-11-24T20:01:39.145532+00:00,30.77606124154811,5.059848873236301,1001.1788816831905,0.732908901306094,0.8497426117628528,3.6264687622367734e-05,4.696378779939195e-05,0.014338202373177412,39,30.0,5.0,1000.0,1,three_faults
2025-11-24T20:01:40.348325+00:00,30.768892036585868,5.07446126107384,1001.7641980560608,0.7310915569689918,0.8510057262989719,4.832249217703645e-05,1.740080708334596e-05,0.01308872183108183,33,30.0,5.0,1000.0,1,three_faults
2025-11-24T20:01:41.238394+00:00,30.76762054263962,5.004123665381275,999.4540477631418,0.7288720050555074,0.8506665295255765,5.672414692607146e-05,2.053847441595752e-05,0.014510753457660161,35,30.0,5.0,1000.0,1,three_faults
2025-11-24T20:01:42.338710+00:00,30.72016643281311,4.970936208258726,997.8837091803941,0.7293625090960031,0.849871958936563,4.5972326531630944e-05,6.357711335705796e-05,0.013073838292460468,32,30.0,5.0,1000.0,1,three_faults
2025-11-24T20:01:43.337609+00:00,30.69593319841508,4.945921781621582,1001.3106651269517,0.7323808341875708,0.8493819428698104,7.339313670275501e-05,3.769707428666748e-05,0.014343278084747946,37,30.0,5.0,1000.0,1,three_faults
2025-11-24T20:01:44.410029+00:00,30.683290463026243,4.958305161144921,997.5343888859192,0.7274698864314466,0.8520792793668559,3.3501125648630494e-05,6.804682607238204e-05,0.014585713227507653,35,30.0,5.0,1000.0,1,three_faults
2025-11-24T20:01:45.508919+00:00,30.65800328736392,4.986786934048601,1000.916135673635,0.7294651122179668,0.8483141313331054,1.600257784685654e-05,4.9471513778223526e-05,0.01437949492556829,37,30.0,5.0,1000.0,1,three_faults
2025-11-24T20:01:46.509791+00:00,30.620510453120147,5.075823432821408,1000.1995345998957,0.7346167051854048,0.8520904697518146,2.5728957545139776e-05,5.6735851479303045e-05,0.013275717310627514,34,30.0,5.0,1000.0,1,three_faults
2025-11-24T20:01:47.531330+00:00,30.632096431629474,5.127585959228965,999.1943293005412,0.7203955083294845,0.8478566194237775,2.2930693217420077e-05,1.9572128321854887e-05,0.012784211487498665,33,30.0,5.0,1000.0,1,three_faults
2025-11-24T20:01:48.582533+00:00,30.592717418303618,5.108515554763022,1002.6784384472678,0.7362391683527563,0.8502570772477739,4.023849316914979e-05,7.150261431091521e-05,0.013255541247822803,33,30.0,5.0,1000.0,1,three_faults
2025-11-24T20:01:49.627460+00:00,30.554839092825702,5.114335743138993,1000.7503244971474,0.7262242505293126,0.8503315612840109,9.256471373341042e-05,4.7790194296698523e-05,0.014285592860957411,36,30.0,5.0,1000.0,1,three_faults
2025-11-24T20:01:50.677971+00:00,30.57419442156719,5.067650402336003,1008.2640535517043,0.7305097621396799,0.8461802125020077,4.300219265831319e-05,4.9685041526214667e-05,0.013032599527750183,32,30.0,5.0,1000.0,1,three_faults
2025-11-24T20:01:51.725837+00:00,30.52748452763874,5.092045659996982,998.1202904526009,0.7244791422723095,0.850293207581856,4.636214641093144e-05,2.696757727166741e-05,0.014180720214295253,38,30.0,5.0,1000.0,1,three_faults
2025-11-24T20:01:52.774188+00:00,30.527905496909586,5.030871765151685,996.6647024602235,0.7305008509173774,0.8510550642787372,3.876510560386481e-05,2.388872248715551e-05,0.013114175876313191,33,30.0,5.0,1000.0,1,three_faults
2025-11-24T20:01:53.825231+00:00,30.51065573082866,4.969450202715927,1003.1331598470646,0.7257097807840168,0.8478704096549766,5.0023568925171654e-05,2.534930901009236e-05,0.0145597493922881,34,30.0,5.0,1000.0,1,three_faults
2025-11-24T20:01:54.909835+00:00,30.48752847430658,4.944683443669249,996.1182689035736,0.7246487714574921,0.8492987802601936,2.6324886073247876e-05,1.7056108896185205e-05,0.014340455323526312,36,30.0,5.0,1000.0,1,three_faults
2025-11-24T20:01:55.923671+00:00,30.435414677058265,4.9314332275792765,996.8332464223884,0.7313821445788704,0.8516112269955924,2.988896045667461e-05,1.7133090273793564e-05,0.012961261442509121,33,30.0,5.0,1000.0,1,three_faults
2025-11-24T20:01:57.008427+00:00,30.42447411785139,4.89762660148056,1005.0430753734737,0.7318789680361552,0.8495519903007106,6.218537742082195e-05,6.675300116271969e-05,0.014445739726545778,37,30.0,5.0,1000.0,1,three_faults
2025-11-24T20:01:58.017916+00:00,30.409975956792664,4.9273467123365755,1009.3702277102988,0.725111145082046,0.84533898409418,3.970886569510787e-05,5.1677337888088765e-05,0.01321732281352641,32,30.0,5.0,1000.0,1,three_faults
2025-11-24T20:01:59.068768+00:00,30.400740990204962,4.980471410491698,999.5586121745195,0.733127527085607,0.847682255120356,2.4525929311841852e-05,4.7147912250880956e-05,0.013157365671756894,30,30.0,5.0,1000.0,1,three_faults
2025-11-24T20:02:00.117048+00:00,30.369875060519156,5.036320452141955,991.686896150895,0.7255317377326257,0.8510409156984621,2.171893274124304e-05,4.574904401365603e-05,0.01713555106041914,35,30.0,5.0,1000.0,1,three_faults
2025-11-24T20:02:01.166024+00:00,30.412295566396516,5.107153383015456,1000.8793431456886,0.7245976237265171,0.8484544127005386,2.113525027457102e-06,4.1287732588263456e-05,0.02608025879843425,34,30.0,5.0,1000.0,0,three_faults
2025-11-24T20:02:02.215696+00:00,30.43077660237897,5.165107599184681,995.2457464831315,0.7224387131120135,0.8521969629115926,7.229933663667053e-05,7.623232101371046e-05,0.028970569696760443,35,30.0,5.0,1000.0,0,three_faults
2025-11-24T20:02:03.309957+00:00,30.464398932149887,5.225786158849041,1007.7443005263366,0.7217722236822742,0.8470708681904103,2.0640711290112668e-05,3.105714851947694e-05,0.02854878385792933,37,30.0,5.0,1000.0,0,three_faults
2025-11-24T20:02:04.417510+00:00,30.523272622752334,5.231977848610712,994.3089512208062,0.7170031226926411,0.8513037998413343,4.186953522093412e-05,3.848202851062992e-05,0.02830389761562617,37,30.0,5.0,1000.0,0,three_faults
2025-11-24T20:02:05.514193+00:00,30.542211943954666,5.3211381811787515,1002.6502187830937,0.7156040715260253,0.8491433298118886,2.375233105362755e-05,5.938178436452164e-05,0.028362851779679926,36,30.0,5.0,1000.0,0,three_faults
2025-11-24T20:02:06.573186+00:00,30.592717432278324,5.364603843305672,1000.1445879709338,0.7199597943872438,0.8500990188777973,8.6107716843046e-05,7.70920790282743e-05,0.02596192320326046,33,30.0,5.0,1000.0,0,three_faults
2025-11-24T20:02:07.609076+00:00,30.615885683547102,5.253029593800388,1005.109279952859,0.7115986881353359,0.846717816166426,5.042491562661908e-05,3.431915550965147e-05,0.02763772910008735,37,30.0,5.0,1000.0,0,three_faults
2025-11-24T20:02:08.716389+00:00,30.647463062026418,5.251791255848055,1005.6833160128994,0.7117990450215564,0.8436186187209262,1.967131068886405e-05,5.461172915459556e-05,0.02808350546574237,37,30.0,5.0,1000.0,0,three_faults
2025-11-24T20:02:09.712939+00:00,30.73409066684107,5.3019439429175765,1001.2525670838537,0.7031923801869157,0.8488717886054928,8.170623060956846e-05,4.545644408580436e-05,0.02552060285619715,35,30.0,5.0,1000.0,0,three_faults
2025-11-24T20:02:10.810120+00:00,30.71070561236637,5.134149150376334,1002.1676690862744,0.7067013288736713,0.8469238760558006,0.00011347281983649696,4.181919347559439e-05,0.016708494385634313,36,30.0,5.0,1000.0,1,three_faults
2025-11-24T20:02:11.811426+00:00,30.703945468261423,5.0267852499089845,993.8068883172922,0.7140201249317467,0.8501340528224386,4.940203833833399e-05,2.981454928334385e-05,0.012896648568645822,31,30.0,5.0,1000.0,1,three_faults
2025-11-24T20:02:12.911458+00:00,30.68117870115683,4.98926360995327,1002.0191605204628,0.7046219219654463,0.8460854837165465,2.7430088377442205e-05,2.7438532870121337e-05,0.013820617927491901,39,30.0,5.0,1000.0,1,three_faults
2025-11-24T20:02:13.915366+00:00,30.63208439316893,4.99409312796737,1006.0651119612579,0.7156323574698095,0.8453957443555389,5.7571346608116294e-05,6.978080700878079e-05,0.012886932696549279,35,30.0,5.0,1000.0,1,three_faults
2025-11-24T20:02:15.008627+00:00,30.622205871500594,5.005362003333608,999.430181425252,0.7047306366973477,0.8478759042796328,5.070652063924664e-05,4.280084840656959e-05,0.013886099315358934,36,30.0,5.0,1000.0,1,three_faults
2025-11-24T20:02:16.113477+00:00,30.61377396366059,4.975641892477596,1005.3932846249468,0.7084054863755583,0.8439178716292602,3.465963113823458e-05,5.074682767773327e-05,0.013831342942379463,35,30.0,5.0,1000.0,1,three_faults
2025-11-24T20:02:17.109301+00:00,30.606615509371768,5.039044795637091,999.3298471377432,0.707896023435766,0.8462021856290107,1.8678833027765247e-05,2.8414565891873362e-05,0.012734811397120611,31,30.0,5.0,1000.0,1,three_faults
2025-11-24T20:02:18.109946+00:00,30.553357382270285,5.067650402336003,1005.9037738604954,0.7135776242043455,0.8451208306404177,7.348492653807818e-05,6.899767749277261e-05,0.012972647288938401,32,30.0,5.0,1000.0,1,three_faults
2025-11-24T20:02:19.210001+00:00,30.554848842637615,5.015268706952279,991.977256683842,0.7100475656096188,0.8482598140577626,4.009842845851732e-05,3.146086976350241e-05,0.013924296595581148,35,30.0,5.0,1000.0,1,three_faults
2025-11-24T20:02:20.209082+00:00,30.51403441808007,4.991368784472238,1000.9082241128119,0.7097501477812223,0.8461204534263127,4.6232533183901815e-05,1.2219165082817404e-05,0.012763819370312792,35,30.0,5.0,1000.0,1,three_faults
2025-11-24T20:02:21.212209+00:00,30.48395258459326,4.939606258064678,992.0923518328254,0.7053430504203713,0.849066015006855,3.3844608469617766e-05,4.711379976657641e-05,0.012611563537083694,33,30.0,5.0,1000.0,1,three_faults
2025-11-24T20:02:22.374280+00:00,30.485425951581792,4.960781837049587,994.3814978250416,0.7069842692593004,0.8497151751726778,4.931733347346564e-05,3.445600835638307e-05,0.013949916502726738,38,30.0,5.0,1000.0,1,three_faults
2025-11-24T20:02:23.413072+00:00,30.443388369002978,4.937253415955244,1009.0322650316507,0.7098090023161195,0.8451170095286351,3.207272311144517e-05,2.8923855463946847e-05,0.014270538217716964,39,30.0,5.0,1000.0,1,three_faults
2025-11-24T20:02:24.409563+00:00,30.426153592433856,4.911000651365766,993.3152535527286,0.7040714481760115,0.8507299718135173,6.64400258262025e-05,5.946915794016483e-05,0.012603010628955703,37,30.0,5.0,1000.0,1,three_faults
2025-11-24T20:02:25.415602+00:00,30.39842511094667,4.91917368185117,989.0466529249113,0.7103235465590478,0.8525631265716249,1.6429974340988264e-05,9.798080290992383e-06,0.012916090121516155,33,30.0,5.0,1000.0,1,three_faults
2025-11-24T20:02:26.509635+00:00,30.409766602138998,4.938491753907579,995.8422392542415,0.7091690032641291,0.8513181988986684,3.399356876474851e-05,6.638135173857685e-05,0.014004833691933768,37,30.0,5.0,1000.0,1,three_faults
2025-11-24T20:02:27.614522+00:00,30.36146836202479,4.978118568382265,1004.9504581118875,0.7123074489689797,0.847349910280048,1.944627820830413e-05,2.3857506690188307e-05,0.014251423140597803,38,30.0,5.0,1000.0,1,three_faults
2025-11-24T20:02:28.710498+00:00,30.355169824050822,4.975641892477594,995.3386555067981,0.7034024679627292,0.8516840105011961,3.116212061900647e-05,3.081966796669112e-05,0.013711599382631716,37,30.0,5.0,1000.0,1,three_faults
2025-11-24T20:02:29.709994+00:00,30.32914723332784,4.9818335822392665,999.4083373854448,0.709247679222838,0.8509017213572883,7.128371389088967e-05,6.80290190369494e-05,0.012469294321123139,35,30.0,5.0,1000.0,1,three_faults
2025-11-24T20:02:30.840102+00:00,30.31530462453554,4.953351809335586,1003.738998204995,0.7101976055805663,0.8494859536369312,4.4836066026838886e-05,4.426511209130032e-05,0.014073749690336042,38,30.0,5.0,1000.0,1,three_faults
2025-11-24T20:02:31.908999+00:00,30.2880341692843,4.952113471383253,1006.0661966049455,0.7106221786877337,0.8469715056030979,3.045750258577651e-05,5.767239178135064e-05,0.014284918390492384,37,30.0,5.0,1000.0,1,three_faults
2025-11-24T20:02:32.910870+00:00,30.264525689954603,5.013163532433313,993.8027735793681,0.710043053590222,0.8503611678819863,3.2000444478746416e-05,1.7111176044283632e-05,0.012565184660120299,35,30.0,5.0,1000.0,1,three_faults
2025-11-24T20:02:33.909184+00:00,30.259925972285675,4.964125349520891,1004.2564446045217,0.7074837193810146,0.8479340141764187,9.328450373350869e-05,1.959388210420784e-05,0.012605599918468161,34,30.0,5.0,1000.0,1,three_faults
2025-11-24T20:02:35.010059+00:00,30.218828373153936,4.88152820810022,1009.0183747766827,0.7139373397344776,0.8456151722621509,5.46686305938265e-05,5.5936522981116876e-05,0.01422930624175209,37,30.0,5.0,1000.0,1,three_faults
2025-11-24T20:02:36.126492+00:00,30.197868719601903,4.908771643051565,1007.5461055377866,0.710027733684512,0.8439183946950972,1.5134738509410935e-05,6.647630227534196e-05,0.014002671080861047,36,30.0,5.0,1000.0,1,three_faults
2025-11-24T20:02:37.109548+00:00,30.190750533675345,5.0186122194235825,992.137376643744,0.7099807204290653,0.8477672918587642,2.2690689582586896e-06,5.3827547864870114e-05,0.01246715392835446,37,30.0,5.0,1000.0,1,three_faults
2025-11-24T20:02:38.394902+00:00,30.160158168215176,5.137864164233336,997.0007415410815,0.7117983338891833,0.8505745398797476,2.39956278804077e-05,6.919402536724907e-05,0.013911783722989691,36,30.0,5.0,1000.0,1,three_faults
2025-11-24T20:02:39.473618+00:00,30.135024603923583,5.297609760084408,990.994784615459,0.7091865500662592,0.8511826584360797,4.21697861457458e-05,6.592143495291312e-05,0.014027959242456981,36,30.0,5.0,1000.0,1,three_faults
2025-11-24T20:02:40.489562+00:00,30.128744367779177,5.3471432781777635,991.2869043116242,0.7166805651170973,0.8530835776026534,4.22050820360801e-05,5.360249854770381e-05,0.014134699423829887,38,30.0,5.0,1000.0,1,three_faults
2025-11-24T20:02:41.415619+00:00,30.08247901740041,5.26516530573326,999.9058399876715,0.7115085729777971,0.8505003234744422,6.997293111490203e-05,3.9027970331138116e-05,0.01298535204539816,34,30.0,5.0,1000.0,1,three_faults
2025-11-24T20:02:42.410613+00:00,30.089391486664056,5.152105050685176,999.2654055183659,0.712340452301796,0.8530890892365284,8.516528439928697e-05,1.3500298137049244e-05,0.012791324349765508,33,30.0,5.0,1000.0,1,three_faults
2025-11-24T20:02:43.513766+00:00,30.074338781456767,5.023937072618617,996.1913663348228,0.7127202745447924,0.8510782868307981,7.703293707396444e-05,5.198379970293795e-05,0.014120321982616209,38,30.0,5.0,1000.0,1,three_faults
2025-11-24T20:02:44.683601+00:00,30.045034521803355,5.010315355142944,1004.8950892631615,0.7157049714570985,0.8488444319055045,3.588066038374862e-05,5.922692758782356e-05,0.014101950581914359,39,30.0,5.0,1000.0,1,three_faults
2025-11-24T20:02:45.612746+00:00,30.02955558388839,5.043131310879795,1002.1374941400824,0.7163702153893382,0.8498545378681996,3.341370656359672e-05,4.410167147402584e-05,0.01305117955662634,32,30.0,5.0,1000.0,1,three_faults
2025-11-24T20:02:46.781170+00:00,30.042937124588004,5.035082114189623,1000.7105910506259,0.7135324468049575,0.8500310799151779,6.55003771010259e-05,8.099547734357452e-05,0.014153863532625027,35,30.0,5.0,1000.0,1,three_faults
2025-11-24T20:02:47.709138+00:00,29.995054466320976,5.047217826122494,993.6442899474747,0.7138863235901345,0.8526485370599831,4.433556233396206e-05,2.5052172568420284e-05,0.012932919119049927,33,30.0,5.0,1000.0,1,three_faults
2025-11-24T20:02:48.710404+00:00,29.990455740875614,5.100342524277619,997.3594660433815,0.7152118257623629,0.8512368421693495,2.5751264121099345e-06,4.522712580062176e-05,0.013022698702433918,33,30.0,5.0,1000.0,1,three_faults
2025-11-24T20:02:49.709269+00:00,29.98355292317455,5.207954092335433,1002.3073558414819,0.7154582123684328,0.8515144017276665,5.439434579460998e-05,5.19289217975269e-05,0.013054126549047595,37,30.0,5.0,1000.0,1,three_faults
2025-11-24T20:02:50.834274+00:00,29.98230522573723,5.144055853995005,996.9433088548179,0.7165855355320786,0.852319764261408,3.929482794150932e-05,4.051404055442588e-05,0.014217296166441214,37,30.0,5.0,1000.0,1,three_faults
2025-11-24T20:02:51.915426+00:00,29.953040125301698,5.145294191947339,988.6457781485956,0.7207789148985465,0.8548742411818521,6.723761047707738e-05,4.9594438020197045e-05,0.014277564148226927,36,30.0,5.0,1000.0,1,three_faults
2025-11-24T20:02:52.908844+00:00,29.928380840491048,5.10034252427762,1008.5566765921673,0.713867484750299,0.8507710063506979,4.331314753087871e-05,2.584058255177996e-05,0.012875279916224855,35,30.0,5.0,1000.0,1,three_faults
2025-11-24T20:02:53.911428+00:00,29.935283629802335,5.026785249908985,1004.146081911648,0.7231336828197094,0.8517710646550551,3.703505450864667e-05,2.9863220358959634e-05,0.013202064997384461,34,30.0,5.0,1000.0,1,three_faults
2025-11-24T20:02:55.026870+00:00,29.911254141479834,4.991740285857936,1000.8066813664398,0.7160071335663392,0.8502927877870289,6.382001066577868e-05,2.8305288314256988e-05,0.014224653817366482,37,30.0,5.0,1000.0,1,three_faults
2025-11-24T20:02:56.109028+00:00,29.867405783908428,4.9298233882412426,999.4513300772724,0.721856167824642,0.8527849127336268,4.1309759852174624e-05,2.1045658383656803e-05,0.014122400535404783,39,30.0,5.0,1000.0,1,three_faults
2025-11-24T20:02:57.109618+00:00,29.859469446981468,4.930071055831708,996.828518543188,0.7225067510762555,0.8520247978413525,5.824826492151796e-05,3.1429765028029194e-05,0.013115885667347048,32,30.0,5.0,1000.0,1,three_faults
2025-11-24T20:02:58.110458+00:00,29.852584963780934,4.894654590394959,1000.8260887193807,0.7170603242507603,0.8516846390411252,1.9564826637315474e-05,4.702085923244209e-05,0.012876704627935567,32,30.0,5.0,1000.0,1,three_faults
2025-11-24T20:02:59.212897+00:00,29.831923461565648,4.914963332813236,1003.2034323910822,0.727868267200181,0.8509300519533841,7.012787743358744e-05,5.02647197683852e-05,0.014642947132874652,38,30.0,5.0,1000.0,1,three_faults
2025-11-24T20:03:00.208879+00:00,29.799789525297975,4.936881914569545,1001.5227672679246,0.7204131860912586,0.8501462145705997,2.284673124334734e-05,3.927496028457203e-05,0.01294421040799235,35,30.0,5.0,1000.0,1,three_faults
2025-11-24T20:03:01.309480+00:00,29.794363653176468,4.905056629194565,1001.5211582665296,0.7232175522348219,0.8510413227441422,7.230805831423692e-05,5.223146547960556e-05,0.014342394343220584,38,30.0,5.0,1000.0,1,three_faults
2025-11-24T20:03:02.309182+00:00,29.802081824619513,4.885119388161991,998.5648228791248,0.7244203292705731,0.8509437278622312,4.3972798955698656e-05,5.947624626887302e-05,0.01308605556698649,34,30.0,5.0,1000.0,1,three_faults
2025-11-24T20:03:03.309545+00:00,29.776855356896004,4.960038834278189,1007.3197473314925,0.7208277630735951,0.849266000660902,5.8511356746707515e-05,9.435418202753071e-05,0.012751911256789327,33,30.0,5.0,1000.0,1,three_faults
2025-11-24T20:03:04.409208+00:00,29.754739604722378,4.9843102581439345,1003.7602545114395,0.7317912491940229,0.8490196561028831,5.811853035085202e-05,2.4965746147779348e-05,0.01465284270317811,37,30.0,5.0,1000.0,1,three_faults
2025-11-24T20:03:05.409038+00:00,29.76308114023692,4.890568075152258,1002.8920740000152,0.7242783720341388,0.8487300125331545,8.801384113690873e-05,3.0930793357358504e-05,0.013004220304831414,35,30.0,5.0,1000.0,1,three_faults
2025-11-24T20:03:06.508795+00:00,29.740142140970036,4.804751255055518,989.2811441834002,0.7265482167660114,0.8517684989082004,7.240542000714122e-05,3.510680100702071e-05,0.014563189917679345,36,30.0,5.0,1000.0,1,three_faults
2025-11-24T20:03:07.509243+00:00,29.70805462053852,4.792491709327413,1004.6319444272503,0.7291278206051035,0.8493090849368181,7.15875209049713e-05,0.00010159197688802148,0.013105385982791007,36,30.0,5.0,1000.0,1,three_faults
2025-11-24T20:03:08.508632+00:00,29.71034693591489,4.806113426803086,1001.1255921163845,0.7317910453646228,0.8503506045286686,6.556329740071588e-05,7.875708368721352e-05,0.01296648575254728,32,30.0,5.0,1000.0,1,three_faults
2025-11-24T20:03:09.609745+00:00,29.696375624681256,4.8493314213395395,999.7234058514349,0.7259466031489019,0.8510558336390904,2.6323669794202752e-05,5.543996914099314e-05,0.014495596183294974,36,30.0,5.0,1000.0,1,three_faults
2025-11-24T20:03:10.609902+00:00,29.69200149957381,4.930071055831708,996.8629989967455,0.7308789275689697,0.849595621803334,2.7769206068715065e-05,5.079960215993305e-05,0.013349060019419627,38,30.0,5.0,1000.0,1,three_faults
2025-11-24T20:03:11.608835+00:00,29.666807489944905,4.897378933890094,996.1026254202028,0.7321212012006821,0.853650726280909,5.52857343797139e-05,4.5017631139151297e-05,0.012981025889780087,34,30.0,5.0,1000.0,1,three_faults
2025-11-24T20:03:12.710202+00:00,29.644306507229086,4.9162016707655685,1007.9123443203237,0.7310965189279482,0.8456796780873294,5.826869944141161e-05,5.992968782353504e-05,0.014645614252888125,33,30.0,5.0,1000.0,1,three_faults
2025-11-24T20:03:13.722599+00:00,29.63931816059523,4.896016762142528,1001.830486235807,0.7293052954736329,0.8499012602029332,3.531339826754178e-05,3.15013853042681e-05,0.013296971709189928,35,30.0,5.0,1000.0,1,three_faults
2025-11-24T20:03:14.808862+00:00,29.606828970865365,4.945921781621582,996.917654298258,0.7439911231826296,0.8499829432548585,4.5070065155540536e-05,8.031562013289221e-05,0.014842372733376219,35,30.0,5.0,1000.0,1,three_faults
2025-11-24T20:03:15.817840+00:00,29.632436047160933,4.934157571074412,996.3704755840787,0.7329344569288427,0.850592813570124,4.86392276239214e-05,5.617667596474365e-05,0.01307379179153381,36,30.0,5.0,1000.0,1,three_faults
2025-11-24T20:03:16.866502+00:00,29.595791340210532,4.992730956219804,1001.967037818099,0.7346257899212929,0.8505727767922501,1.3721905376238466e-05,3.2918172674057885e-05,0.013227675611956969,34,30.0,5.0,1000.0,1,three_faults
2025-11-24T20:03:17.913800+00:00,29.58184500719476,5.023937072618617,995.6863542859945,0.7378856691653609,0.8525173871500589,3.931738863385806e-05,4.585734487111362e-05,0.014603908090559656,36,30.0,5.0,1000.0,1,three_faults
2025-11-24T20:03:19.009267+00:00,29.583931496608376,5.087092308187648,1001.192204427089,0.7363145320209821,0.8509109824755857,5.4894834050053774e-05,6.841807406406652e-05,0.02945246240199143,39,30.0,5.0,1000.0,0,three_faults
2025-11-24T20:03:20.010662+00:00,29.637010300735245,5.056753028355467,1002.374266597586,0.7338662412947456,0.8484606487299031,3.542088742139389e-05,1.872202651346976e-05,0.026182605136256226,34,30.0,5.0,1000.0,0,three_faults
2025-11-24T20:03:21.108848+00:00,29.692210946991608,5.0276520864756185,1000.5606555060538,0.7327586807351949,0.8509783227418286,2.0962331406783418e-05,1.6697922698847923e-05,0.029554084661852165,34,30.0,5.0,1000.0,0,three_faults
2025-11-24T20:03:22.208898+00:00,29.729728886826614,5.028890424427953,993.3791270536062,0.733032505012225,0.8532742120746934,4.1151040977938226e-05,3.725100383031708e-05,0.02910454184097714,40,30.0,5.0,1000.0,0,three_faults
2025-11-24T20:03:23.208922+00:00,29.790616782343243,5.01997439117115,994.1417431982867,0.7301294704942572,0.851901503460099,6.0457447106582505e-05,5.273716277296985e-05,0.026317532242119735,35,30.0,5.0,1000.0,0,three_faults
2025-11-24T20:03:24.207957+00:00,29.857170701769395,4.987282269229534,1004.4130803837397,0.7270400774243996,0.8490900518333324,1.88476502670169e-05,3.280173199675306e-05,0.026409889571665953,36,30.0,5.0,1000.0,0,three_faults
2025-11-24T20:03:25.308754+00:00,29.875752568990798,5.044988817808294,1000.7964299721643,0.7301430241119532,0.8522454853783408,2.9904367730912056e-05,3.1900850164265514e-05,0.0289432917236966,36,30.0,5.0,1000.0,0,three_faults
2025-11-24T20:03:26.308987+00:00,29.923786862176904,5.047217826122494,999.3423222124484,0.7228687663567147,0.8517705572526454,2.4937102648019786e-05,4.132610762399901e-05,0.025963366398227633,34,30.0,5.0,1000.0,0,three_faults
2025-11-24T20:03:27.409103+00:00,29.97393472771116,5.104429039520321,998.5085096814361,0.7261215014519476,0.8536893581911997,2.723731244974787e-05,6.362956100393029e-05,0.02860967181419132,38,30.0,5.0,1000.0,0,three_faults
2025-11-24T20:03:28.408782+00:00,30.022654521454427,5.158915909423012,994.3573284017727,0.7256246494713943,0.8528014227417214,1.950593793384225e-05,1.63372684586498e-05,0.025999300606186364,33,30.0,5.0,1000.0,0,three_faults
2025-11-24T20:03:29.508572+00:00,30.05967329786858,5.14529419194734,996.9765063492888,0.7200905786338021,0.8529262699539366,5.920581979910939e-05,3.472257952051566e-05,0.028637012341072722,38,30.0,5.0,1000.0,0,three_faults
2025-11-24T20:03:30.608948+00:00,30.099442802002763,4.997931975619605,1004.6259968122984,0.7197519223322104,0.8521928462971101,6.94276988815915e-05,1.7390489474249108e-05,0.028417152846735322,35,30.0,5.0,1000.0,0,three_faults
2025-11-24T20:03:31.709196+00:00,30.147598257511785,4.9867869340486015,999.1984117134035,0.7169528461234758,0.8516228298155402,2.3533858973657878e-05,4.7630872390967445e-05,0.02843287987192089,38,30.0,5.0,1000.0,0,three_faults
2025-11-24T20:03:32.710694+00:00,30.170000910333123,5.048579997870063,998.3211896299533,0.7202914683449211,0.8520494420836913,3.927129081822044e-05,6.44578069714685e-05,0.026147414720580686,35,30.0,5.0,1000.0,0,three_faults
2025-11-24T20:03:33.709207+00:00,30.213800073464178,5.049942169617628,1005.9874822441019,0.7186245438230119,0.8516126834138971,6.121145098077579e-05,2.952836092159678e-05,0.02640161721730007,31,30.0,5.0,1000.0,0,three_faults
2025-11-24T20:03:34.708450+00:00,30.255306632090566,5.074461261073838,999.0491376949078,0.7169630310780393,0.8520438391556177,4.809941829252473e-05,8.69503786490368e-05,0.026117379781895215,32,30.0,5.0,1000.0,0,three_faults
2025-11-24T20:03:35.809451+00:00,30.294313184961673,5.099475687710985,997.876282781221,0.7110324251282915,0.8531355343862267,6.384122962048474e-05,5.133840903721922e-05,0.02790373026736981,38,30.0,5.0,1000.0,0,three_faults
2025-11-24T20:03:36.907757+00:00,30.311102981515763,5.130434136519333,1006.1181738577511,0.7164668537530516,0.8499404127982628,1.90729848949537e-05,4.163668825676744e-05,0.028341253208188463,37,30.0,5.0,1000.0,0,three_faults
2025-11-24T20:03:37.909648+00:00,30.356852215934747,5.160278081170579,997.0930857130791,0.7112067644030603,0.8513302391574413,2.7100633015023264e-05,7.101701168744839e-05,0.026118633180936875,34,30.0,5.0,1000.0,0,three_faults
2025-11-24T20:03:39.008209+00:00,30.395062488975068,5.306278125750744,1000.8117306894146,0.7041925366750337,0.8519137565350472,4.941873206320067e-05,2.032297215821169e-05,0.02762402792659353,40,30.0,5.0,1000.0,0,three_faults
2025-11-24T20:03:40.008584+00:00,30.451583603930196,5.281511366704066,1009.701794140066,0.7094037114547038,0.848258603986866,3.2871062586568e-05,6.142427139064612e-05,0.02587003668127424,32,30.0,5.0,1000.0,0,three_faults
2025-11-24T20:03:41.008581+00:00,30.502458610738437,5.267889649228394,1002.0328606069709,0.7000356938282943,0.8511083999527024,4.289983201183555e-05,3.549906811704111e-05,0.02504486819031843,34,30.0,5.0,1000.0,0,three_faults
2025-11-24T20:03:42.143238+00:00,30.512757699512637,5.270366325133061,1006.1304458588351,0.7027553798890606,0.8450879221412549,6.224596708179428e-05,4.225874460806529e-05,0.02799613006502611,36,30.0,5.0,1000.0,0,three_faults
2025-11-24T20:03:43.107964+00:00,30.567254831872532,5.173899798646254,999.0192584472037,0.7035754392162883,0.8500810034122248,4.9594717987781716e-05,3.118328520360052e-05,0.025338841080343122,33,30.0,5.0,1000.0,0,three_faults
2025-11-24T20:03:44.208714+00:00,30.590610656448153,5.167584275089348,999.117226115369,0.6997447864800659,0.8489746217998178,7.640290328215494e-05,6.254415453418497e-05,0.02817652845620766,36,30.0,5.0,1000.0,0,three_faults
2025-11-24T20:03:45.209479+00:00,30.63440919543862,5.180710657384088,1001.1691024744061,0.6938075188553124,0.8486733857142191,6.723870324834176e-05,0.00010535969177634761,0.02491931213765691,33,30.0,5.0,1000.0,0,three_faults
2025-11-24T20:03:46.443393+00:00,30.66432407888957,5.103190701567987,999.2313088808473,0.6966806389705252,0.850279031946458,8.437469498243083e-05,2.7615168516651655e-05,0.027225183505819057,36,30.0,5.0,1000.0,0,three_faults
2025-11-24T20:03:47.468833+00:00,30.689608342455866,5.066040562997969,1001.0093473626225,0.6970274429609482,0.8479544995622361,3.2888377829275686e-05,6.329623159207424e-05,0.0273839184982969,37,30.0,5.0,1000.0,0,three_faults
2025-11-24T20:03:48.408586+00:00,30.736409781160766,5.148018535442473,993.0174091016686,0.6852664727719863,0.852319772499359,2.1438728679097554e-05,1.78610903017065e-05,0.024414809839337356,31,30.0,5.0,1000.0,0,three_faults
2025-11-24T20:03:49.508423+00:00,30.771844103466062,5.078423942521308,1001.173192581795,0.6890872500097995,0.8496561046215948,8.091100649840481e-05,5.045308891681187e-05,0.027602309339279884,38,30.0,5.0,1000.0,0,three_faults
2025-11-24T20:03:50.641136+00:00,30.807711674181224,5.144055853995005,994.5833134388089,0.686775878339171,0.8521578450181757,2.9223304415245257e-05,0.00010094407193569366,0.027074741734766945,35,30.0,5.0,1000.0,0,three_faults
2025-11-24T20:03:51.608587+00:00,30.815306900849965,5.235197527286779,996.9864379445808,0.6852877611417937,0.8506936518089512,5.794052640430872e-05,6.053791227840431e-05,0.024767095823502883,37,30.0,5.0,1000.0,0,three_faults
2025-11-24T20:03:52.708272+00:00,30.8330460986218,5.265412973323726,1004.1902441478579,0.681514585739896,0.8505718538585996,3.633245535581402e-05,3.537397470436757e-05,0.026705922442701573,38,30.0,5.0,1000.0,0,three_faults
2025-11-24T20:03:53.893287+00:00,30.88583678797651,5.30503978779841,1001.4178510853202,0.6796309963480084,0.8488646207227315,5.9846398450313396e-05,6.230737296043613e-05,0.026901338579508088,34,30.0,5.0,1000.0,0,three_faults
2025-11-24T20:03:54.939746+00:00,30.88372203570675,5.30503978779841,1004.1466040865838,0.6848882633989926,0.8509948117007102,3.269037194886209e-05,2.4284592794374057e-05,0.026998013104534237,35,30.0,5.0,1000.0,0,three_faults
2025-11-24T20:03:55.991031+00:00,30.905911835803636,5.227024496801375,1000.6706976613244,0.678588833123231,0.8504657388955079,7.51067169167896e-05,5.1679075776404057e-05,0.0242661443602104,34,30.0,5.0,1000.0,0,three_faults
2025-11-24T20:03:57.043224+00:00,30.955589142204442,5.201019399802364,1002.3933740994332,0.6659606519749953,0.8470307653242503,9.488917226567592e-05,6.349851822443233e-05,0.026640544354047172,35,30.0,5.0,1000.0,0,three_faults
2025-11-24T20:03:58.089191+00:00,30.97565812163965,5.086720806801946,1005.5312715876811,0.679637289572103,0.8461153614058278,3.922411058936432e-05,4.712054329275966e-05,0.02445252111349131,35,30.0,5.0,1000.0,0,three_faults
2025-11-24T20:03:59.038378+00:00,30.99194563828084,5.098980352530051,987.1426874854612,0.6706621524650905,0.8545571838048861,5.779262736842834e-05,2.4938361339234383e-05,0.024090354239518996,33,30.0,5.0,1000.0,0,three_faults
2025-11-24T20:04:00.008053+00:00,31.008237093251502,5.011801360685744,1007.4312698579135,0.668801790183918,0.845099540869179,3.3229714458219444e-05,6.648533429745776e-06,0.02411596113924509,34,30.0,5.0,1000.0,0,three_faults
2025-11-24T20:04:01.108537+00:00,31.06558853148168,4.983071920191598,1000.7991044366346,0.6634551631436463,0.8516643194764133,4.56663104656332e-05,4.6687586285227474e-05,0.025901235197101198,36,30.0,5.0,1000.0,0,three_faults
2025-11-24T20:04:02.108398+00:00,31.075769376736524,4.951865803792786,999.3007435138894,0.6601183875904643,0.8486850231263068,2.3847448120330404e-05,1.6034947598762345e-05,0.023979557693814768,36,30.0,5.0,1000.0,0,three_faults
2025-11-24T20:04:03.208310+00:00,31.095240581548083,4.89762660148056,997.15674548236,0.6605668318686547,0.8491826098604466,5.1027198478209885e-05,8.184029456263002e-06,0.026348753922311667,36,30.0,5.0,1000.0,0,three_faults
2025-11-24T20:04:04.208530+00:00,31.131673925486485,4.885119388161988,996.437659515309,0.6599924862971221,0.8506024777402775,1.9344919818460094e-05,4.22914782472432e-05,0.024072339493657648,34,30.0,5.0,1000.0,0,three_faults
2025-11-24T20:04:05.308576+00:00,31.173630335284905,4.922393360527239,1005.5131345580979,0.6592015946820002,0.8469101111590305,1.7708766696356685e-05,2.895271361181213e-05,0.02608718867630263,38,30.0,5.0,1000.0,0,three_faults
2025-11-24T20:04:06.308327+00:00,31.178304873317348,4.930071055831709,997.0502316691815,0.6504724201624322,0.851434228910924,3.206648986916226e-05,1.7766825533928115e-05,0.023463805390548462,33,30.0,5.0,1000.0,0,three_faults
2025-11-24T20:04:07.308595+00:00,31.20394549581635,4.90010327738523,1002.6013562753526,0.6528209514389443,0.8487348381182833,4.664071403944566e-05,5.1095542188441555e-05,0.023636413573836234,34,30.0,5.0,1000.0,0,three_faults
2025-11-24T20:04:08.308294+00:00,31.22262299815584,4.905551964375498,1000.2648475374783,0.6553633504916831,0.8496693885761056,5.829769816084792e-05,2.8693150359600707e-05,0.023262699518508526,32,30.0,5.0,1000.0,0,three_faults
2025-11-24T20:04:09.308475+00:00,31.243622013740254,4.890568075152258,996.8938172437553,0.6458935183688734,0.8504949254620102,3.521476331217354e-05,8.946839204126572e-05,0.02322584981896339,33,30.0,5.0,1000.0,0,three_faults
2025-11-24T20:04:10.409151+00:00,31.27119674976335,4.97068854066826,1000.9622216805727,0.6423799995177187,0.8492865168284908,1.2396798454862816e-05,3.0888589605614426e-05,0.025588723768448788,37,30.0,5.0,1000.0,0,three_faults
2025-11-24T20:04:11.408218+00:00,31.264620974447723,4.964125349520891,994.8537103819848,0.6440800467905958,0.8511582002754643,4.1062404492067466e-05,1.6266365239235455e-05,0.022949251966815572,32,30.0,5.0,1000.0,0,three_faults
2025-11-24T20:04:12.508495+00:00,31.30942380684689,4.928585050288907,992.3169506173733,0.6354077419635986,0.8512950596845397,4.365495540856673e-05,4.5496274997931313e-05,0.02517103317321731,35,30.0,5.0,1000.0,0,three_faults
2025-11-24T20:04:13.509356+00:00,31.32066708258385,4.942330601559815,1006.2380959687686,0.6398223651567388,0.851821609588313,3.683141739148199e-05,4.2716915391745e-05,0.023473206667759733,33,30.0,5.0,1000.0,0,three_faults
2025-11-24T20:04:14.608817+00:00,31.32852599791454,4.926108374384241,1004.1182468470784,0.634354520080176,0.8463975177091626,8.389258198364204e-05,5.973598658507764e-05,0.024831547808702066,39,30.0,5.0,1000.0,0,three_faults
2025-11-24T20:04:15.608620+00:00,31.353387611400866,4.891930246899824,996.1402408645714,0.6386258894734487,0.8522587859324074,5.4417513414788654e-05,6.120180229890953e-05,0.022697716506954606,36,30.0,5.0,1000.0,0,three_faults
2025-11-24T20:04:16.708538+00:00,31.368894751954578,4.866668152672212,992.7413692063309,0.6281822601812178,0.8540097060984251,9.303513557555274e-05,3.8959640042516014e-05,0.024658618178310332,38,30.0,5.0,1000.0,0,three_faults
2025-11-24T20:04:17.808285+00:00,31.373139332615292,4.8542847731488745,1006.5515668694114,0.6282113627543516,0.8488268295261964,5.8063914776479314e-05,4.422657374616203e-05,0.024935056086708245,35,30.0,5.0,1000.0,0,three_faults
2025-11-24T20:04:18.808488+00:00,31.42587129082326,4.8088377702982195,990.4495439143648,0.6220621177397925,0.8559267256823132,7.220121083035671e-05,3.723317940377187e-05,0.02274616594809239,31,30.0,5.0,1000.0,0,three_faults
2025-11-24T20:04:19.908426+00:00,31.422046093613332,4.765124440580833,1004.8219313984838,0.6248789392106135,0.8482656579093276,4.21310774294798e-05,4.00361234302686e-05,0.024770536985752323,36,30.0,5.0,1000.0,0,three_faults
2025-11-24T20:04:21.008582+00:00,31.430541998312798,4.766362778533168,1001.7505449122975,0.6235901758333126,0.8508629002025292,4.479257713599959e-05,2.9477115205063804e-05,0.024448510679636368,40,30.0,5.0,1000.0,0,three_faults
2025-11-24T20:04:22.108684+00:00,31.456065676487516,4.751502723105162,1007.5201732035351,0.6163004930557893,0.846023349054271,4.7921859070818874e-05,3.473392552179489e-05,0.02462651668232012,36,30.0,5.0,1000.0,0,three_faults
2025-11-24T20:04:23.256505+00:00,31.468830934947764,4.753979399009831,1004.8368810413915,0.6159150338637714,0.8493555745327185,3.1619574484748465e-05,6.013934126441381e-05,0.024182717107326862,39,30.0,5.0,1000.0,0,three_faults
2025-11-24T20:04:24.307376+00:00,31.462448927363372,4.768839454437835,995.3384613013127,0.6139858086196534,0.8490348323134871,5.413919512847046e-05,8.446917157814304e-05,0.02428826399647977,38,30.0,5.0,1000.0,0,three_faults
2025-11-24T20:04:25.352790+00:00,31.482022769758412,4.797940396317683,995.4119027357765,0.6100901647366087,0.8532960452296147,5.2065759250298656e-05,5.347118136689428e-05,0.022047862570238087,37,30.0,5.0,1000.0,0,three_faults
2025-11-24T20:04:26.308815+00:00,31.491386007551615,4.82518383126903,995.7321672060001,0.6102068846028523,0.8506524158631287,4.1416553653560536e-05,6.796981307864532e-05,0.022057033862543048,33,30.0,5.0,1000.0,0,three_faults
2025-11-24T20:04:27.308199+00:00,31.521826357864846,4.883757216414422,1011.6187782663562,0.6036325871676965,0.8466877412557192,7.47520109167025e-06,5.3246964760085674e-05,0.021557210758063366,35,30.0,5.0,1000.0,0,three_faults
2025-11-24T20:04:28.310522+00:00,31.526506261747148,4.931433227579276,1003.9496807845087,0.6014503780599305,0.8467310180381208,2.2799107661638173e-05,3.581331060824838e-05,0.021561269458062877,33,30.0,5.0,1000.0,0,three_faults
2025-11-24T20:04:29.408395+00:00,31.53694353617317,4.9186783466702355,990.896702064066,0.6013687268377187,0.8532020820480244,5.0222095633601354e-05,1.9702160189107586e-05,0.023758312538793357,36,30.0,5.0,1000.0,0,three_faults
2025-11-24T20:04:30.595689+00:00,31.564641719519592,4.892673249671225,1002.0041751783217,0.5916693282557487,0.8504949135408552,1.4415100157933373e-05,3.0032539632188096e-05,0.02321681054219643,38,30.0,5.0,1000.0,0,three_faults
2025-11-24T20:04:31.644321+00:00,31.558239604741757,4.900103277385229,1005.8858444651127,0.603751524195294,0.8468930409169864,4.4712622649990623e-05,4.568293254757159e-05,0.024147843007910202,34,30.0,5.0,1000.0,0,three_faults
2025-11-24T20:04:32.694590+00:00,31.56164510393982,4.92462236884144,998.3485024403162,0.5890458774731249,0.8485498321710236,5.0430272750160704e-05,4.140530611551584e-05,0.021382677628698006,34,30.0,5.0,1000.0,0,three_faults
2025-11-24T20:04:33.741055+00:00,31.594457940291576,4.917440008717903,1007.082307568246,0.5894787236402821,0.8475771305929606,4.9559668101640604e-05,4.7771401217339145e-05,0.023235945100615985,38,30.0,5.0,1000.0,0,three_faults
2025-11-24T20:04:34.808736+00:00,31.583805819676535,4.869144828576881,999.5003781309935,0.5896690975010204,0.8485648751717408,6.518721898980899e-05,7.251828375986042e-05,0.02322182035435156,37,30.0,5.0,1000.0,0,three_faults
2025-11-24T20:04:35.901949+00:00,31.60383732024834,4.940968429812246,1001.3051502652428,0.5881016025424995,0.845224996919214,4.6303684743730914e-05,5.956334503750656e-05,0.02105974564573982,35,30.0,5.0,1000.0,0,three_faults
2025-11-24T20:04:36.889935+00:00,31.59915471066069,4.949141460297652,1005.1633153592368,0.5849234984549782,0.8476062697654132,1.3693694383630147e-05,3.7623041810259535e-05,0.021104885967569594,34,30.0,5.0,1000.0,0,three_faults
2025-11-24T20:04:37.936573+00:00,31.6221592163604,4.9966936376672715,1004.8045875789771,0.57746499950919,0.8461271295651721,4.5487286891087005e-05,6.016725618267754e-05,0.02285678965757573,38,30.0,5.0,1000.0,0,three_faults
2025-11-24T20:04:38.984414+00:00,31.617900454152494,5.054028684860332,988.9331868488458,0.5774087831000017,0.8509788749050227,1.5775192196442864e-05,2.7090436072843237e-05,0.02112130131075466,32,30.0,5.0,1000.0,0,three_faults
2025-11-24T20:04:40.035576+00:00,31.63069391252748,5.06604056299797,990.9708342657738,0.5770140220748338,0.8533555872567681,3.915006373481016e-05,2.5827079091923744e-05,0.02307002970269275,36,30.0,5.0,1000.0,0,three_faults
2025-11-24T20:04:41.124280+00:00,31.62728651046142,5.032233936899255,1002.545792530546,0.5725620728231358,0.8469381672314693,2.240651365570271e-05,3.436597997106361e-05,0.02074642959676874,33,30.0,5.0,1000.0,0,three_faults
2025-11-24T20:04:42.130306+00:00,31.62856703476025,5.011553693095279,1002.9341225240521,0.574717918178197,0.8481526733482468,4.177737466415245e-05,2.7845842462233172e-05,0.022751434629153848,37,30.0,5.0,1000.0,0,three_faults
2025-11-24T20:04:43.177044+00:00,31.6413538530398,5.015887875928447,999.0518925558038,0.5639449216263901,0.8484132522783142,2.4526907362844188e-05,4.417136449529616e-05,0.020243348395210994,32,30.0,5.0,1000.0,0,three_faults
2025-11-24T20:04:44.299541+00:00,31.64136148716559,4.991368784472234,996.6531468447989,0.5641686641489136,0.8498740956904343,7.486620080711193e-05,3.2817390109992054e-05,0.020335593017652035,32,30.0,5.0,1000.0,0,three_faults
2025-11-24T20:04:45.278358+00:00,31.666948242887496,5.014030368999947,996.1182450657811,0.5634201392423072,0.8513374870628089,1.4742051539047636e-05,5.667873904113167e-05,0.02214385205943397,37,30.0,5.0,1000.0,0,three_faults
2025-11-24T20:04:46.209313+00:00,31.65777882346644,5.081272119811677,988.8110555069028,0.5625922131884347,0.8541018634965407,2.3998584787290365e-05,3.637339575989433e-05,0.02007665498739948,34,30.0,5.0,1000.0,0,three_faults
2025-11-24T20:04:47.370646+00:00,31.67334087888747,5.113097405186658,999.318519624192,0.559646184990893,0.8500826520573317,6.852089611951789e-05,6.863422474217953e-05,0.02237347418331602,37,30.0,5.0,1000.0,0,three_faults
2025-11-24T20:04:48.408036+00:00,31.660545446799254,5.036320452141956,993.6136766625787,0.5565354116333237,0.8557531071458694,5.669839190253778e-05,1.0909431002051396e-05,0.022437796608980484,36,30.0,5.0,1000.0,0,three_faults
2025-11-24T20:04:49.408212+00:00,31.671848200363502,4.962763177773322,995.530946070004,0.5526428114957633,0.8525138462893335,5.627205268073868e-05,3.7643487174553417e-05,0.019799388936725847,33,30.0,5.0,1000.0,0,three_faults
2025-11-24T20:04:50.507784+00:00,31.679747455451942,4.924870036431906,1004.3174223906819,0.5501554369711497,0.8529612964333313,5.222184850930798e-05,2.7377885581873782e-05,0.022060374879514493,36,30.0,5.0,1000.0,0,three_faults
2025-11-24T20:04:51.508876+00:00,31.676546143146112,4.87422201418145,1007.6533314804441,0.5526014180427928,0.8485172490742773,6.788150060041417e-05,9.240947250305785e-06,0.020072214425293944,34,30.0,5.0,1000.0,0,three_faults
2025-11-24T20:04:52.608363+00:00,31.69680929084562,4.860476462910545,1000.0280514894915,0.5416280249981127,0.8528520552961747,2.501881291442189e-05,5.7649225383168485e-05,0.02174350367454315,35,30.0,5.0,1000.0,0,three_faults
2025-11-24T20:04:53.708118+00:00,31.68401007021738,4.888958235814223,1008.2247559364246,0.5472004891007239,0.847572072719559,3.236835932192053e-05,7.448928196354047e-05,0.021739775266591353,36,30.0,5.0,1000.0,0,three_faults
2025-11-24T20:04:54.807625+00:00,31.662674855197228,4.9323000641459105,1002.7032251704437,0.5421627913399304,0.8496943095314216,5.2633361880078775e-05,4.184246453504864e-05,0.021322936041852834,38,30.0,5.0,1000.0,0,three_faults
2025-11-24T20:04:55.808050+00:00,31.68358918780613,4.896016762142526,1002.2054000840953,0.5355536918625112,0.8469368572118492,2.5865216960664675e-05,1.4383880504008366e-05,0.01941829782052891,36,30.0,5.0,1000.0,0,three_faults
2025-11-24T20:04:56.908742+00:00,31.66054228586989,4.866668152672212,1001.41296149964,0.5408308361368981,0.8483753192038496,6.897380182995162e-05,4.144913176687728e-05,0.021287114956136315,36,30.0,5.0,1000.0,0,three_faults
2025-11-24T20:04:58.007222+00:00,31.658412892247746,4.872859842433882,992.7844482236949,0.5330230800962809,0.8527886632127565,2.957331322605431e-05,6.180255912928703e-05,0.020862976119678602,35,30.0,5.0,1000.0,0,three_faults
2025-11-24T20:04:59.108092+00:00,30.63340090805134,4.907533305099232,993.2195376484935,0.5896964834142121,0.8525814572986548,8.205556604429683e-05,5.170162683952042e-05,0.02322705917744189,36,30.0,5.0,1000.0,1,three_faults
2025-11-24T20:05:00.207554+00:00,26.03998137923381,4.845616407482538,995.353482080967,0.7147244455591127,0.8543219295351284,3.442846606990983e-05,4.5054292926088475e-05,0.028266537277724744,36,30.0,5.0,1000.0,1,three_faults
2025-11-24T20:05:01.308692+00:00,26.082271790864706,4.879051532195553,1005.6518786121044,0.7170714088636061,0.8497145648918983,3.0167450410489827e-05,4.464929949605487e-05,0.02826604508230985,36,30.0,5.0,1000.0,1,three_faults
2025-11-24T20:05:02.308224+00:00,26.090123090967904,4.9137249948609005,998.7423856024146,0.7286683155806113,0.8504582378231366,3.862542582505718e-05,6.652179687267181e-05,0.026066535540840548,32,30.0,5.0,1000.0,1,three_faults
2025-11-24T20:05:03.408847+00:00,26.146739726159513,4.983071920191599,1000.6531421267517,0.7279415842648707,0.851170529342737,7.045076300479215e-05,7.648220399323053e-05,0.028947675688348863,37,30.0,5.0,1000.0,1,three_faults
2025-11-24T20:05:04.472339+00:00,26.167694590770544,4.962763177773324,995.9532031750077,0.7346915909867635,0.852666561629173,1.847428454187049e-05,1.271933682070051e-05,0.02632738679840193,32,30.0,5.0,1000.0,1,three_faults
2025-11-24T20:05:05.597419+00:00,26.191084196418352,4.937253415955246,995.674821299483,0.7372243997684726,0.8535351873170125,3.591084036089032e-05,7.020347855516693e-05,0.029297619571810065,38,30.0,5.0,1000.0,1,three_faults
2025-11-24T20:05:06.507638+00:00,26.216490874737115,5.024060906413851,1010.6573706539893,0.7369677388270058,0.8482706103943254,5.46369674497274e-05,4.494172817604384e-05,0.027144951452847333,34,30.0,5.0,1000.0,1,three_faults
2025-11-24T20:05:07.609097+00:00,26.221319573927097,4.96697352681126,1000.7734083174328,0.7530174405347189,0.8507430115558626,3.2351427706515e-05,1.6554742736383774e-05,0.030038873357892928,38,30.0,5.0,1000.0,1,three_faults
2025-11-24T20:05:08.608048+00:00,26.27415996766856,4.9845579257344,996.0167137103584,0.7501674179071325,0.8536475682828281,5.298533858650192e-06,2.0905728327134646e-05,0.0268912734842111,33,30.0,5.0,1000.0,1,three_faults
2025-11-24T20:05:09.796806+00:00,26.322179647114364,4.953351809335586,1008.0263137170458,0.7529685084711853,0.8477337533601524,7.386684741840472e-05,5.258200810777551e-05,0.02996536387626063,36,30.0,5.0,1000.0,1,three_faults
2025-11-24T20:05:10.718415+00:00,26.33630200185446,4.939606258064679,996.9269567635863,0.7641301679135866,0.8513093858615599,6.403518277708704e-05,4.341120205901995e-05,0.027244279424624027,34,30.0,5.0,1000.0,1,three_faults
2025-11-24T20:05:11.708112+00:00,26.365167819460133,4.923260197093871,998.1274423795305,0.7567134727692919,0.8501878237162993,7.503767679246944e-06,2.686400428868284e-05,0.027399242307585524,36,30.0,5.0,1000.0,1,three_faults
2025-11-24T20:05:12.807534+00:00,26.398879889259707,4.9917402858579365,1005.5925770069149,0.7655257858150795,0.8487608307373865,4.294843008092095e-05,6.535774999721008e-05,0.030222880379644823,35,30.0,5.0,1000.0,1,three_faults
2025-11-24T20:05:13.908281+00:00,26.423111134742463,5.0276520864756185,1000.5003485808273,0.7741358108184674,0.8496719199392152,6.758303859651816e-05,7.295636405001543e-05,0.030990288949380253,37,30.0,5.0,1000.0,1,three_faults
2025-11-24T20:05:14.909370+00:00,26.45845819577111,4.99409312796737,1012.5464757560746,0.7735269181713667,0.8466902177682794,4.8281377399681446e-05,2.932170153608e-05,0.027703889523280983,35,30.0,5.0,1000.0,1,three_faults
2025-11-24T20:05:16.007770+00:00,26.50594172523132,4.99297862381027,1009.2825153970035,0.778243978105764,0.8426872443819436,5.707863653953237e-05,5.7660189046556153e-05,0.030738908170103947,39,30.0,5.0,1000.0,1,three_faults
2025-11-24T20:05:17.008123+00:00,26.54515204769793,4.991368784472236,996.9634427136182,0.7839002446231568,0.8496880621034386,2.191342285662285e-05,4.450467456771543e-05,0.02802748492911175,34,30.0,5.0,1000.0,1,three_faults
2025-11-24T20:05:18.108371+00:00,26.562540392838923,5.021460396713949,996.5305714761284,0.7881653288138406,0.8481657174013691,2.422125626326205e-05,2.5302052294328477e-05,0.031353676098176894,40,30.0,5.0,1000.0,1,three_faults
2025-11-24T20:05:19.111834+00:00,26.580741132750028,5.060839543598167,997.6313261691712,0.7946368175176171,0.8483713014000756,4.634779824084942e-05,7.252563934646355e-05,0.028544230732228743,33,30.0,5.0,1000.0,1,three_faults
2025-11-24T20:05:20.138333+00:00,26.66306282972743,5.10034252427762,998.2887942816953,0.785107505905897,0.8504243771778105,2.4529297237013823e-05,1.939335218848211e-05,0.028201429722683503,35,30.0,5.0,1000.0,1,three_faults
2025-11-24T20:05:21.207466+00:00,26.675812334697728,5.078423942521308,997.562555009912,0.7994741315370798,0.8484142244093099,5.6013860905812236e-05,3.0416266548086874e-05,0.031400002274434555,36,30.0,5.0,1000.0,1,three_faults
2025-11-24T20:05:22.308149+00:00,26.714269078138273,5.000408651524273,1000.5046870043919,0.8020442053403205,0.8495162429603166,3.923837072115274e-05,4.862497852097759e-05,0.03176613433476536,39,30.0,5.0,1000.0,1,three_faults
2025-11-24T20:05:23.308309+00:00,26.758813438254613,5.0404069673846585,999.4954932938475,0.7994756151471158,0.8466641347532902,4.3683361689252165e-05,5.9474227031810066e-05,0.028938105194360415,35,30.0,5.0,1000.0,1,three_faults
2025-11-24T20:05:24.407935+00:00,26.768943678125492,5.11681241904366,995.8887445103345,0.810409264458152,0.8522922108562541,6.500512829549455e-05,7.088666366731034e-05,0.03241370017057713,36,30.0,5.0,1000.0,1,three_faults
2025-11-24T20:05:25.407931+00:00,26.81897212685963,5.062201715345735,1003.3633211978874,0.8110892193009626,0.8471093914462537,4.41806606426162e-05,3.647710024157864e-05,0.02923298751881353,38,30.0,5.0,1000.0,1,three_faults
2025-11-24T20:05:26.407451+00:00,26.85910460963101,5.074461261073841,999.7466980273806,0.807166774837923,0.8491879597869618,5.896328374471455e-05,4.6563857684769325e-05,0.02897051370593566,34,30.0,5.0,1000.0,1,three_faults
2025-11-24T20:05:27.507966+00:00,26.87835892719089,5.062325549140969,1006.5489094724151,0.8209829742683308,0.8459144237979926,2.5209570334183966e-05,6.763835668263196e-05,0.03314367524361416,38,30.0,5.0,1000.0,1,three_faults
2025-11-24T20:05:28.507767+00:00,26.939394910373586,5.1929702031121945,996.6729431199276,0.8189780598633115,0.8485124249219357,3.676810170900797e-05,5.447708074602569e-05,0.029280137296401318,33,30.0,5.0,1000.0,1,three_faults
2025-11-24T20:05:29.608519+00:00,26.951362057416592,5.248076241991051,999.6688423435388,0.8261751256945092,0.8502659217921497,1.7379004370585085e-05,4.007823611076731e-05,0.03230459782506975,37,30.0,5.0,1000.0,1,three_faults
2025-11-24T20:05:30.708256+00:00,26.983819497417404,5.311231477560081,999.4184702552983,0.8274883938636848,0.8487786455870744,5.6705177430029714e-05,5.200319130823626e-05,0.03345011102821917,36,30.0,5.0,1000.0,1,three_faults
2025-11-24T20:05:31.807623+00:00,27.03049291159202,5.2666513112760605,997.245484047906,0.8293224482918959,0.8480115724327796,5.390232659236911e-05,4.207424167210142e-05,0.0329468487826168,37,30.0,5.0,1000.0,1,three_faults
2025-11-24T20:05:32.908430+00:00,27.103586248170686,5.313708153464749,1002.5264305330631,0.8281471701814621,0.8473117858354342,3.627675973253367e-05,5.251733250616307e-05,0.03274089299912808,38,30.0,5.0,1000.0,1,three_faults
2025-11-24T20:05:34.088066+00:00,27.095465400577073,5.225786158849042,1001.4654671532121,0.8399295437950447,0.847618823069211,6.810502091986782e-05,3.17885334130023e-05,0.033319027520252224,37,30.0,5.0,1000.0,1,three_faults
2025-11-24T20:05:35.137515+00:00,27.148289906823106,5.108144053377322,988.528633633694,0.8372421244349446,0.8549785614778823,6.848314005707348e-05,4.885539849335348e-05,0.03318504246181752,37,30.0,5.0,1000.0,1,three_faults
2025-11-24T20:05:36.184902+00:00,27.211900242560347,5.1711754551511175,1004.4238811019507,0.8353953324605781,0.8479442983392735,4.2123410739714027e-05,6.795455642457255e-05,0.030009675815772113,35,30.0,5.0,1000.0,1,three_faults
2025-11-24T20:05:37.231651+00:00,27.217381879104916,5.141579178090336,995.2414663351997,0.8501140020710946,0.8497955642087581,5.580988896041053e-05,2.4854829278669212e-05,0.03359734244395089,38,30.0,5.0,1000.0,1,three_faults
2025-11-24T20:05:38.280960+00:00,27.261104101175818,5.1166885852484265,1000.6994650107614,0.8449831063545771,0.852110119312649,3.594138535337966e-05,4.048187432998488e-05,0.030109050663308976,34,30.0,5.0,1000.0,1,three_faults
2025-11-24T20:05:39.330337+00:00,27.30484323375646,5.105667377472655,993.0302487360328,0.8455946319132934,0.8532541819889747,4.332455966563814e-05,5.8759193206436375e-05,0.03352667508974495,36,30.0,5.0,1000.0,1,three_faults
2025-11-24T20:05:40.379742+00:00,27.33720049294529,5.186159344374356,994.2573621294753,0.8557844777665979,0.8519062783122864,4.959887519365394e-05,6.208570086955823e-05,0.03087318409932858,34,30.0,5.0,1000.0,1,three_faults
2025-11-24T20:05:41.425665+00:00,27.402557492943515,5.182444330517355,1002.758115930757,0.8477826121237606,0.8522346035595049,4.7678349818863546e-05,7.004291421773864e-05,0.033484818120046354,36,30.0,5.0,1000.0,1,three_faults
2025-11-24T20:05:42.507483+00:00,27.41272889240925,5.267889649228394,996.8330878048735,0.8595714849219047,0.8521829778438584,4.646227053672333e-05,3.506735357011886e-05,0.03404818256825951,35,30.0,5.0,1000.0,1,three_faults
2025-11-24T20:05:43.526012+00:00,27.444716241671948,5.167088939908416,1001.5410045726115,0.8633813433359263,0.8493326302381938,6.009995751026736e-05,1.8493847094344746e-05,0.03075568921663831,35,30.0,5.0,1000.0,1,three_faults
2025-11-24T20:05:44.573184+00:00,27.469367031122694,5.104429039520321,992.8444994885571,0.8591051085193186,0.8569125519450749,3.821082549830104e-05,4.6511700953634324e-05,0.030939686108191623,34,30.0,5.0,1000.0,1,three_faults
2025-11-24T20:05:45.637642+00:00,27.532140080307023,5.1085155547630245,998.3429979428865,0.8649765906808817,0.853397122156036,3.284129402709432e-05,4.1729603192225084e-05,0.03110732831516016,35,30.0,5.0,1000.0,1,three_faults
2025-11-24T20:05:46.667830+00:00,27.5288815340954,5.19978106185003,1009.5528647078044,0.8643640952320308,0.8479540850023629,7.311506259849684e-05,5.967559537402582e-05,0.03402860962871205,37,30.0,5.0,1000.0,1,three_faults
2025-11-24T20:05:47.718558+00:00,27.59210549013376,5.149009205804342,1003.2524506692087,0.8700665389054708,0.8498602751181423,5.964345337687783e-05,6.670284525988978e-05,0.0346502952503578,37,30.0,5.0,1000.0,1,three_faults
2025-11-24T20:05:48.808205+00:00,27.645154688900195,5.152724219661342,994.6971716358717,0.868715669049415,0.853521381021502,4.375893554996905e-05,5.790662498793098e-05,0.03424536212662729,37,30.0,5.0,1000.0,1,three_faults
2025-11-24T20:05:49.908360+00:00,27.67985566583451,5.144055853995005,1010.447351813193,0.8699734240212148,0.8484945960549034,7.211020521628377e-05,6.698664537877254e-05,0.034630003710287016,37,30.0,5.0,1000.0,1,three_faults
2025-11-24T20:05:51.064388+00:00,33.4516904515764,5.1688226130416846,991.6729469400844,0.6201989195509174,0.8538439389945348,4.176701487675656e-05,3.0610044654279704e-05,0.024527789464449036,38,30.0,5.0,1000.0,0,three_faults
2025-11-24T20:05:52.107581+00:00,33.44514288943232,5.105667377472654,1003.7912663517272,0.6837447374148075,0.8497395418271211,5.8071655451693735e-05,3.19945087925922e-05,0.02714331471470049,37,30.0,5.0,1000.0,0,three_faults
2025-11-24T20:05:53.107941+00:00,33.47158029430237,5.071736917578704,999.0494636950314,0.6732480262927195,0.8502861779614314,5.2749580299386444e-05,4.5450378086031606e-05,0.024632081902009374,34,30.0,5.0,1000.0,0,three_faults
2025-11-24T20:05:54.207499+00:00,33.47572336607185,5.021460396713949,994.9115540151425,0.6764148363169059,0.8546944266603419,4.901609712752038e-05,6.412893659827179e-05,0.02682389397368007,37,30.0,5.0,1000.0,0,three_faults
2025-11-24T20:05:55.207728+00:00,33.46676079548053,5.096256009034918,1004.09798402855,0.6673774885141667,0.8487899512673225,5.934729265724192e-05,3.6174116728684176e-05,0.023892588579608062,33,30.0,5.0,1000.0,0,three_faults
2025-11-24T20:05:56.208304+00:00,33.50282536706915,5.090807322044648,989.5992851072033,0.6627998825766251,0.8558470355785721,3.524845666655277e-05,5.039671299849791e-05,0.0234476625357202,34,30.0,5.0,1000.0,0,three_faults
2025-11-24T20:05:57.412643+00:00,33.47134645485247,5.087092308187646,999.1676937933345,0.6566076263900482,0.8524033719693762,5.24398037375662e-05,6.194739819212654e-05,0.025877445689094024,38,30.0,5.0,1000.0,0,three_faults
2025-11-24T20:05:58.407924+00:00,33.49102248322683,5.087092308187647,1006.5621581596694,0.6542273648828426,0.8488658094899858,5.6602093831570665e-05,5.863599080639747e-05,0.025921388342303515,37,30.0,5.0,1000.0,0,three_faults
2025-11-24T20:05:59.461288+00:00,33.48118254206386,5.051304341365197,1001.8805782072802,0.6437506480205432,0.8513096814247492,4.764958241286591e-05,2.2276890156526806e-05,0.022747274961338878,33,30.0,5.0,1000.0,0,three_faults
2025-11-24T20:06:00.407624+00:00,33.485989778335984,5.0730990893262735,1006.4328822286743,0.6426470928837273,0.8509060679669582,3.870879412957922e-05,7.470899803441214e-05,0.02299956918244584,32,30.0,5.0,1000.0,0,three_faults
2025-11-24T20:06:01.508820+00:00,33.49976069609074,5.1576775714706775,1000.2967978000905,0.6361986056254275,0.8499620119944779,3.636193246559536e-05,6.573670672217328e-05,0.024923233025288122,36,30.0,5.0,1000.0,0,three_faults
2025-11-24T20:06:02.534980+00:00,33.498016477264855,5.141207676704636,1001.4020051326279,0.6361702810515977,0.8501872639559303,6.644413027006007e-05,1.5368881190105702e-05,0.022930438541075165,35,30.0,5.0,1000.0,0,three_faults
2025-11-24T20:06:03.608338+00:00,33.486647060267416,5.051180507569963,999.9342109682035,0.6257302045205729,0.8498624016721394,5.919049653320363e-05,5.629523543142532e-05,0.024518564024270845,37,30.0,5.0,1000.0,0,three_faults
2025-11-24T20:06:04.607457+00:00,33.48358411671497,5.0662882305884365,1001.3562990154239,0.6244295402114999,0.8498410202788135,4.081966053198226e-05,4.384989760812747e-05,0.022611108165616543,33,30.0,5.0,1000.0,0,three_faults
2025-11-24T20:06:05.707794+00:00,33.4822731210929,5.041273803951291,1008.055518321362,0.6172611876711624,0.8483422715738029,5.3706002766074645e-05,3.700319380393511e-05,0.023897997316954234,37,30.0,5.0,1000.0,0,three_faults
2025-11-24T20:06:06.708952+00:00,33.49560426894486,5.018612219423581,998.825181853748,0.6142947909102121,0.8490926774441266,3.9339629895470877e-05,6.871872388412075e-05,0.021876738147301365,35,30.0,5.0,1000.0,0,three_faults
2025-11-24T20:06:07.707255+00:00,33.495611630084284,5.152105050685176,999.0484932298061,0.6084098194993159,0.8490437762477276,3.3162913234162315e-05,4.780081087159206e-05,0.021698346815106212,33,30.0,5.0,1000.0,0,three_faults
2025-11-24T20:06:08.707388+00:00,33.488400344637824,5.154829394180309,996.6987125707865,0.6064552479729908,0.8501207586005715,2.37166488840382e-05,3.538132202955502e-05,0.022148257416857553,30,30.0,5.0,1000.0,0,three_faults
2025-11-24T20:06:09.807575+00:00,33.46043610878958,5.152724219661343,996.2522566509845,0.5922329877889969,0.8527650579319044,9.913026552720548e-05,7.312914650740714e-05,0.023557224234357146,36,30.0,5.0,1000.0,0,three_faults
2025-11-24T20:06:10.820325+00:00,33.5100423798901,5.048579997870061,996.1370061010093,0.5984961063754048,0.8530589594374838,5.0488596508853083e-05,9.599939099584243e-06,0.021465875857024745,32,30.0,5.0,1000.0,0,three_faults
2025-11-24T20:06:11.837475+00:00,33.48599795719114,5.0335961086468215,996.9288164727852,0.5921607299210454,0.8506585004164113,1.0724287090454802e-05,4.606509647242743e-05,0.02122131446460787,31,30.0,5.0,1000.0,0,three_faults
2025-11-24T20:06:12.907448+00:00,33.45169268470965,5.014030368999946,995.6974941745837,0.5892944713335647,0.8530410272561856,7.203826103677385e-05,2.8525635325712756e-05,0.02336514704746439,36,30.0,5.0,1000.0,0,three_faults
2025-11-24T20:06:13.932481+00:00,33.50523183653432,4.983195753986832,996.4421163894427,0.5732283154381087,0.8522849707961125,4.2853067055708796e-05,3.421628034905533e-05,0.02038417662503343,37,30.0,5.0,1000.0,0,three_faults
2025-11-24T20:06:15.006974+00:00,33.469171380921296,4.953351809335586,1007.1483401992432,0.5756615757691376,0.8482812602438163,3.4802685680569754e-05,2.2970283028927384e-05,0.02316975240215325,37,30.0,5.0,1000.0,0,three_faults
2025-11-24T20:06:16.115453+00:00,33.42766421711982,4.943445105716917,1005.8253710512437,0.5775217349150149,0.8495875643389499,4.148925101244934e-05,3.3241208867375966e-05,0.02300681368021544,36,30.0,5.0,1000.0,0,three_faults
2025-11-24T20:06:17.207454+00:00,33.4211099854214,4.957066823192587,994.7491144518737,0.5626820073763458,0.8534553342266818,3.338730347401437e-05,5.1233355460751574e-05,0.02221555670661168,35,30.0,5.0,1000.0,0,three_faults
2025-11-24T20:06:18.308718+00:00,33.414560948399256,4.985548596096266,1000.8676732596012,0.5645890973982549,0.8513846882969641,1.3549622689822176e-06,2.177203975458769e-05,0.022387151084032865,38,30.0,5.0,1000.0,0,three_faults
2025-11-24T20:06:19.407376+00:00,33.416743475566875,4.988025272000936,1002.8138024542422,0.5550502012203428,0.8498448611405862,3.403782742747546e-05,2.354167239034098e-05,0.022053961037879977,37,30.0,5.0,1000.0,0,three_faults
2025-11-24T20:06:20.407507+00:00,33.4115145033012,4.980471410491698,1001.6298380404921,0.5600344605982841,0.8490812076145948,9.518804925448566e-05,3.344205211345156e-05,0.020165720527387052,32,30.0,5.0,1000.0,0,three_faults
2025-11-24T20:06:21.407416+00:00,33.404304822310756,4.875584185929017,992.1933451129426,0.5422339938882337,0.8548322635304422,2.7680601820037374e-05,4.518069265442665e-05,0.01941946023441837,31,30.0,5.0,1000.0,0,three_faults
2025-11-24T20:06:22.407922+00:00,33.385106768482,4.91917368185117,999.2231011508117,0.5493849575843426,0.8511211744602392,1.784998819634971e-05,4.920912929383278e-05,0.020019557384565498,33,30.0,5.0,1000.0,0,three_faults
2025-11-24T20:06:23.507347+00:00,33.35127358688683,4.93230006414591,1011.391662478297,0.5430879434840865,0.846464354203775,5.9815660125150915e-05,4.698799723727792e-05,0.021494279517014134,40,30.0,5.0,1000.0,0,three_faults
2025-11-24T20:06:24.608153+00:00,33.351269187536815,4.945921781621583,1003.946349545371,0.5326041321976248,0.8490020838363109,2.307045978854551e-06,4.231003413937328e-05,0.020898088330561886,35,30.0,5.0,1000.0,0,three_faults
2025-11-24T20:06:25.607335+00:00,33.34909424278589,5.015887875928446,1003.4810044868598,0.5350167767395777,0.8481355689336605,3.908608866986102e-05,4.1021139591929994e-05,0.018875042019547577,31,30.0,5.0,1000.0,0,three_faults
2025-11-24T20:06:26.708186+00:00,33.33600400843739,5.012792031047613,1001.4065515751477,0.5270928120392975,0.8489749713512199,5.339447876265276e-05,5.550952129556666e-05,0.0206576455708437,36,30.0,5.0,1000.0,0,three_faults
2025-11-24T20:06:27.707435+00:00,33.32508971644272,4.9886444409771,1003.9744810142668,0.5215602477822754,0.8458385568406989,4.655149547244258e-05,3.003125592890068e-05,0.018871006700986324,31,30.0,5.0,1000.0,0,three_faults
2025-11-24T20:06:28.805805+00:00,33.29457421996944,5.025175410570951,1001.7204160783159,0.5191487158345405,0.8489992996281398,9.775016361733693e-06,5.1903817705230615e-05,0.020460161281567826,39,30.0,5.0,1000.0,0,three_faults
2025-11-24T20:06:29.907422+00:00,33.28367189471837,5.042512141903626,1004.4992858053082,0.5135744417504416,0.8465691208179201,3.894058576196165e-05,4.926367159905238e-05,0.02000091727250137,36,30.0,5.0,1000.0,0,three_faults
2025-11-24T20:06:30.908484+00:00,33.30110619234804,5.133034646219234,999.0004432977161,0.5107509404532384,0.8453662974062258,4.455105005980436e-05,3.642198728190191e-05,0.018190973331263627,34,30.0,5.0,1000.0,0,three_faults
2025-11-24T20:06:31.922016+00:00,33.260365551711914,5.049942169617628,998.363688080293,0.5113662844068828,0.8482238305718168,7.47230352549982e-05,5.700303280639712e-05,0.018428683147066027,34,30.0,5.0,1000.0,0,three_faults
2025-11-24T20:06:33.006992+00:00,33.235742815747145,5.022698734666283,991.7935797137353,0.5016174165848658,0.8521555673131028,2.3706300014703215e-05,2.193831350515324e-05,0.019990189669081854,38,30.0,5.0,1000.0,0,three_faults
2025-11-24T20:06:34.007329+00:00,33.18610480400175,5.1166885852484265,1000.177417202712,0.50106817997005,0.8464827718105379,3.595078614335104e-05,7.009042068041639e-05,0.01803491212304221,36,30.0,5.0,1000.0,0,three_faults
2025-11-24T20:06:35.199192+00:00,33.20090650163754,5.149009205804341,993.3232052534048,0.494905215657773,0.8527473650378021,6.914057735351532e-05,6.287160887315279e-05,0.019332475599582927,35,30.0,5.0,1000.0,0,three_faults
2025-11-24T20:06:36.108164+00:00,33.1597733494524,5.156191565927876,1000.1327651655199,0.4978875412967594,0.8497854712391522,3.91734073113156e-05,6.457382177458583e-05,0.01781928148875655,32,30.0,5.0,1000.0,0,three_faults
2025-11-24T20:06:37.107448+00:00,33.17414106127826,5.146656363694906,998.2043409191813,0.4858672949446081,0.8491229669827879,6.81123603720171e-05,1.5569844517922634e-05,0.017600145232362308,34,30.0,5.0,1000.0,0,three_faults
2025-11-24T20:06:38.107190+00:00,33.14542001433034,5.055390856607898,998.1585175433944,0.4789318444532646,0.8511247154900923,4.236452350140052e-05,5.298019700415207e-05,0.017340503632976383,34,30.0,5.0,1000.0,0,three_faults
2025-11-24T20:06:39.208651+00:00,33.146508354537566,5.0722322527596395,1000.197699082713,0.48385376847546896,0.8495473022387927,2.1337668000881927e-05,3.635165190512993e-05,0.019034215513930593,39,30.0,5.0,1000.0,0,three_faults
2025-11-24T20:06:40.216421+00:00,33.0999632187513,5.111239898258157,1006.3694114744819,0.47897105268927564,0.8488370849452865,3.627856863994146e-05,3.778335327182534e-05,0.01758832152232228,34,30.0,5.0,1000.0,0,three_faults
2025-11-24T20:06:41.307663+00:00,33.10083567999907,5.058610535283967,996.92446796246,0.4732709799323065,0.8496157134969036,7.126062403430045e-05,2.968759848935596e-05,0.01861977679497462,38,30.0,5.0,1000.0,0,three_faults
2025-11-24T20:06:42.407332+00:00,33.06172037855729,4.979356906334599,999.429184721048,0.46892359250509247,0.8498945749803631,4.451909009010275e-05,3.0150522042937342e-05,0.018209892479568238,36,30.0,5.0,1000.0,0,three_faults
2025-11-24T20:06:43.407166+00:00,33.0139253339555,5.018612219423582,996.2599710236598,0.4662138266090648,0.85118920021884,2.517722408170422e-05,7.172356753813017e-05,0.016939679637389123,32,30.0,5.0,1000.0,0,three_faults
2025-11-24T20:06:44.506962+00:00,33.003069636648405,5.070993914807304,1009.5361514380552,0.46568103016215595,0.8487692507493967,1.9190664887045897e-05,2.0752760768683958e-05,0.01832496341404852,36,30.0,5.0,1000.0,0,three_faults
2025-11-24T20:06:45.608339+00:00,32.98571577572133,5.125480784709999,1001.2005419916513,0.45964168013894696,0.845843802891972,3.268886108097042e-05,2.6861375551590073e-05,0.01813831890324806,35,30.0,5.0,1000.0,0,three_faults
2025-11-24T20:06:46.769678+00:00,32.95316397425699,5.070993914807305,994.4405148511115,0.45634535331685444,0.8511672263495842,2.8645669066251876e-05,1.9194190864739533e-05,0.018186133946946185,37,30.0,5.0,1000.0,0,three_faults
2025-11-24T20:06:47.806844+00:00,32.92496327218442,5.032605438284953,1003.3189920577696,0.4507417824579996,0.8485068429272108,3.0294631095365763e-05,1.894241390824028e-05,0.017668863014146295,37,30.0,5.0,1000.0,0,three_faults
2025-11-24T20:06:48.907189+00:00,32.89895333534037,5.078423942521309,1007.6676634390456,0.45506481481060157,0.8459984817213159,2.169920430250962e-05,8.21747822017877e-05,0.018158008723876674,36,30.0,5.0,1000.0,0,three_faults
2025-11-24T20:06:50.007159+00:00,32.89462138033193,5.215879455230371,998.7662673648556,0.4398868828776651,0.8492098603454561,4.594465776026271e-05,4.180388876138159e-05,0.017635488516531413,36,30.0,5.0,1000.0,0,three_faults
2025-11-24T20:06:51.158522+00:00,32.86210504076925,5.182444330517355,1000.5524149506272,0.44446998724264913,0.8485604651944466,5.5908608070329183e-05,3.307918143956747e-05,0.01726516604409975,36,30.0,5.0,1000.0,0,three_faults
2025-11-24T20:06:52.207050+00:00,32.825272306444525,5.1007140256633186,1003.141552722628,0.4414905016033268,0.8475582809408334,5.944114702732626e-05,3.174710507480248e-05,0.01767029888519793,39,30.0,5.0,1000.0,0,three_faults
2025-11-24T20:06:53.307202+00:00,32.81011823061078,5.017745382856947,1004.8120379478463,0.433427607862404,0.8448916422864564,7.13848452153212e-05,5.572056773601505e-05,0.016897488973533846,39,30.0,5.0,1000.0,0,three_faults
2025-11-24T20:06:54.307611+00:00,32.78500920386619,5.078547776316543,997.4171416040896,0.4338686155022192,0.8493909929625719,2.9542910412149568e-05,7.985522420238326e-05,0.015557256877682567,34,30.0,5.0,1000.0,0,three_faults
2025-11-24T20:06:55.407739+00:00,32.77332200999018,5.149009205804339,1000.4298706098889,0.42350769172468056,0.8458163556440325,7.023770511052609e-05,5.8530843886203454e-05,0.016941054756965862,37,30.0,5.0,1000.0,0,three_faults
2025-11-24T20:06:56.498781+00:00,32.73264055903484,5.066288230588436,999.2420813310995,0.43390868572830177,0.8472954782133847,5.094842264885711e-05,4.150359652778134e-05,0.015291172367853817,34,30.0,5.0,1000.0,0,three_faults
2025-11-24T20:06:57.507364+00:00,32.70842273069473,5.028890424427953,990.7908652914898,0.4201739006169474,0.8516426881023321,5.167513641667151e-05,2.2550195360890096e-05,0.017019238782210427,36,30.0,5.0,1000.0,0,three_faults
2025-11-24T20:06:58.508482+00:00,32.699337717720745,5.01997439117115,1003.4891048018717,0.42131907590122053,0.8462655880112215,1.2989693694197859e-05,2.4294564087843406e-05,0.014926833688392652,33,30.0,5.0,1000.0,0,three_faults
2025-11-24T20:06:59.608101+00:00,32.63710006266302,5.023937072618617,1001.6209153855289,0.42048097115258104,0.848152157228983,3.3925763459043324e-05,3.22880800327397e-05,0.016618104096942397,34,30.0,5.0,1000.0,0,three_faults
2025-11-24T20:07:00.708378+00:00,32.59176499874359,5.085853970235312,987.103186976309,0.41700789365002255,0.8534713285675689,6.007293960288783e-05,5.7717202847331275e-05,0.016186306336769523,34,30.0,5.0,1000.0,0,three_faults
2025-11-24T20:07:01.707411+00:00,32.571026429683684,5.010439188938178,997.435899820435,0.41429384183537693,0.850567943486055,2.8514906323836725e-05,1.7015433143245994e-05,0.014909750300469031,33,30.0,5.0,1000.0,0,three_faults
2025-11-24T20:07:02.707550+00:00,32.561526794653126,4.983195753986833,996.6829594533116,0.40633210429294414,0.8516409571684932,8.244549037036655e-05,4.60057892671088e-05,0.01488821028442704,34,30.0,5.0,1000.0,0,three_faults
2025-11-24T20:07:03.768489+00:00,32.52593638435432,4.958676662530621,1000.1235520789985,0.4077385274283298,0.8489699931699853,4.0673619772061155e-05,4.1247965043287707e-05,0.01494786883141907,33,30.0,5.0,1000.0,0,three_faults
2025-11-24T20:07:04.807112+00:00,32.52054168150238,4.898864939432895,1000.5655912047322,0.4064792967734441,0.8517827269146697,7.542530555274167e-05,3.270371187170392e-05,0.016340346583335347,38,30.0,5.0,1000.0,0,three_faults
2025-11-24T20:07:05.907285+00:00,32.47957263525461,4.861714800862878,1001.0028602216764,0.40192796124593,0.849697439749233,1.0766550739107483e-05,3.422406782741915e-05,0.016070707892737974,35,30.0,5.0,1000.0,0,three_faults
2025-11-24T20:07:06.909472+00:00,32.459526393717326,4.9355197428219775,1005.9674911822938,0.3968205683327225,0.850866700932157,2.4038818016052277e-05,7.219040390326496e-05,0.014686127980096884,35,30.0,5.0,1000.0,0,three_faults
2025-11-24T20:07:08.007496+00:00,32.43863221356352,5.021460396713951,1000.3238590320547,0.3952760554859932,0.8485626464480646,1.887011662567544e-05,4.8298058332683875e-05,0.015320543608492068,38,30.0,5.0,1000.0,0,three_faults
2025-11-24T20:07:09.006858+00:00,32.397926826473025,5.112602070005724,995.8904402687527,0.3956322188120005,0.8504504113745558,1.3485300761925714e-05,3.339151434180151e-05,0.014579142212715725,33,30.0,5.0,1000.0,0,three_faults
2025-11-24T20:07:10.107193+00:00,32.35896861037409,5.153962557613677,1000.3335821797483,0.39774260650978294,0.849808870742888,3.2303055658247826e-05,7.135163083010623e-05,0.015635372248937154,35,30.0,5.0,1000.0,0,three_faults
2025-11-24T20:07:11.207172+00:00,32.34174635923919,5.292656408275072,1001.0919911934284,0.3860561376720515,0.8506457673718333,4.695750802763882e-05,6.84173659604099e-05,0.014964358932703602,38,30.0,5.0,1000.0,0,three_faults
2025-11-24T20:07:12.306473+00:00,32.294419654266804,5.260459621514392,1005.1679426433351,0.38638651643283217,0.8475248468827807,0.00010950017559693259,6.511128427897252e-05,0.015255830051664615,37,30.0,5.0,1000.0,0,three_faults
2025-11-24T20:07:13.407055+00:00,32.29011998809511,5.1861593443743566,991.1229753595838,0.38647202945937487,0.851846050226866,5.729481114908668e-05,7.664183984999173e-05,0.015252521052100038,37,30.0,5.0,1000.0,0,three_faults
2025-11-24T20:07:14.407077+00:00,32.24884568827356,5.276062679713798,1000.3661885324251,0.3849625175648034,0.8512899452043261,4.510282204746786e-05,4.737620090785333e-05,0.014079397293116478,32,30.0,5.0,1000.0,0,three_faults
2025-11-24T20:07:15.407364+00:00,32.24413003153184,5.2801491949565005,1005.6064998483702,0.37970570806814885,0.8465953448226259,8.105599005169008e-06,2.548415429104421e-05,0.013607583091844452,35,30.0,5.0,1000.0,0,three_faults
2025-11-24T20:07:16.507121+00:00,32.21060368585566,5.260459621514391,996.8707404847198,0.3742684089348412,0.8516796652191193,5.5991907993717296e-05,1.619522227421181e-05,0.014897441534185579,34,30.0,5.0,1000.0,0,three_faults
2025-11-24T20:07:17.694052+00:00,32.178398438133485,5.171299288946349,996.1176364169511,0.37649165836713294,0.8534259219238002,4.033976172412699e-05,4.587713326614523e-05,0.014989730969777888,40,30.0,5.0,1000.0,0,three_faults
2025-11-24T20:07:18.606394+00:00,32.11657843522529,5.104429039520321,998.5726143392687,0.3756968871183216,0.8494544864167315,4.974908263717967e-05,2.6491903598482016e-05,0.01338133251162269,38,30.0,5.0,1000.0,0,three_faults
2025-11-24T20:07:19.743948+00:00,32.077547981355835,5.0722322527596395,999.6431509857346,0.3716115722711896,0.8517179914336215,3.0165281900509334e-05,3.449972033603477e-05,0.014636191177996761,35,30.0,5.0,1000.0,0,three_faults
2025-11-24T20:07:20.759281+00:00,32.07647763386463,5.096256009034916,1011.0727560982548,0.37115672623283275,0.8463080388271391,5.253712452056792e-05,5.751175971109705e-05,0.013296532746039029,32,30.0,5.0,1000.0,0,three_faults
2025-11-24T20:07:21.807307+00:00,32.0303868515389,5.092045659996983,1000.4081757133368,0.36627356615989887,0.8479268865785866,5.702818804737021e-05,3.009029993256286e-05,0.014820754996760797,38,30.0,5.0,1000.0,0,three_faults
2025-11-24T20:07:22.907445+00:00,31.981113679876884,5.079662280473642,1009.9296261706047,0.372588905926675,0.848974646794569,1.7842603820835003e-05,2.690152034424595e-05,0.014446042532289927,38,30.0,5.0,1000.0,0,three_faults
2025-11-24T20:07:24.007346+00:00,32.00254050302212,5.063563887093302,1006.0551488673104,0.36239782877492893,0.8429735413119759,8.456419111878078e-05,4.342429057711139e-05,0.014602031581417985,37,30.0,5.0,1000.0,0,three_faults
2025-11-24T20:07:25.007010+00:00,31.93273334284416,5.000903986705206,998.6952365591757,0.3655206281061343,0.8477116400415875,4.0098304002873705e-05,3.111025773687831e-05,0.012825257133133332,33,30.0,5.0,1000.0,0,three_faults
2025-11-24T20:07:26.106808+00:00,31.92546729911012,4.922393360527239,992.1867898334451,0.35835649298393757,0.8506265819940403,8.571148253855788e-05,3.2930981194304664e-05,0.01448262731616822,38,30.0,5.0,1000.0,0,three_faults
2025-11-24T20:07:27.116294+00:00,31.876260820396386,4.836081205249567,999.849588417617,0.3643858435384998,0.8483618191232484,6.086403825765544e-05,4.044350327524275e-05,0.012762436732007752,37,30.0,5.0,1000.0,0,three_faults
2025-11-24T20:07:28.207160+00:00,31.84631482469882,4.8802898701478865,1001.1239867404936,0.35455645162591776,0.8476881638123672,9.553838523098685e-06,5.9357729731238734e-05,0.013903356457418524,36,30.0,5.0,1000.0,0,three_faults
2025-11-24T20:07:29.207456+00:00,31.810418773042272,4.90418979262793,998.4360012559325,0.3589429476703527,0.8491466015433161,5.064368571971026e-05,3.126936507617165e-05,0.013203883084735498,34,30.0,5.0,1000.0,0,three_faults
2025-11-24T20:07:30.308929+00:00,31.782204315723927,4.926108374384238,1000.9298790993773,0.35265915918802887,0.8487099804539788,5.9176601491112604e-05,7.39930355225997e-05,0.013792447208310526,36,30.0,5.0,1000.0,0,three_faults
2025-11-24T20:07:31.306941+00:00,31.728192782513634,4.999541814957638,1001.9567528154982,0.35783972792051155,0.8464836380636175,1.812188362526929e-05,7.201675835923318e-05,0.01288566679962913,33,30.0,5.0,1000.0,0,three_faults
2025-11-24T20:07:32.407267+00:00,31.733088372383307,5.012792031047612,995.5865559214188,0.34936849683736,0.8490341332765237,5.3303236860194064e-05,3.536732418996294e-05,0.014332067418707494,38,30.0,5.0,1000.0,0,three_faults
2025-11-24T20:07:33.406650+00:00,31.68124128894965,4.97910923874413,1004.5608041565529,0.3521423029405621,0.848242114384646,4.990512208983461e-05,2.31583593627301e-05,0.012691239039033308,33,30.0,5.0,1000.0,0,three_faults
2025-11-24T20:07:34.406934+00:00,31.641357358148166,4.890568075152257,1005.813630735662,0.35122397732329536,0.8454227785815037,5.5402086063332414e-05,2.5136339880136853e-05,0.012487258618385667,33,30.0,5.0,1000.0,0,three_faults
2025-11-24T20:07:35.507748+00:00,31.632824582883085,4.8567614490535425,991.0902112359323,0.34572185745400963,0.850280472283276,7.260086745078856e-05,3.220732381488583e-05,0.013645360590801807,34,30.0,5.0,1000.0,0,three_faults
2025-11-24T20:07:36.509771+00:00,31.603836625446196,4.815648629036057,1006.0244166254095,0.34667601160387707,0.8472728456321399,2.7941010959020843e-05,5.0377776789548574e-05,0.011851143662683333,33,30.0,5.0,1000.0,0,three_faults
2025-11-24T20:07:37.608160+00:00,31.566757903437363,4.845616407482537,992.423744250185,0.3466438611789037,0.8498647631619107,3.4481260387792814e-05,2.9913784862136674e-05,0.014017060687800885,36,30.0,5.0,1000.0,0,three_faults
2025-11-24T20:07:38.707498+00:00,31.547595022448352,4.872859842433884,999.1526125430461,0.3438852399661228,0.8509904864751356,5.021881996464238e-05,8.619868748879508e-05,0.013746453130761664,35,30.0,5.0,1000.0,0,three_faults
2025-11-24T20:07:39.806794+00:00,31.487980698217374,4.89391158762356,991.5278362423996,0.34794930760283943,0.851490574843843,4.860815674713768e-05,2.9699956439159874e-05,0.013381042093846557,37,30.0,5.0,1000.0,0,three_faults
2025-11-24T20:07:40.970277+00:00,31.466697782010844,4.8592381249582095,1001.6547812403016,0.3399378420728771,0.8493341365624348,5.553453919716557e-05,2.4519765403644728e-05,0.01349171695748294,38,30.0,5.0,1000.0,0,three_faults
2025-11-24T20:07:42.022745+00:00,31.439054000845296,4.82084964843586,997.5507593248377,0.33979461363569075,0.8509716978631381,7.447052672739743e-05,7.940460542352124e-05,0.013189405647692146,35,30.0,5.0,1000.0,0,three_faults
2025-11-24T20:07:43.064510+00:00,31.418856577720994,4.837443376997134,1006.2439533437997,0.34203321798985303,0.8472397352262326,3.13654623629505e-05,4.737206720110377e-05,0.012313125367345676,32,30.0,5.0,1000.0,0,three_faults
2025-11-24T20:07:44.110458+00:00,31.38377328788682,4.846854745434871,997.8029414482583,0.34196589049794407,0.8517818562079026,3.3846398814293446e-05,4.411722250848555e-05,0.013428764499995931,35,30.0,5.0,1000.0,0,three_faults
2025-11-24T20:07:45.244084+00:00,31.3650645907603,4.872859842433884,996.854512176055,0.33391216434551085,0.8492848101629678,3.457159982091977e-05,3.5735340444146137e-05,0.012114423432233838,31,30.0,5.0,1000.0,0,three_faults
2025-11-24T20:07:46.209730+00:00,31.31791485610104,4.927346712336573,995.4876704382438,0.33921608747477405,0.8534736306465521,4.426805979854853e-05,7.022191797667887e-05,0.013154226792488828,37,30.0,5.0,1000.0,0,three_faults
2025-11-24T20:07:47.256901+00:00,31.27863013834634,4.927346712336574,998.7332201082233,0.3354089993099417,0.8508424993567141,2.7685598075551035e-05,2.4768703945008178e-05,0.012138248460984007,32,30.0,5.0,1000.0,0,three_faults
2025-11-24T20:07:48.305460+00:00,31.2457341043046,4.9397300918599125,1005.9300772786487,0.33579786473671597,0.8484564626584855,1.3723914967394385e-05,4.99739737028254e-05,0.013302220232032246,36,30.0,5.0,1000.0,0,three_faults
2025-11-24T20:07:49.440251+00:00,31.22961351840406,4.977747066996564,999.3104749472011,0.33349210417871045,0.8518342237089772,4.20455860601712e-05,4.271255361170167e-05,0.012367907684269293,32,30.0,5.0,1000.0,0,three_faults
2025-11-24T20:07:50.407086+00:00,31.201193659625172,4.9446834436692475,991.095730979892,0.3327188020727281,0.853260937062532,3.854012610601096e-05,1.8130160913434362e-05,0.0136045095160027,38,30.0,5.0,1000.0,0,three_faults
2025-11-24T20:07:51.452015+00:00,31.161985615438635,4.981833582239265,990.5349900106872,0.3382808174767002,0.8544242954199174,2.9679305493873384e-05,4.687236715488345e-05,0.01180410147183016,36,30.0,5.0,1000.0,0,three_faults
2025-11-24T20:07:52.407273+00:00,31.152643579713367,4.960038834278189,999.6145471440335,0.3275205913938878,0.8543917797747771,3.942954023730643e-05,2.2393407152660437e-05,0.011572507676977038,34,30.0,5.0,1000.0,0,three_faults
2025-11-24T20:07:53.406759+00:00,31.106032645880568,4.970936208258726,1002.425802824779,0.33704660281032994,0.8499885535586984,6.88984146631446e-05,7.471694273454301e-05,0.011989413179372911,32,30.0,5.0,1000.0,0,three_faults
2025-11-24T20:07:54.407433+00:00,31.092064120050765,4.943692773307382,1003.124929242538,0.3324559229340616,0.8506862393033373,2.84970400587244e-05,5.431474598781771e-05,0.012075132789871788,32,30.0,5.0,1000.0,0,three_faults
2025-11-24T20:07:55.406274+00:00,31.06644006099834,4.981833582239265,999.9223686348296,0.32947503388295213,0.8536827233765012,4.527613767370658e-05,7.038338844854092e-06,0.011701689205558329,34,30.0,5.0,1000.0,0,three_faults
2025-11-24T20:07:56.506720+00:00,31.025380790424354,4.979356906334596,1004.5032607956734,0.3282447757055962,0.8506029195548629,5.8133373494537016e-05,5.696763610994646e-05,0.013201233151346123,39,30.0,5.0,1000.0,0,three_faults
2025-11-24T20:07:57.606903+00:00,30.98729318442288,4.9966936376672715,996.0363963314629,0.33017611840010097,0.8522192100592065,3.632485256591109e-05,8.739904637837589e-05,0.013348067774585302,39,30.0,5.0,1000.0,0,three_faults
2025-11-24T20:07:58.607558+00:00,30.984966962876797,5.019974391171149,1002.4659000992376,0.33016395619763006,0.8529178900708739,4.2870974067145303e-05,4.206978176482838e-05,0.01223904157536244,33,30.0,5.0,1000.0,0,three_faults
2025-11-24T20:07:59.708992+00:00,30.96403330396256,5.017745382856947,1014.316605729,0.32818551564608783,0.8458290265227035,5.712928996383193e-05,2.6521366885277105e-05,0.013054205783284646,37,30.0,5.0,1000.0,0,three_faults
2025-11-24T20:08:00.709373+00:00,30.92217650484944,4.932795399326844,1003.1035399871555,0.3318861380468225,0.8481265987182143,4.4813698818197475e-05,1.3076104276248262e-05,0.011984804942955167,34,30.0,5.0,1000.0,0,three_faults
2025-11-24T20:08:01.812212+00:00,30.879497866021527,4.906294967146899,1005.6946983946698,0.32616784137753974,0.8479763084753476,4.917720789523405e-05,6.860377410994935e-05,0.012628809322491594,39,30.0,5.0,1000.0,0,three_faults
2025-11-24T20:08:02.806704+00:00,30.854806434744404,4.932795399326844,997.7034754407435,0.3280199292985468,0.8492580314835514,3.6791715038519145e-05,5.219410404352071e-05,0.011645143192397234,31,30.0,5.0,1000.0,0,three_faults
2025-11-24T20:08:03.906258+00:00,30.799271570025553,4.958305161144922,993.2615560545247,0.32964708090129113,0.8510118274780214,4.173618923278148e-05,2.8690314801190105e-05,0.01287284066183119,39,30.0,5.0,1000.0,0,three_faults
2025-11-24T20:08:04.952594+00:00,30.77121435000429,4.955952319035488,993.3239699635787,0.3332060959389159,0.8519412822120055,3.905326617232921e-06,1.12843779192417e-05,0.012167246644002143,33,30.0,5.0,1000.0,0,three_faults
2025-11-24T20:08:06.008235+00:00,30.759179837334106,4.949636795478584,990.0452263738596,0.3244396590336569,0.8550322197978015,2.9007820420180524e-05,1.3542881379676623e-05,0.012644384673592891,34,30.0,5.0,1000.0,0,three_faults
2025-11-24T20:08:07.047794+00:00,30.715536526860177,4.868773327191181,1003.3215727171128,0.3281564806506857,0.8512119181962421,7.27962758923518e-05,4.227716155424777e-05,0.011832192075041959,33,30.0,5.0,1000.0,0,three_faults
2025-11-24T20:08:08.106393+00:00,30.691718362429526,4.864191476767545,999.2040377562421,0.33000116507959926,0.8523659053908562,3.613338004317711e-05,2.8261536757826794e-05,0.013141930542869357,36,30.0,5.0,1000.0,0,three_faults
2025-11-24T20:08:09.147108+00:00,30.680754392490854,4.8660489836960465,999.9309816990423,0.3273362634234158,0.8501213773935975,5.779013461525763e-05,6.428583198108324e-05,0.011558092708925336,32,30.0,5.0,1000.0,0,three_faults
2025-11-24T20:08:10.206606+00:00,30.687498327581476,4.90381829124223,1002.3355740252138,0.32498089321088935,0.8504520509142064,5.127819904536213e-05,6.143978546610579e-05,0.013119126889480838,38,30.0,5.0,1000.0,0,three_faults
2025-11-24T20:08:11.353216+00:00,30.617983585415505,4.922393360527238,1001.8865200341785,0.32627490668416786,0.8522156258530966,1.8897862714406114e-05,4.4947563923283384e-05,0.013040007427238294,38,30.0,5.0,1000.0,0,three_faults
2025-11-24T20:08:12.306122+00:00,30.58113903966271,4.88511938816199,1002.433373863559,0.33135728742256126,0.8501851553708525,6.258312649911673e-05,2.784237370989194e-05,0.011773705944810316,31,30.0,5.0,1000.0,0,three_faults
2025-11-24T20:08:13.407151+00:00,30.590615827378507,4.8852432219572215,1006.8656579426056,0.32227580079244517,0.8474292516371296,5.184294917798718e-05,6.635011312401275e-05,0.012730968535005998,37,30.0,5.0,1000.0,0,three_faults
2025-11-24T20:08:14.509920+00:00,30.559039577066688,4.949636795478584,993.7561704883275,0.3278296793400697,0.8539899919849812,2.5262260269042415e-05,8.395133788421626e-05,0.01281509324480812,38,30.0,5.0,1000.0,0,three_faults
2025-11-24T20:08:15.607793+00:00,30.50855434903144,5.017745382856948,998.8374727382557,0.3308285820309519,0.8507367833424045,2.4268733669962377e-05,3.297693753612465e-05,0.013100051282097045,35,30.0,5.0,1000.0,0,three_faults
2025-11-24T20:08:16.707304+00:00,30.500146505889084,5.010315355142944,994.9029431517088,0.32819705420583495,0.85360949584183,4.384619186042643e-05,1.165939789469396e-05,0.012955688929515182,34,30.0,5.0,1000.0,0,three_faults
2025-11-24T20:08:17.821069+00:00,30.460832850568245,5.040406967384659,1001.8657622507872,0.32311042632647474,0.8490609888848265,6.59960564266177e-06,6.068602234715068e-05,0.011463213740987275,32,30.0,5.0,1000.0,0,three_faults
2025-11-24T20:08:18.748162+00:00,30.444644005863456,5.15482939418031,1000.2203825873888,0.32775972004354775,0.8532840691581146,2.9051700655519786e-05,7.386006749721691e-05,0.011648088354434132,37,30.0,5.0,1000.0,0,three_faults
2025-11-24T20:08:19.807136+00:00,30.42237610961454,5.197304385945362,1001.2411133299552,0.3309773305998658,0.8503764733463529,5.291427067096732e-05,2.8028347877342926e-05,0.01268713820076043,37,30.0,5.0,1000.0,0,three_faults
2025-11-24T20:08:20.844157+00:00,30.391496102771868,5.19569454660733,995.9274257309519,0.32829153007413236,0.8529518863309923,3.2628977403361005e-05,2.961237991330139e-05,0.01212833430338188,34,30.0,5.0,1000.0,0,three_faults
2025-11-24T20:08:21.906870+00:00,30.355169257389353,5.241884552229384,1006.4733284107874,0.32777361652833875,0.8489756255899169,1.773454586239236e-05,6.446071211663265e-05,0.013245551595028241,36,30.0,5.0,1000.0,0,three_faults
2025-11-24T20:08:23.005714+00:00,30.344681971677414,5.364480009510438,1011.3612865838827,0.3297290553174832,0.8468557597899209,2.4150737613416487e-05,2.9144873598846865e-05,0.013201341333041187,38,30.0,5.0,1000.0,0,three_faults
2025-11-24T20:08:24.006354+00:00,30.315300882242155,5.330549549616488,1005.4742376268725,0.32572827730553655,0.8450512032350901,3.7792766358506284e-05,3.266994492626766e-05,0.012096831541975332,35,30.0,5.0,1000.0,0,three_faults
2025-11-24T20:08:25.105837+00:00,30.2859283518048,5.305039787798412,998.2386269328439,0.33289664640619654,0.8507177040215989,5.119102716803902e-05,4.742364690527267e-05,0.0130648792282472,35,30.0,5.0,1000.0,0,three_faults
2025-11-24T20:08:26.508074+00:00,30.254468053065363,5.227024496801376,1002.0217756634452,0.3313662722622679,0.8469005666603575,6.649195921852045e-05,2.9446294382777994e-05,0.013526677921908684,36,30.0,5.0,1000.0,0,three_faults
2025-11-24T20:08:27.420494+00:00,30.250694051969163,5.133034646219233,992.0605981605986,0.32547165888746143,0.853013305930814,5.201901692840918e-05,2.642252144118641e-05,0.011273796103816281,33,30.0,5.0,1000.0,0,three_faults
2025-11-24T20:08:28.306358+00:00,30.216725925464143,5.087092308187645,993.9277337826101,0.3308449048466454,0.8498442977831698,4.9079025373791896e-05,3.9730370138581935e-05,0.01320152433568949,37,30.0,5.0,1000.0,0,three_faults
2025-11-24T20:08:29.306281+00:00,30.199964756185825,5.06492605884087,1000.9548144724446,0.3311943659496773,0.8506571857940906,4.4642615697316194e-05,6.130379615503711e-05,0.011871007695567837,34,30.0,5.0,1000.0,0,three_faults
2025-11-24T20:08:30.499362+00:00,30.164344800568678,5.156439233518345,1009.9829117289239,0.33519194452159645,0.8445344020980095,3.104936764698256e-05,5.656703058109752e-05,0.012795463688527419,39,30.0,5.0,1000.0,0,three_faults
2025-11-24T20:08:31.505812+00:00,30.151782150224914,5.318661505274083,996.3834461023054,0.332157076837404,0.8528369816783635,2.9707679740789218e-05,6.550785651819473e-05,0.013231367045558209,38,30.0,5.0,1000.0,0,three_faults
2025-11-24T20:08:32.506343+00:00,30.130838013833273,5.378225560781344,1003.6346101018138,0.33039190234666543,0.8467315040553997,2.37184298390741e-05,3.772680744992383e-05,0.011901477984046425,34,30.0,5.0,1000.0,0,three_faults
2025-11-24T20:08:33.506789+00:00,30.11242284641286,5.443609804664574,991.8701107194823,0.3296496532960311,0.8515448928055873,3.6484178410427916e-05,6.971149665566286e-05,0.012136366589958859,33,30.0,5.0,1000.0,0,three_faults
2025-11-24T20:08:34.606564+00:00,30.122464687012176,5.644344386737896,993.3141817432675,0.335798344010683,0.8531861774412259,0.0001050224909079495,6.463116041914438e-05,0.01364877447703967,34,30.0,5.0,1000.0,0,three_faults
2025-11-24T20:08:35.607919+00:00,30.05946393390684,5.364603843305673,1006.6083848728136,0.33459535820564457,0.8476627120235134,6.290739646216419e-05,5.836109967269284e-05,0.012000064465266825,34,30.0,5.0,1000.0,0,three_faults
2025-11-24T20:08:36.706501+00:00,30.05339688487295,5.447448652316807,1001.0452134270618,0.3346087230910928,0.8505817743844495,6.18051763223467e-05,6.974731034366598e-05,0.013240477527056285,36,30.0,5.0,1000.0,0,three_faults
2025-11-24T20:08:37.705997+00:00,30.020353373648156,5.522615766023476,999.3085009733774,0.33689742856855237,0.8511702518387343,4.5138043673879035e-05,7.381039427299697e-05,0.012004093780004707,34,30.0,5.0,1000.0,0,three_faults
2025-11-24T20:08:38.806742+00:00,29.98230954006743,5.588619178882872,1000.879377196196,0.34217076216605646,0.849147349658926,5.114933086961019e-05,7.753046869314491e-05,0.013451178296072478,35,30.0,5.0,1000.0,0,three_faults
2025-11-24T20:08:39.806297+00:00,29.990457553039505,5.608432586120214,994.6130678351576,0.3308311794037661,0.8505072182760957,7.072237828173209e-05,3.0394736065519517e-05,0.011881615501022912,35,30.0,5.0,1000.0,0,three_faults
2025-11-24T20:08:40.806093+00:00,29.985852281839488,5.376863389033777,990.9187762869863,0.3321657978889857,0.853890891299543,8.772511042988781e-05,3.7262577604704995e-05,0.011420697083362848,33,30.0,5.0,1000.0,0,three_faults
2025-11-24T20:08:41.905930+00:00,29.92379500205494,5.123004108805329,999.8980103132366,0.3441670459252242,0.8514844222088361,7.421812144878698e-05,1.3820941860011985e-05,0.013391301830544254,36,30.0,5.0,1000.0,0,three_faults
2025-11-24T20:08:42.906415+00:00,29.939883533582854,5.177986313888953,1003.647594791402,0.336157687748805,0.8501362551043664,3.1785435026205585e-05,8.969405066208417e-05,0.011738607051748914,33,30.0,5.0,1000.0,0,three_faults
2025-11-24T20:08:43.906995+00:00,29.89622182750769,5.231111012044077,999.7224224263421,0.3435477059487206,0.8520340010574554,5.143468490152755e-05,7.059936847801055e-05,0.01246056277528515,33,30.0,5.0,1000.0,0,three_faults
2025-11-24T20:08:45.043756+00:00,29.87366386326494,5.287703056465737,1012.5713935876876,0.33654688003279537,0.8460774520921099,2.7494576191321782e-05,2.052052513041038e-05,0.013117440087810938,40,30.0,5.0,1000.0,0,three_faults
2025-11-24T20:08:46.105804+00:00,29.82984436015032,5.32732987094042,1000.4056312929285,0.34990738702835106,0.851104393899934,3.7103295177805945e-05,5.183923768604998e-05,0.01388049872369327,38,30.0,5.0,1000.0,0,three_faults
2025-11-24T20:08:47.206997+00:00,29.821486361476374,5.313708153464749,998.0551291096461,0.334437238285542,0.8475992765838157,4.0241360352868716e-05,3.764863490803652e-05,0.013359758604065136,36,30.0,5.0,1000.0,0,three_faults
2025-11-24T20:08:48.307078+00:00,29.804805007594883,5.3681950233674405,999.9870982350309,0.3469755353380457,0.8499870819509396,4.53037092364994e-05,7.717696165079764e-05,0.013709860871442572,37,30.0,5.0,1000.0,0,three_faults
2025-11-24T20:08:49.307808+00:00,29.781435907842138,5.518529250780775,998.3155149199678,0.3437658096664784,0.8511791076130544,2.6918828331415004e-05,4.514369438168105e-05,0.01221316501512843,33,30.0,5.0,1000.0,0,three_faults
2025-11-24T20:08:50.407776+00:00,29.798536255150506,5.402868486032788,987.3575252901314,0.34456026543105955,0.8551851730647233,8.652214061293411e-05,1.1331509639465251e-05,0.013280312344560896,34,30.0,5.0,1000.0,0,three_faults
2025-11-24T20:08:51.506058+00:00,29.769336013127415,5.096999011806318,1002.2525823332238,0.34688387114307057,0.8490543033347954,0.00012791996032061135,3.5605681424215545e-05,0.013771058211746984,36,30.0,5.0,1000.0,0,three_faults
2025-11-24T20:08:52.722328+00:00,29.75057704747354,4.936015078002912,1008.2729365301886,0.3425122047987648,0.8473314479767861,7.345283313499833e-05,3.784127094146194e-05,0.01346708563241893,35,30.0,5.0,1000.0,0,three_faults
2025-11-24T20:08:53.709417+00:00,29.729721492059056,4.918678346670237,991.7052292018271,0.35102667021725265,0.8551455821504331,4.941764296969247e-05,5.2888729950091487e-05,0.01432414325921163,38,30.0,5.0,1000.0,0,three_faults
2025-11-24T20:08:54.755987+00:00,29.708044784403672,4.887843731657122,995.3900084525612,0.34551798879781065,0.8536349388942724,2.8266392699205134e-05,1.1573577535004735e-06,0.01290116846130905,34,30.0,5.0,1000.0,0,three_faults
2025-11-24T20:08:55.705257+00:00,29.71033999064979,4.878308529424153,1009.4469858993907,0.3528553772488065,0.8471227711802445,2.5199668447037313e-05,7.841999391171104e-05,0.012624287746261478,32,30.0,5.0,1000.0,0,three_faults
2025-11-24T20:08:56.854849+00:00,29.67762980294783,4.9372534159552455,1000.3091063817119,0.3464694729066097,0.8518087531589988,5.408631764234484e-05,1.4040673766835167e-05,0.013731025795734708,41,30.0,5.0,1000.0,0,three_faults
2025-11-24T20:08:57.905635+00:00,29.681795019836365,4.872859842433883,1002.7769427398518,0.3510558532940754,0.8473503832991508,8.200925806629383e-05,5.1774169107791405e-05,0.01380269723318595,35,30.0,5.0,1000.0,0,three_faults
2025-11-24T20:08:59.005252+00:00,29.638054249719996,4.844378069530204,1002.9763932273537,0.35084546309272757,0.8495815915212901,5.4376282191829084e-05,3.410029013343571e-05,0.013769398584834622,37,30.0,5.0,1000.0,0,three_faults
2025-11-24T20:09:00.051863+00:00,29.650760687740842,4.804751255055519,991.0511982020851,0.35316241111099145,0.8536342897942722,3.516534664064086e-05,2.9720788732523108e-05,0.012459949883003711,34,30.0,5.0,1000.0,0,three_faults
2025-11-24T20:09:01.106440+00:00,29.623487201925776,4.805989593007853,996.5841150971748,0.3555199723115646,0.8534208941263356,4.376528497292305e-05,5.82663397562786e-05,0.014226293914118589,36,30.0,5.0,1000.0,0,three_faults
2025-11-24T20:09:02.206611+00:00,29.613071300236154,4.8282796761498625,1003.7558795344893,0.3606475752576689,0.8499184850631973,4.504857600521873e-05,7.02821459800631e-05,0.014202766592452495,37,30.0,5.0,1000.0,0,three_faults
2025-11-24T20:09:03.206540+00:00,29.59808993849422,4.871497670686315,1001.2409284072289,0.35061340736461866,0.8517253965062549,1.5624281097182516e-05,5.840091672577165e-05,0.012821408141713087,35,30.0,5.0,1000.0,0,three_faults
2025-11-24T20:09:04.306034+00:00,29.575611502309915,4.921155022574905,996.1834588807428,0.35767025243080997,0.8506172775165659,7.126665675535766e-05,4.0441008100166243e-05,0.014093903438005588,37,30.0,5.0,1000.0,0,three_faults
2025-11-24T20:09:05.419831+00:00,29.546474291648682,4.892673249671225,997.5053920093861,0.3635093149702788,0.8540146249448892,3.7196570738695794e-05,4.202131004900155e-05,0.014123270387032108,34,30.0,5.0,1000.0,0,three_faults
2025-11-24T20:09:06.506069+00:00,29.538156854108994,4.9446834436692475,997.636817965196,0.3538192824076771,0.8498873978233203,2.5996092494572724e-05,5.782088952803451e-05,0.013915758749012658,35,30.0,5.0,1000.0,0,three_faults
2025-11-24T20:09:07.606741+00:00,29.542310144546875,4.9632585129542575,990.5863668575216,0.361796570900025,0.8570423558455018,2.682456741810867e-05,4.022356848259785e-05,0.014330596701589293,34,30.0,5.0,1000.0,0,three_faults
2025-11-24T20:09:08.605660+00:00,29.515702247776737,4.983195753986832,1001.3064147027562,0.36119094417778463,0.8519483824759908,2.370713008283126e-05,2.188666551458376e-05,0.013064704668352979,32,30.0,5.0,1000.0,0,three_faults
2025-11-24T20:09:09.608992+00:00,29.517983699335407,4.943692773307382,1005.9264545112226,0.36876517977715795,0.85185474045668,4.13468343832837e-05,1.4950104326638924e-05,0.013040608418593704,34,30.0,5.0,1000.0,0,three_faults
2025-11-24T20:09:10.706150+00:00,29.500721416722232,4.892673249671224,998.5215750062472,0.3598079509480821,0.8535723993308182,8.123682024530807e-05,4.478564747558956e-05,0.014349385687736138,35,30.0,5.0,1000.0,0,three_faults
2025-11-24T20:09:11.706974+00:00,29.501964572686763,4.845616407482537,1002.9086409080995,0.3589864415418775,0.8507817891347127,5.703211960032222e-05,1.4874978533224674e-05,0.013178294138777791,35,30.0,5.0,1000.0,0,three_faults
2025-11-24T20:09:12.805577+00:00,29.496557799050244,4.793606213484514,998.9143952027166,0.36878523314384265,0.8540065970853301,3.1202409354705444e-05,1.9500154184726394e-05,0.015001094747784827,37,30.0,5.0,1000.0,0,three_faults
2025-11-24T20:09:13.919760+00:00,29.452909407651987,4.777507820104173,999.3386961174297,0.3688398600212121,0.8508180580122814,4.832566646313962e-05,6.848001820177602e-05,0.014686596645626725,36,30.0,5.0,1000.0,0,three_faults
2025-11-24T20:09:15.007202+00:00,29.444597636069787,4.81465795867419,1002.2458147443599,0.3677809467720236,0.8522600059304778,6.751812008717176e-05,4.575410792008446e-05,0.014520925648983203,38,30.0,5.0,1000.0,0,three_faults
2025-11-24T20:09:16.106056+00:00,29.411355113687048,4.82084964843586,998.2956755652624,0.3707580408930866,0.8529976123358067,1.6831620679569673e-05,7.183765157667481e-05,0.01430742276012516,33,30.0,5.0,1000.0,0,three_faults
2025-11-24T20:09:17.206382+00:00,29.41550742105358,4.886481559909556,1008.2573073736562,0.36936064347491765,0.8486290460358222,3.577279647894552e-05,7.003986661995078e-05,0.014726510957214962,38,30.0,5.0,1000.0,0,three_faults
2025-11-24T20:09:18.350218+00:00,29.411357161589624,4.924870036431906,1004.746894943546,0.3724673841654068,0.8496940944799666,3.589340772989967e-05,5.131882278114993e-05,0.014389639660183041,35,30.0,5.0,1000.0,0,three_faults
2025-11-24T20:09:19.450547+00:00,29.403670681838822,4.936881914569544,1007.9957348890985,0.37482369537756105,0.8479060258369314,6.22154660231392e-05,3.3982074732894014e-05,0.013331123083551435,37,30.0,5.0,1000.0,0,three_faults
2025-11-24T20:09:20.448248+00:00,29.376055322661355,4.90381829124223,1009.6835054718398,0.37635390849411005,0.846322681137559,5.816422343639117e-05,3.225416103599276e-05,0.0148672196672705,40,30.0,5.0,1000.0,0,three_faults
2025-11-24T20:09:21.600657+00:00,29.367743054041032,4.841901393625535,999.9836571974662,0.3743565792864643,0.8471140830271131,5.427781652222836e-05,4.1488725522565176e-05,0.014532298074417024,35,30.0,5.0,1000.0,0,three_faults
2025-11-24T20:09:22.623879+00:00,29.38082619507835,4.864686811948479,1005.2740223766108,0.37353611377084234,0.8465937583823436,5.2394250708059226e-05,6.251503533558169e-05,0.013464630074204745,33,30.0,5.0,1000.0,0,three_faults
2025-11-24T20:09:23.594090+00:00,29.351135455863812,4.8633246402009105,1003.0970597700725,0.3788447825685073,0.8450502186045906,1.8286703978967447e-05,4.602608306138014e-05,0.013683160895418439,33,30.0,5.0,1000.0,0,three_faults
2025-11-24T20:09:24.505082+00:00,29.34885001110742,4.879670701171721,990.9801730720003,0.3774533667963324,0.8537337225462542,5.909454094871589e-05,1.7472941830824832e-05,0.01393038204788302,35,30.0,5.0,1000.0,0,three_faults
2025-11-24T20:09:25.506512+00:00,29.33743504158003,4.85923812495821,1000.8436837581843,0.3810271829968558,0.8458555104947857,4.347490168383728e-05,7.045813681794235e-05,0.01392992362956898,34,30.0,5.0,1000.0,0,three_faults
2025-11-24T20:09:26.606638+00:00,29.33452908020504,4.8827665460525544,1005.3631827767166,0.3808796631451478,0.8459343162483293,3.8212046292124654e-05,3.7544461787764994e-05,0.015440536114105568,36,30.0,5.0,1000.0,0,three_faults
2025-11-24T20:09:27.638517+00:00,29.339727718822047,4.883757216414422,998.8294632620103,0.38862733381089576,0.8474187254830469,2.0804214591884612e-05,2.2563188366818905e-05,0.013656092784976637,33,30.0,5.0,1000.0,0,three_faults
2025-11-24T20:09:28.606416+00:00,29.337437840975447,4.88920590340469,1001.967318216083,0.37559154867732547,0.8459835025877984,3.854988755789595e-05,6.4136715583772e-05,0.013342289934167069,34,30.0,5.0,1000.0,0,three_faults
2025-11-24T20:09:29.777706+00:00,29.30340698236706,4.896388263528227,997.0247130404535,0.38676152659193747,0.8483240160524815,5.635401172005153e-05,2.9189399852477844e-05,0.015152124399936687,34,30.0,5.0,1000.0,0,three_faults
2025-11-24T20:09:30.707207+00:00,29.312328036264063,4.875584185929017,996.1635137417792,0.37949865408833366,0.851719219918173,2.91813545707152e-05,3.664984232713652e-05,0.013573207306126659,35,30.0,5.0,1000.0,0,three_faults
2025-11-24T20:09:31.706415+00:00,29.307758809297432,4.882395044666854,996.452903366838,0.3910653999773926,0.8485350960916979,1.8673217665146116e-05,3.109406368272325e-05,0.013971915742727504,32,30.0,5.0,1000.0,0,three_faults
2025-11-24T20:09:32.706960+00:00,29.310038686795586,4.93415757107441,992.7692363924859,0.3895720261194066,0.8520421824901778,4.663614134260597e-05,6.395011794399764e-05,0.013794837802996847,32,30.0,5.0,1000.0,0,three_faults
2025-11-24T20:09:33.707013+00:00,29.252996647591583,4.94369277330738,996.1739927024776,0.39003580462339077,0.8499086866115775,6.366079703749027e-05,4.4397094205982894e-05,0.014228141214830495,33,30.0,5.0,1000.0,0,three_faults
2025-11-24T20:09:34.911682+00:00,29.29925414689303,4.917440008717903,1000.3755332359523,0.38850016728938963,0.8499024919886832,1.641277354662586e-05,5.124615126479218e-05,0.015065239424496021,38,30.0,5.0,1000.0,0,three_faults
2025-11-24T20:09:35.806068+00:00,24.32760035590558,4.975022723501428,988.7116227577186,0.5999533718441815,0.85388242756821,3.39193840084596e-05,4.034392998429409e-05,0.021450629988809214,33,30.0,5.0,1000.0,1,three_faults
2025-11-24T20:09:36.806157+00:00,23.76718955173496,4.951865803792785,993.6254718800877,0.5828469106157633,0.8551311956548195,5.769064568415472e-05,3.005720310260481e-05,0.02108207821857831,32,30.0,5.0,1000.0,1,three_faults
2025-11-24T20:09:37.905803+00:00,23.820355700992263,4.9372534159552455,1004.0178142052181,0.578347079410165,0.8502140025929195,4.857577776055064e-05,5.822974370372396e-05,0.02302634196079948,36,30.0,5.0,1000.0,1,three_faults
2025-11-24T20:09:39.006332+00:00,23.844166555273333,4.928585050288908,1000.5792774936027,0.5937113812377862,0.8534376296448748,4.594098219515269e-05,2.0524355845031625e-05,0.02359395119072616,37,30.0,5.0,1000.0,1,three_faults
2025-11-24T20:09:40.006861+00:00,23.865400085340934,4.911000651365766,995.9034351063489,0.6026377472879273,0.8508672777753098,2.8259091500685346e-05,2.330084516856589e-05,0.021528905869827253,32,30.0,5.0,1000.0,1,three_faults
2025-11-24T20:09:41.006100+00:00,23.893776231040373,4.924622368841439,997.2538473145814,0.6087455359663767,0.8531682971035075,3.2225538902742374e-05,5.5258119684010835e-05,0.02138690863188188,35,30.0,5.0,1000.0,1,three_faults
2025-11-24T20:09:42.105943+00:00,23.9434055563338,4.938491753907579,998.6398662465598,0.61878174784638,0.8540374876821417,4.0512811888503585e-05,2.6990553652425424e-05,0.02401913334321018,38,30.0,5.0,1000.0,1,three_faults
2025-11-24T20:09:43.106594+00:00,23.933084615158283,4.894654590394958,1006.0006563089397,0.6233251966556665,0.8500993847831116,7.086869163485896e-05,2.9756188821958928e-05,0.022170662135137034,33,30.0,5.0,1000.0,1,three_faults
2025-11-24T20:09:44.207090+00:00,23.95333372092341,4.88771989786189,1001.5656777444439,0.6313430803668336,0.8501357981135667,2.937120061212293e-05,6.482838212394952e-05,0.02540287758826171,38,30.0,5.0,1000.0,1,three_faults
2025-11-24T20:09:45.205761+00:00,24.011717426279585,4.882395044666853,1003.5376003756553,0.639898813877718,0.8519095162825334,8.441551155379e-05,1.574231826190641e-05,0.022840744563578035,34,30.0,5.0,1000.0,1,three_faults
2025-11-24T20:09:46.304223+00:00,24.018864987748177,4.801036241198516,1000.0751361468575,0.6470161743124311,0.8494847427798046,6.0310823575837976e-05,4.3460877837555e-05,0.025947567337706846,37,30.0,5.0,1000.0,1,three_faults
2025-11-24T20:09:47.307300+00:00,24.070713844221302,4.803389083307953,998.9306918025235,0.6491018961223727,0.8549894850657767,4.264916997082284e-06,4.9785270123833436e-05,0.023505333976765148,33,30.0,5.0,1000.0,1,three_faults
2025-11-24T20:09:48.407242+00:00,24.092372420393712,4.827041338197528,1005.1359537393535,0.6602233146351474,0.84991077920217,5.37488653563855e-05,3.7029107544633295e-05,0.02543706623906857,36,30.0,5.0,1000.0,1,three_faults
2025-11-24T20:09:49.509544+00:00,24.10429426603829,4.8097046068648535,1001.6008448033289,0.669500269368874,0.848655823939263,5.235280942866174e-05,4.300106410319289e-05,0.026528389395007082,39,30.0,5.0,1000.0,1,three_faults
2025-11-24T20:09:50.510359+00:00,24.136294885538298,4.825183831269028,997.1971759327382,0.6821743996690266,0.8523834004022139,5.093741816009034e-05,9.98526890660618e-05,0.024721089038890618,37,30.0,5.0,1000.0,1,three_faults
2025-11-24T20:09:51.613471+00:00,24.209656194586966,4.922393360527238,993.7197120570895,0.6743354228543068,0.8543792348935636,6.189293936018992e-05,6.390088160745419e-05,0.026438076896881338,36,30.0,5.0,1000.0,1,three_faults
2025-11-24T20:09:52.714732+00:00,28.248080886446655,4.855523111101208,997.4562024758906,0.5247755905417805,0.8511177710925518,4.435581808525234e-05,1.8066071676906072e-05,0.020816019791585042,39,30.0,5.0,1000.0,1,three_faults
2025-11-24T20:09:54.013545+00:00,29.76725421534519,4.834471365911532,1003.6722697299989,0.5110466865663484,0.8497913119244658,2.676317185290422e-05,3.290732469581496e-05,0.020225932683527598,37,30.0,5.0,1000.0,0,three_faults
2025-11-24T20:09:55.063776+00:00,29.76079057218802,4.871497670686314,1005.1684973065801,0.5127653218944495,0.8503715478248679,2.8796169761737728e-05,8.241633441838803e-05,0.018056368757150082,33,30.0,5.0,1000.0,0,three_faults
2025-11-24T20:09:56.112599+00:00,29.792282929027078,4.944683443669248,1002.8550819469646,0.5076895367914378,0.8507962222642355,5.392695192621426e-05,5.42301895915871e-05,0.020106677809084313,39,30.0,5.0,1000.0,0,three_faults
2025-11-24T20:09:56.920494+00:00,29.83651781441076,4.966849693016024,997.3022061148756,0.5097223966046162,0.8500635908464131,3.6152617726869225e-05,4.776003528907748e-05,0.018414628629053728,32,30.0,5.0,1000.0,0,three_faults
2025-11-24T20:09:58.020469+00:00,29.8214901033997,4.912486656908568,1000.328394332944,0.5115088481672335,0.851775200352911,9.643388372833193e-05,6.4108731668817e-06,0.020464238041989442,36,30.0,5.0,1000.0,0,three_faults
2025-11-24T20:09:59.021256+00:00,29.82044831105774,4.821097316026327,1002.5753217749073,0.5048551903466318,0.8484750552517728,2.4557568612854767e-05,4.485844528954468e-05,0.01794686455298689,34,30.0,5.0,1000.0,0,three_faults
2025-11-24T20:10:00.122665+00:00,29.836094998438128,4.885243221957222,998.9808373375421,0.5147274205902851,0.8519846573117502,3.572783306936846e-05,9.484074799058705e-05,0.02057756473447051,36,30.0,5.0,1000.0,0,three_faults
2025-11-24T20:10:01.123724+00:00,29.854882533346903,4.958676662530619,995.3507427548304,0.5053765405276626,0.8523636406253206,2.125212229570064e-05,4.53027033758086e-05,0.01777230037697113,31,30.0,5.0,1000.0,0,three_faults
2025-11-24T20:10:02.224802+00:00,29.840271337446207,4.9347767400505775,999.1210183178614,0.5139630565810133,0.8519170082764308,6.761789196050092e-05,1.5205772909589484e-05,0.020176819231837513,38,30.0,5.0,1000.0,0,three_faults
2025-11-24T20:10:03.225169+00:00,29.859468863195794,4.8510650944728075,1000.9473160421425,0.5103424349896789,0.850596295021545,6.792507362587947e-05,3.6220185024463174e-05,0.01818231655479236,30,30.0,5.0,1000.0,0,three_faults
2025-11-24T20:10:04.326367+00:00,29.85488636379698,4.857999787005877,1010.8893065358203,0.5128235762763367,0.8456613513511219,3.5828864653633485e-05,6.481330216501686e-05,0.020513255195306078,37,30.0,5.0,1000.0,0,three_faults
2025-11-24T20:10:05.327708+00:00,29.877854191033652,4.857875953210643,999.5516094943196,0.5101374986659926,0.8511218010342159,8.637526539620021e-05,2.9939813676045194e-05,0.018459951967773183,32,30.0,5.0,1000.0,0,three_faults
2025-11-24T20:10:06.427571+00:00,29.879941788393715,4.793606213484513,996.036183253622,0.5070343583677369,0.8514437251466064,5.558147317110826e-05,5.6863012752906696e-05,0.019783305781338016,38,30.0,5.0,1000.0,0,three_faults
2025-11-24T20:10:07.427999+00:00,29.882438141268477,4.799302568065252,1001.8428399338385,0.5068106271183794,0.8494457574828287,4.4396596418674634e-05,5.542420057782555e-05,0.01838831225443301,33,30.0,5.0,1000.0,0,three_faults
2025-11-24T20:10:08.429817+00:00,29.88933206064121,4.812924285540923,1008.1467592571391,0.5149507287696721,0.8483540616068417,2.8749063344059966e-05,3.22262340036646e-05,0.018359492292673574,33,30.0,5.0,1000.0,0,three_faults
2025-11-24T20:10:09.529058+00:00,29.898724582713907,4.82084964843586,996.3167444443429,0.5090318323073263,0.850623999598763,5.570401489502854e-05,0.00013492399179534443,0.0201719151888364,38,30.0,5.0,1000.0,0,three_faults
2025-11-24T20:10:10.630494+00:00,29.936329923019745,4.926108374384241,990.3215482633158,0.5015470504699415,0.8531103994804393,4.87921897883697e-05,3.328932183474004e-05,0.019656223668629506,39,30.0,5.0,1000.0,0,three_faults
2025-11-24T20:10:11.730189+00:00,29.934233683174497,4.903818291242231,1004.3344165727702,0.5145131445401475,0.8471306174544797,5.641164912131502e-05,1.3380174969621759e-05,0.020216861417524545,36,30.0,5.0,1000.0,0,three_faults
2025-11-24T20:10:12.730269+00:00,29.93297717141858,4.940968429812246,1002.2451233015188,0.5069580593335294,0.8506856313456046,2.762546722679493e-05,0.00010718385627860093,0.0183478472562145,34,30.0,5.0,1000.0,0,three_faults
2025-11-24T20:10:13.731373+00:00,29.914604829653012,4.9791092387441305,1000.7263226045185,0.5099941224235306,0.8474829043662291,3.615621128583364e-05,1.325396390842567e-05,0.018229607209000288,35,30.0,5.0,1000.0,0,three_faults
2025-11-24T20:10:14.872125+00:00,29.940501962431032,4.962020175001923,1004.8930135603046,0.5081956509132007,0.8499706418665951,3.0742597162617395e-05,2.9251884413308632e-05,0.020403020276717268,36,30.0,5.0,1000.0,0,three_faults
2025-11-24T20:10:15.931620+00:00,29.946778854375115,4.9298233882412426,997.7153722638635,0.5134073441717207,0.8502789099197205,3.276307292680357e-05,2.784815448775774e-05,0.020446908626685748,35,30.0,5.0,1000.0,0,three_faults
2025-11-24T20:10:17.101876+00:00,29.963498760230422,4.943445105716917,999.6480732470037,0.5086550486305031,0.84866249416932,5.354034411876397e-05,2.7123549833779165e-05,0.019970166601443576,37,30.0,5.0,1000.0,0,three_faults
2025-11-24T20:10:18.032186+00:00,29.974356091208442,4.870135498938748,1006.176979976835,0.5036599543786893,0.8462983970050384,4.91646939712334e-05,4.312197292968671e-05,0.018038453222314777,34,30.0,5.0,1000.0,0,three_faults
2025-11-24T20:10:19.199596+00:00,29.971846566194927,4.892673249671227,1002.1977531040652,0.5095483748625494,0.8503200315873134,3.6936980025372256e-05,6.400212329864171e-05,0.02004722523423838,36,30.0,5.0,1000.0,0,three_faults
2025-11-24T20:10:20.135632+00:00,29.997350258901616,4.975022723501427,987.593440088682,0.5029778090394642,0.8540680969582111,3.8182647829382486e-05,7.100557366359748e-05,0.01834445894756744,31,30.0,5.0,1000.0,0,three_faults
2025-11-24T20:10:21.298413+00:00,29.99066653121016,4.979356906334598,998.4785270274381,0.5089732437332893,0.8491238506425134,3.9636209910100286e-05,2.292844726368944e-05,0.02032606082885977,37,30.0,5.0,1000.0,0,three_faults
2025-11-24T20:10:22.234821+00:00,29.992753333417205,4.936881914569548,990.2909729407677,0.5090174924888029,0.8536783250233544,4.694729620721833e-05,3.427802771566493e-05,0.017976178885834644,33,30.0,5.0,1000.0,0,three_faults
2025-11-24T20:10:23.391990+00:00,30.011569780736053,4.895149925575893,1003.4121203467996,0.506175881728712,0.8497113842547328,6.0224458854615286e-05,3.2345531762275756e-05,0.019949903919631858,38,30.0,5.0,1000.0,0,three_faults
2025-11-24T20:10:24.333968+00:00,30.013453519352975,4.837443376997132,1002.9148050732944,0.5083378833404244,0.8513958377664735,8.757462648214504e-05,2.3142472035415594e-05,0.018274116748148855,32,30.0,5.0,1000.0,0,three_faults
2025-11-24T20:10:25.489406+00:00,30.007384799531007,4.803512917103186,1007.1552159136149,0.5073440851322094,0.8478032039861958,2.3892084481638943e-05,4.2569211120859115e-05,0.019958662450649676,37,30.0,5.0,1000.0,0,three_faults
2025-11-24T20:10:26.434098+00:00,30.00655127321058,4.810199942045789,1009.6154465404031,0.5050096757855588,0.8457867491367059,4.119078365713893e-05,2.9528241099352684e-05,0.018194384880092344,33,30.0,5.0,1000.0,0,three_faults
2025-11-24T20:10:27.586168+00:00,30.00947945713809,4.799797903246184,992.8095979673316,0.5115194673719069,0.8514798200252447,3.2011197796296644e-05,3.690900980750764e-05,0.02054757930485762,35,30.0,5.0,1000.0,0,three_faults
2025-11-24T20:10:28.637343+00:00,30.061777788460834,4.781222833961174,1001.0830830032515,0.5001627572495445,0.8475783128032927,7.488776020825663e-05,2.422725965110403e-05,0.01955000054989839,37,30.0,5.0,1000.0,0,three_faults
2025-11-24T20:10:29.684626+00:00,30.05257130818764,4.72846963719175,999.0414261135526,0.5080856770273214,0.849458823139089,4.631034937028603e-05,6.637779811017572e-05,0.018461034337855776,34,30.0,5.0,1000.0,0,three_faults
2025-11-24T20:10:30.634832+00:00,30.047961781285817,4.787043022337145,996.641677730121,0.5034581079348953,0.8520011608599078,3.979611677544442e-05,5.634171471039201e-05,0.01783531769810951,34,30.0,5.0,1000.0,0,three_faults
2025-11-24T20:10:31.635939+00:00,30.034156090368754,4.8047512550555185,1001.4370609949435,0.5085566942079023,0.8497001057526774,1.5184870930615508e-05,4.732720324224396e-05,0.018286735426066163,33,30.0,5.0,1000.0,0,three_faults
2025-11-24T20:10:32.735065+00:00,30.06176962147433,4.8332330279591975,1006.3802458403233,0.5041743322218138,0.8452935633027725,4.1403673524795794e-05,4.3550662912582854e-05,0.020111764040311498,36,30.0,5.0,1000.0,0,three_faults
2025-11-24T20:10:33.882927+00:00,30.076412192234645,4.833233027959198,996.3018113809917,0.5035960682351994,0.8510928184630525,6.0594611594732475e-05,3.768014784929808e-05,0.019893611110620307,37,30.0,5.0,1000.0,0,three_faults
2025-11-24T20:10:34.835760+00:00,30.084787970642225,4.821097316026327,1008.8572341198553,0.5019301887322329,0.847124845387988,1.7322005858179625e-05,5.307198938252706e-05,0.01839465983445276,32,30.0,5.0,1000.0,0,three_faults
2025-11-24T20:10:36.057505+00:00,30.091064057974112,4.900103277385228,1001.5752230538143,0.5060937621845643,0.8466774881262988,2.9821587786318314e-05,7.295827128902551e-05,0.020196810446257228,35,30.0,5.0,1000.0,0,three_faults
2025-11-24T20:10:37.024811+00:00,30.09399678771346,4.9096384796182,993.9203942029978,0.49903446460980827,0.8497459748086829,4.7851170009411564e-05,2.2672499746776678e-05,0.017795759605946974,31,30.0,5.0,1000.0,0,three_faults
2025-11-24T20:10:38.073993+00:00,30.10362453644831,4.888958235814223,996.3609243523454,0.506493930212277,0.8513913342566221,3.844492686850363e-05,4.697549703878045e-05,0.020398365064969264,35,30.0,5.0,1000.0,0,three_faults
2025-11-24T20:10:39.122459+00:00,30.100905651549294,4.911000651365766,996.5498050093026,0.49853107800015417,0.8505784866981886,4.1906406303029844e-05,3.7804023207234426e-05,0.01767955369903403,35,30.0,5.0,1000.0,0,three_faults
2025-11-24T20:10:40.059966+00:00,30.107809084065643,4.887843731657123,998.9309624971418,0.5040435993026937,0.8497787923544136,6.76736816188273e-05,5.3796501421818445e-05,0.01806390784306134,33,30.0,5.0,1000.0,0,three_faults
2025-11-24T20:10:41.221934+00:00,30.107811708064084,4.9062949671468985,1000.1148817184057,0.5027258974794292,0.8482216669630266,2.967519646401265e-05,6.832380776659756e-05,0.01967607218758876,35,30.0,5.0,1000.0,0,three_faults
2025-11-24T20:10:42.270071+00:00,30.09943624418336,4.91991668462257,999.0577659379983,0.5028436887030341,0.8506787331377281,5.2373705208161826e-05,1.1727309642014308e-05,0.020249730507125637,37,30.0,5.0,1000.0,0,three_faults
2025-11-24T20:10:43.336288+00:00,30.126658459808787,4.918678346670237,997.9124513544219,0.5017986244905193,0.8510271443342051,3.571503606137087e-05,6.641036570636795e-05,0.020177777087975815,38,30.0,5.0,1000.0,0,three_faults
2025-11-24T20:10:44.462174+00:00,30.118278038537923,4.901341615337563,1000.5258453220248,0.5018892585439698,0.849852350783624,7.366211770689366e-05,4.7609593996581066e-05,0.019665718026679543,35,30.0,5.0,1000.0,0,three_faults
2025-11-24T20:10:45.536842+00:00,30.137121489076616,4.917440008717903,1005.598664738252,0.5021597703529158,0.8480098856620124,1.9632154637794067e-05,8.640628136411136e-05,0.01971009433256746,40,30.0,5.0,1000.0,0,three_faults
2025-11-24T20:10:46.536317+00:00,30.12392674319874,4.981833582239267,1002.0107717724571,0.5025122154694868,0.8491691371129868,4.6173343341626844e-05,1.3710635857012318e-05,0.017933433921282785,35,30.0,5.0,1000.0,0,three_faults
2025-11-24T20:10:47.536569+00:00,30.144656941500777,4.915087166608467,1000.1889547615831,0.501660480568127,0.8497657651594945,4.997345981441235e-05,2.8353598011674777e-05,0.018126668113129286,34,30.0,5.0,1000.0,0,three_faults
2025-11-24T20:10:48.636786+00:00,30.139222756452185,4.9137249948609005,998.8682768258622,0.4972636119418166,0.8492687109676157,3.089428386233069e-05,8.468306736081722e-05,0.019783870609032365,39,30.0,5.0,1000.0,0,three_faults
2025-11-24T20:10:49.637274+00:00,30.153870564025027,5.0036283302003435,991.6613310001567,0.500962077021123,0.853041001513245,4.108251545521221e-05,4.7517678609512346e-05,0.018409332011143635,32,30.0,5.0,1000.0,0,three_faults
2025-11-24T20:10:50.738136+00:00,30.17272909584283,5.028890424427953,995.8343110723483,0.4957343625159384,0.8502634500731083,2.5158432411552967e-05,3.3396200467890745e-05,0.01971062929285,37,30.0,5.0,1000.0,0,three_faults
2025-11-24T20:10:51.736185+00:00,30.188445159985708,5.056753028355465,997.7718156826598,0.4958248975889298,0.8515970964048083,1.6841617732786415e-05,3.05251531642335e-05,0.017877307734945353,34,30.0,5.0,1000.0,0,three_faults
2025-11-24T20:10:52.836902+00:00,30.187405178441285,5.099475687710985,994.5205170212291,0.5065135659376145,0.8557650699544314,3.1714603251674865e-05,4.119322905062429e-05,0.019684812522320655,36,30.0,5.0,1000.0,0,three_faults
2025-11-24T20:10:53.936772+00:00,30.18530000604907,5.108144053377322,999.0385451660563,0.4934716189241515,0.848814871048114,3.473560669896966e-05,5.998545632843374e-05,0.02004255595592113,34,30.0,5.0,1000.0,0,three_faults
2025-11-24T20:10:55.036991+00:00,30.204155021484436,5.210926103421036,1005.0419951325904,0.4904393641259688,0.8516824877146368,4.2687895080570866e-05,4.767615472734405e-05,0.019213116017580786,38,30.0,5.0,1000.0,0,three_faults
2025-11-24T20:10:56.036282+00:00,30.19075538821761,5.220213638063539,992.8960850640602,0.5005466774046912,0.8539414730647392,3.456838225089646e-05,3.803847825828214e-05,0.018128464836714105,32,30.0,5.0,1000.0,0,three_faults
2025-11-24T20:10:57.136168+00:00,30.212537102680923,5.218356131135039,993.4006924817669,0.4960260362270122,0.8566043514993346,3.909250800672742e-05,4.555203737532095e-05,0.019580835100239686,40,30.0,5.0,1000.0,0,three_faults
2025-11-24T20:10:58.136305+00:00,30.186137334394573,5.14529419194734,1002.5388108161226,0.49778229476169616,0.8515017831443288,6.604375432492528e-05,2.1652506541453387e-05,0.018066222493302107,31,30.0,5.0,1000.0,0,three_faults
2025-11-24T20:10:59.244274+00:00,30.21253710142989,5.05365718347463,1001.8552285737799,0.4954732111250344,0.8513390690131012,8.56837242460283e-05,2.416482237433542e-05,0.01962278483681255,39,30.0,5.0,1000.0,0,three_faults
2025-11-24T20:11:00.296160+00:00,30.199963527481277,4.9382440863171135,999.9087976097283,0.49676384261590395,0.8523233331432121,6.65621677144347e-05,5.748783868316906e-05,0.0180721532125212,31,30.0,5.0,1000.0,0,three_faults
2025-11-24T20:11:01.343902+00:00,30.210444615837176,4.978118568382263,998.9988202119115,0.49282061015132345,0.8539799072431603,5.05086332101948e-05,9.012605601839576e-05,0.019517350543841232,40,30.0,5.0,1000.0,0,three_faults
2025-11-24T20:11:02.394395+00:00,30.204572457137864,5.0077148454430445,1003.4880516399305,0.4936838683854953,0.8508094522643453,6.341711779392254e-05,5.2211028374383516e-05,0.017957138845560168,32,30.0,5.0,1000.0,0,three_faults
2025-11-24T20:11:03.442914+00:00,30.213801289835487,4.99409312796737,998.0923799668333,0.49665025349124325,0.854729602873002,1.2975296330110576e-05,3.374268905370462e-05,0.017898258410217863,33,30.0,5.0,1000.0,0,three_faults
2025-11-24T20:11:04.490617+00:00,30.22301940628464,5.009077017190612,1002.0658205695913,0.49260705108624003,0.851715392874972,3.661654143401632e-05,1.571239301552228e-05,0.01984105103495539,37,30.0,5.0,1000.0,0,three_faults
2025-11-24T20:11:05.539324+00:00,30.25299147672444,4.984557925734402,1000.4012965600372,0.49002667687048823,0.8508736076832049,4.917074090871374e-05,5.089119683059434e-05,0.017502194551367114,33,30.0,5.0,1000.0,0,three_faults
2025-11-24T20:11:06.584291+00:00,30.231405378920087,4.995455299714939,1002.4848070704046,0.4970299418587052,0.8533554876600703,2.1629886736509326e-05,1.569902114967959e-05,0.019905592887612695,37,30.0,5.0,1000.0,0,three_faults
2025-11-24T20:11:07.637993+00:00,30.225116882896224,4.969450202715926,1002.4426182448068,0.4926114714949073,0.8477126934673986,8.055652787758075e-05,6.695022812158385e-05,0.01990543219914585,37,30.0,5.0,1000.0,0,three_faults
2025-11-24T20:11:08.659767+00:00,30.229937086521755,4.965487521268456,993.5124276177949,0.4909659099392063,0.8568446535280133,5.167002270290805e-05,6.828474118322699e-05,0.0175828663321631,33,30.0,5.0,1000.0,0,three_faults
2025-11-24T20:11:09.736500+00:00,30.241896020839246,5.00536200333361,994.5609941003561,0.48712738244834314,0.854268092016575,6.537208543689695e-05,5.9951953452297416e-05,0.018999699109662215,35,30.0,5.0,1000.0,0,three_faults
2025-11-24T20:11:10.736782+00:00,30.229949866695296,4.996817471462505,1005.446270046036,0.5020756134032942,0.8498880200792744,3.615845516137507e-05,7.783750628284764e-05,0.017983243152431442,33,30.0,5.0,1000.0,0,three_faults
2025-11-24T20:11:11.837070+00:00,30.239798596644047,5.111859067234324,993.4005954099835,0.48333641373614183,0.8558177407265646,2.9546602136484473e-05,6.853166660935594e-05,0.019121808683914263,38,30.0,5.0,1000.0,0,three_faults
2025-11-24T20:11:12.938310+00:00,30.246088765033438,5.181205992565022,1011.294671225343,0.49132611654182073,0.8489679604705903,3.1182881685568936e-05,2.6627165495104255e-05,0.01917272447101664,36,30.0,5.0,1000.0,0,three_faults
2025-11-24T20:11:13.937192+00:00,30.246085694867453,5.19433237485976,1003.9561218078155,0.4875805754726164,0.8500020114763436,5.987544339289575e-06,2.227235148141865e-05,0.01759395979624293,31,30.0,5.0,1000.0,0,three_faults
2025-11-24T20:11:14.936655+00:00,30.248388053636074,5.206591920587867,1003.2980045413653,0.49188040875966654,0.8508952563269524,4.017448625219653e-05,3.7704029305692445e-05,0.017668448094837447,31,30.0,5.0,1000.0,0,three_faults
2025-11-24T20:11:15.938273+00:00,30.241467653371366,5.227024496801375,1007.6111277650009,0.4858828626246165,0.8482273743998976,5.0840963863631746e-05,4.80048053156562e-05,0.017610722457491616,35,30.0,5.0,1000.0,0,three_faults
2025-11-24T20:11:17.037233+00:00,30.258656849632565,5.2406462142770485,1011.1288507866608,0.48958862144033977,0.8459047440739815,3.8804171076983116e-05,5.7877300551374886e-05,0.0191561820465527,36,30.0,5.0,1000.0,0,three_faults
2025-11-24T20:11:18.036894+00:00,30.248394780708793,5.25426793175272,1007.0592003092736,0.48731035400466316,0.8439864545833846,5.905959296974668e-05,4.575661970201777e-05,0.018011377767756236,31,30.0,5.0,1000.0,0,three_faults
2025-11-24T20:11:19.137244+00:00,30.264956468400673,5.188636020279026,1002.6590851216366,0.4865367265802337,0.8479945306724788,5.4215649595736585e-05,4.14496496634263e-05,0.019051032151782995,38,30.0,5.0,1000.0,0,three_faults
2025-11-24T20:11:20.237564+00:00,30.25028144560083,5.111859067234324,995.5751363005355,0.4930500275140492,0.8466408929496306,5.3409675983459424e-05,3.1908327588752505e-05,0.019751112126851014,36,30.0,5.0,1000.0,0,three_faults
2025-11-24T20:11:21.354352+00:00,30.28173284809933,5.126719122662331,999.8324143323279,0.4809370676588195,0.8485646149968982,6.649788419895285e-05,6.625336518449934e-05,0.0191355677927926,35,30.0,5.0,1000.0,0,three_faults
2025-11-24T20:11:22.436814+00:00,30.25866968979782,5.051180507569962,1003.0004680954535,0.490919756055002,0.8449708045948644,7.420679522287967e-05,1.5669127866740988e-05,0.01991139636419538,35,30.0,5.0,1000.0,0,three_faults
2025-11-24T20:11:23.436874+00:00,30.252995758702337,5.002266158452775,1008.7769090456117,0.4817495406901798,0.8457298154326425,1.5900145910692383e-05,4.759581325761248e-05,0.01720995068414599,31,30.0,5.0,1000.0,0,three_faults
2025-11-24T20:11:24.437609+00:00,30.269141943889622,5.026785249908986,998.9385844151626,0.48677609547597545,0.8467866255466232,5.676078532132856e-05,7.39257654994106e-05,0.017807274287608314,34,30.0,5.0,1000.0,0,three_faults
2025-11-24T20:11:25.452631+00:00,30.287606992597272,5.112602070005723,992.0775592011483,0.4858027584017261,0.8476187751026707,4.5052960595975405e-05,4.4195769564128364e-05,0.018023299451194054,31,30.0,5.0,1000.0,0,three_faults
2025-11-24T20:11:26.436915+00:00,30.280680440469098,5.0771856045689745,1001.4612213122488,0.4832931816325341,0.84778589005777,4.3225703288631434e-05,5.681234875186837e-05,0.017609957005247024,32,30.0,5.0,1000.0,0,three_faults
2025-11-24T20:11:27.537180+00:00,30.27334411224122,5.104429039520321,998.0854056158634,0.48968202266462607,0.846157073830489,1.7423035780414905e-05,2.3692210915914782e-05,0.019113431321929393,38,30.0,5.0,1000.0,0,three_faults
2025-11-24T20:11:28.637019+00:00,30.30690075560418,5.188636020279025,996.0550869853621,0.4763883591501423,0.8502652016425258,4.8656538370074666e-05,7.831594586686804e-05,0.018844779780088753,35,30.0,5.0,1000.0,0,three_faults
2025-11-24T20:11:29.737112+00:00,30.275434894249482,5.144055853995006,996.5002013336808,0.4823357239358753,0.8488373772561644,8.084733998912387e-05,5.98596531714215e-05,0.01881801243638307,34,30.0,5.0,1000.0,0,three_faults
2025-11-24T20:11:30.737789+00:00,30.292217105647985,5.186159344374357,1002.6809771465878,0.4824732209846318,0.8468830285139924,1.7989929371883955e-05,4.6430365744995096e-05,0.0172408066006786,31,30.0,5.0,1000.0,0,three_faults
2025-11-24T20:11:31.836608+00:00,30.292215161665492,5.234454524515379,1001.9370687981998,0.4852762865126511,0.8465380670808578,5.0663521671046136e-05,3.54376131236634e-05,0.019447739281774838,37,30.0,5.0,1000.0,0,three_faults
2025-11-24T20:11:32.937997+00:00,30.290114909327908,5.277796352847065,1008.1530538085063,0.4795557634588261,0.8443471598855621,6.353777471711752e-05,8.44934969104803e-05,0.018670998658356933,36,30.0,5.0,1000.0,0,three_faults
2025-11-24T20:11:34.037412+00:00,30.27333798423015,5.267889649228393,1000.7611148737828,0.48183501097669823,0.8485067740503006,5.882735287964791e-05,4.215740675309959e-05,0.01885237850130644,36,30.0,5.0,1000.0,0,three_faults
2025-11-24T20:11:35.227153+00:00,30.285921095527247,5.15891590942301,995.2621873431875,0.4831587295260356,0.8480857396839228,7.519421155219923e-05,4.1100302433600715e-05,0.019390092872175274,34,30.0,5.0,1000.0,0,three_faults
2025-11-24T20:11:36.273894+00:00,30.285927234783426,5.106905715424987,996.248412051261,0.479527551440234,0.848887956863755,6.972108687664029e-05,5.0537223141302135e-05,0.01921883599977226,37,30.0,5.0,1000.0,0,three_faults
2025-11-24T20:11:37.322925+00:00,30.27836710826561,5.007714845443044,991.9658376453147,0.48279930537810695,0.8504766746761983,7.977474017220941e-05,2.3482937845454826e-05,0.017482699911884995,33,30.0,5.0,1000.0,0,three_faults
2025-11-24T20:11:38.371853+00:00,30.294322655296778,4.907533305099232,998.565727929884,0.47631799954729276,0.8494860835813672,7.900293587291355e-05,2.8031376149234647e-05,0.01873522349052671,36,30.0,5.0,1000.0,0,three_faults
2025-11-24T20:11:39.423009+00:00,30.299153498611844,4.866048983696046,989.9014799501485,0.47776824974168547,0.8528254619151452,1.8658866379073304e-05,3.118624309727225e-05,0.017693094813472775,32,30.0,5.0,1000.0,0,three_faults
2025-11-24T20:11:40.469532+00:00,30.288019126325445,4.865429814719879,1009.7990932569396,0.4799825610774263,0.8458284156128552,4.271493198841231e-05,4.9166721902745024e-05,0.018938657300423604,37,30.0,5.0,1000.0,0,three_faults
2025-11-24T20:11:41.538608+00:00,30.26285567191073,4.888958235814224,999.6877933323032,0.4782560823163072,0.8490245240427163,7.520252285597678e-05,5.349305789957432e-05,0.01909706228434292,37,30.0,5.0,1000.0,0,three_faults
2025-11-24T20:11:42.636864+00:00,30.269149743050324,4.859238124958211,1003.3670943909051,0.4851608144278121,0.8459740546550634,5.2719604128196777e-05,2.947124870320719e-05,0.01929956086659241,34,30.0,5.0,1000.0,0,three_faults
2025-11-24T20:11:43.636848+00:00,30.27837569146866,4.797940396317682,991.9802003651779,0.4697884743996438,0.8511730911428123,4.3905310026763404e-05,1.2930637615054525e-05,0.0169859708020346,33,30.0,5.0,1000.0,0,three_faults
2025-11-24T20:11:44.737372+00:00,30.281740666013807,4.787414523722844,1003.8586002801302,0.4850440767260236,0.8503195405582461,5.8427681116031294e-05,8.312416316035958e-05,0.019485708894193658,37,30.0,5.0,1000.0,0,three_faults
2025-11-24T20:11:45.749333+00:00,30.296832140475164,4.785680850589577,1001.0266813982602,0.4719303497819041,0.8479282891025232,4.4237407714608816e-05,1.4228877317332792e-05,0.01698667870346746,32,30.0,5.0,1000.0,0,three_faults
2025-11-24T20:11:46.761547+00:00,30.296833373320833,4.7856808505895785,1007.1054229597673,0.4797966967561755,0.8465103228011343,2.292412328586881e-05,4.7358552683441117e-05,0.016970936161125407,32,30.0,5.0,1000.0,0,three_faults
2025-11-24T20:11:47.810144+00:00,30.2829870414951,4.795216052822548,1006.658105806425,0.4727805321159453,0.8457313037600622,4.966677839675781e-05,2.7425622853514014e-05,0.017400388090133723,36,30.0,5.0,1000.0,0,three_faults
2025-11-24T20:11:48.857688+00:00,30.279649251268413,4.772554468294838,1000.7598640564885,0.4792371730405121,0.8469501339204402,7.341209753199056e-05,7.039866317534188e-05,0.018780271614577747,38,30.0,5.0,1000.0,0,three_faults
2025-11-24T20:11:49.937651+00:00,30.28592277918685,4.7713161303425045,992.5914067494397,0.4743439548942581,0.8495086266934696,4.616472490720511e-05,5.5228370126015266e-05,0.018625395819422793,38,30.0,5.0,1000.0,0,three_faults
2025-11-24T20:11:51.036743+00:00,30.290118252892906,4.779984496008842,1005.8425516143722,0.4705705575563747,0.8441815000026693,5.65553324702754e-05,2.2732425791984697e-05,0.018603422803654936,36,30.0,5.0,1000.0,0,three_faults
2025-11-24T20:11:52.137093+00:00,30.28382979564619,4.755217736962164,992.8897709129247,0.4789226411767649,0.8513411285845862,7.596227819256483e-05,6.243242541382071e-05,0.018723502015774014,36,30.0,5.0,1000.0,0,three_faults
2025-11-24T20:11:53.137010+00:00,30.259925369592757,4.713485747968511,997.0286113831238,0.4750397169177719,0.8496535658234992,4.399059824362411e-05,4.804793403350906e-05,0.017297236838650722,32,30.0,5.0,1000.0,0,three_faults
2025-11-24T20:11:54.237165+00:00,30.29851034732579,4.727974302010818,1000.5285840726461,0.4712484520305123,0.8459817094909425,5.324535620076844e-05,5.560373114915974e-05,0.019078655752820892,37,30.0,5.0,1000.0,0,three_faults
2025-11-24T20:11:55.437689+00:00,30.292214047144792,4.770077792390168,995.5097529260195,0.4710303649962049,0.852076335577749,5.377672216560196e-05,0.00012129037825633496,0.0183368141706648,35,30.0,5.0,1000.0,0,three_faults
2025-11-24T20:11:56.358558+00:00,30.29914675367588,4.864686811948478,992.2905111983015,0.476070701938143,0.8507189189938884,6.159405166090458e-05,0.00015422148547998479,0.017725601800346685,33,30.0,5.0,1000.0,0,three_faults
2025-11-24T20:11:57.440051+00:00,30.292225251187947,5.000408651524275,1000.6317435699234,0.47126831595998697,0.8504781084330495,5.498190459890236e-05,7.053693810228882e-05,0.01878426352305487,37,30.0,5.0,1000.0,0,three_faults
2025-11-24T20:11:58.437831+00:00,30.317599501356465,5.007714845443043,995.5081455447838,0.46756432323600494,0.8517353694014602,5.9030143679164536e-05,5.2303553914053186e-05,0.016960280102527144,32,30.0,5.0,1000.0,0,three_faults
2025-11-24T20:11:59.537686+00:00,30.311098490869075,5.011553693095277,996.2559606893886,0.47408756889405984,0.8516631659547186,3.325516689006701e-05,4.1250502249389315e-05,0.01864060931316142,39,30.0,5.0,1000.0,0,three_faults
2025-11-24T20:12:00.637441+00:00,30.25866409340676,4.999170313571939,1002.2410864645838,0.46892792214100165,0.8501227165093922,5.195370492340359e-05,3.921235875295106e-05,0.01892656454773111,36,30.0,5.0,1000.0,0,three_faults
2025-11-24T20:12:01.638073+00:00,30.27144976263936,5.010439188938179,999.1884423084639,0.4737247147715603,0.8514442418763322,3.6442124682985156e-05,5.7234147806827434e-05,0.01691967206980379,34,30.0,5.0,1000.0,0,three_faults
2025-11-24T20:12:02.737469+00:00,30.315292846286766,5.035082114189623,995.0323505850622,0.47061307350081166,0.8523539757909039,3.669415226642297e-05,2.999887880769319e-05,0.018979591288816825,38,30.0,5.0,1000.0,0,three_faults
2025-11-24T20:12:03.737846+00:00,30.280684140396552,5.009077017190612,991.8291966045238,0.46905286040286526,0.8561287703165446,3.076980017911984e-05,1.9548624982647405e-05,0.017023878363582948,31,30.0,5.0,1000.0,0,three_faults
2025-11-24T20:12:04.737486+00:00,30.3014471849228,5.009077017190609,993.0022205894569,0.467997209452147,0.8556619889151772,6.131368395275449e-05,4.8424028866748946e-05,0.016966412830727782,32,30.0,5.0,1000.0,0,three_faults
2025-11-24T20:12:05.836761+00:00,30.29221906312431,4.995455299714937,997.2249086072029,0.4701304312392166,0.8536174628146466,3.8019503275361316e-05,4.699911680192552e-05,0.01866157560108197,33,30.0,5.0,1000.0,0,three_faults
2025-11-24T20:12:07.006414+00:00,30.29851314426952,4.984310258143931,1010.6217784205393,0.471644980367089,0.8502900800160492,3.3207160691922546e-05,4.0203919602008374e-05,0.018517213589912145,37,30.0,5.0,1000.0,0,three_faults
2025-11-24T20:12:07.937462+00:00,30.23915982775506,5.019974391171148,1003.991306369186,0.4711422681292522,0.85021517957162,2.87194461747582e-05,3.884252876934513e-05,0.016953549531994593,32,30.0,5.0,1000.0,0,three_faults
2025-11-24T20:12:09.056315+00:00,30.26494534815421,5.098237349758651,1000.8986255665747,0.46770033666486094,0.8520150513324137,1.9194510230816242e-05,9.117390517681336e-05,0.019210278395455794,38,30.0,5.0,1000.0,0,three_faults
2025-11-24T20:12:10.136850+00:00,30.325789671174377,5.213402779325704,1010.7527085071387,0.46102016744838503,0.8458894994929989,7.238048780726032e-05,2.6825481094531026e-05,0.018428471978235654,38,30.0,5.0,1000.0,0,three_faults
2025-11-24T20:12:11.204969+00:00,30.285290579641526,5.115326413500859,1002.253754639705,0.47315282006430326,0.852074417034743,2.2880548119394695e-05,3.552559534961461e-05,0.01741520724406643,35,30.0,5.0,1000.0,0,three_faults
2025-11-24T20:12:12.333232+00:00,30.281723382779987,5.279034690799398,994.3246684172638,0.4637657977028692,0.8498937145014301,1.4266993545367223e-05,7.425965460131878e-05,0.018741578060086587,37,30.0,5.0,1000.0,0,three_faults
2025-11-24T20:12:13.337350+00:00,30.288031965223706,5.334759898654425,1004.0669942849152,0.46634787106269593,0.8501026345895376,5.4678699590379694e-05,6.913963885289194e-05,0.01845624219685317,37,30.0,5.0,1000.0,0,three_faults
2025-11-24T20:12:14.460432+00:00,30.29851311177514,5.344666602273096,999.979650923573,0.4645155023960877,0.8512599727718505,8.742881520828964e-05,1.9693470482788907e-05,0.018229800451338478,40,30.0,5.0,1000.0,0,three_faults
2025-11-24T20:12:15.600191+00:00,30.273336870959067,5.214641117278037,1005.5130311135528,0.46920743745448373,0.8474987434770224,5.2014204410075015e-05,0.00010420375841450363,0.018901171503168022,38,30.0,5.0,1000.0,0,three_faults
2025-11-24T20:12:16.652114+00:00,30.296408972965484,5.316184829369417,1001.0964991348653,0.46375213714498814,0.849604271380599,4.9591808464897486e-05,4.6765724649917746e-05,0.018493626401322887,38,30.0,5.0,1000.0,0,three_faults
2025-11-24T20:12:17.698403+00:00,30.28760024628993,5.312841316898115,997.6203480814429,0.46587554351668503,0.8495302898149181,7.057595972646159e-05,3.592761793348366e-05,0.01676379897292319,34,30.0,5.0,1000.0,0,three_faults
2025-11-24T20:12:18.746052+00:00,30.275437122044153,5.16139258532768,1004.9219721325697,0.4668396461662672,0.8484074459598603,7.007842017723667e-05,5.85989745650796e-05,0.018774694305715774,38,30.0,5.0,1000.0,0,three_faults
2025-11-24T20:12:19.836901+00:00,30.288020797484577,5.166345937137016,994.8412222269824,0.4606564990334103,0.8510926823068478,5.5118217762631816e-05,3.504268461399847e-05,0.018124000314702918,39,30.0,5.0,1000.0,0,three_faults
2025-11-24T20:12:20.939669+00:00,30.258662401035814,5.137864164233336,1000.3445336181143,0.4644226616449887,0.8501851830603496,5.7237830101568003e-05,4.654630954357663e-05,0.0185110354334238,35,30.0,5.0,1000.0,0,three_faults
2025-11-24T20:12:22.037683+00:00,30.267043362707412,5.059848873236301,1006.2589437616764,0.4637745216251807,0.8463647518431089,4.461774741855403e-05,3.4990295349659255e-05,0.01843345261667977,37,30.0,5.0,1000.0,0,three_faults
2025-11-24T20:12:23.137982+00:00,30.26284899477188,5.07594726661664,1003.6554168239676,0.46566044963485936,0.8489300897033923,3.364738565786876e-05,4.581251445646606e-05,0.018023147286811512,36,30.0,5.0,1000.0,0,three_faults
2025-11-24T20:12:24.188231+00:00,30.27375514181157,5.108515554763022,1006.7331157896891,0.46160646360146523,0.842695419050464,4.2891048873945885e-05,5.849870907355205e-05,0.016510815736498874,31,30.0,5.0,1000.0,0,three_faults
2025-11-24T20:12:25.238046+00:00,30.25027032782051,5.104429039520322,997.2249638977714,0.4663966212158304,0.8497303324557137,6.983317169198572e-05,4.557230781779155e-05,0.018520209430418412,37,30.0,5.0,1000.0,0,three_faults
2025-11-24T20:12:26.286182+00:00,30.250695276568955,5.085358635054378,1007.7438664436022,0.4592870148752774,0.8429763334861005,1.6410149931305903e-05,3.939937995047208e-05,0.016630258065875217,32,30.0,5.0,1000.0,0,three_faults
2025-11-24T20:12:27.297713+00:00,30.250695876511134,5.097618180782484,993.3408848324295,0.46366650472508797,0.8497359312211433,8.641589584618902e-05,4.624096776852029e-05,0.01671541413892261,34,30.0,5.0,1000.0,0,three_faults
2025-11-24T20:12:28.344953+00:00,30.279638174622004,5.0276520864756185,998.7356166305627,0.4600954529330766,0.849362305048638,4.807811525435859e-05,4.665565355513586e-05,0.018679607256411823,37,30.0,5.0,1000.0,0,three_faults
2025-11-24T20:12:29.367794+00:00,30.257605896501786,5.107153383015454,990.9392965359426,0.463868796821887,0.850644100455191,2.08438582005441e-05,5.9629309066907546e-05,0.01640160363877887,33,30.0,5.0,1000.0,0,three_faults
2025-11-24T20:12:30.446961+00:00,30.243991272166866,5.151485881709008,994.8193237879254,0.456245963449463,0.8501782346072972,4.9533854300696335e-05,5.538493660026878e-05,0.018207040398025023,36,30.0,5.0,1000.0,0,three_faults
2025-11-24T20:12:31.528131+00:00,30.273757593757114,5.1139642417532905,1000.4929135920235,0.46499826262732336,0.8493460128227832,7.862377082823732e-05,3.9583847723872216e-05,0.01717509955497024,33,30.0,5.0,1000.0,0,three_faults
2025-11-24T20:12:32.576327+00:00,30.252369450670777,5.014030368999946,995.7886854870841,0.46060077880868455,0.8515091789000198,6.551925191423498e-05,4.149829053837714e-05,0.018456859520282608,35,30.0,5.0,1000.0,0,three_faults
2025-11-24T20:12:33.537479+00:00,30.24146764789203,4.968211864763593,1002.1527052338419,0.45826775261972685,0.849931007446527,5.268557306834155e-05,2.089493598129504e-05,0.016262230784157148,31,30.0,5.0,1000.0,0,three_faults
2025-11-24T20:12:34.638703+00:00,30.233496732567872,4.945921781621582,1002.9446878555948,0.46375381324069953,0.8480287253850498,4.25529599409229e-05,7.318447981103492e-05,0.018568396060953063,34,30.0,5.0,1000.0,0,three_faults
2025-11-24T20:12:35.737360+00:00,30.231420872494024,4.995455299714938,1000.9958929298252,0.4624219349973009,0.8509521632848529,2.3041698212434082e-05,3.40608555187938e-05,0.017844779346254912,36,30.0,5.0,1000.0,0,three_faults
2025-11-24T20:12:36.737197+00:00,30.22993405106888,4.983195753986834,1001.2899154486862,0.45881223453017633,0.8482470371755413,4.371281420242406e-05,6.733493353919053e-06,0.016407751678139095,30,30.0,5.0,1000.0,0,three_faults
2025-11-24T20:12:37.849458+00:00,30.229310156278963,4.939730091859912,1001.7434509209172,0.4554106806010296,0.8489102514071374,7.498848214668936e-05,5.9654039017859136e-05,0.018107054387911728,37,30.0,5.0,1000.0,0,three_faults
2025-11-24T20:12:38.837831+00:00,30.239160435936782,4.882395044666854,998.0747465566823,0.4602190748379738,0.8486467269262313,1.5041271509901388e-05,3.831024807089957e-05,0.01621628247273504,32,30.0,5.0,1000.0,0,three_faults
2025-11-24T20:12:39.936768+00:00,30.24608096711861,4.950875133430917,985.9226012246257,0.46063118575860945,0.8549389824822474,1.1239848466808483e-05,4.067703803320184e-05,0.01877022671583802,38,30.0,5.0,1000.0,0,three_faults
2025-11-24T20:12:40.937306+00:00,30.22302890069509,5.013163532433313,999.39395713339,0.46360180790896655,0.8509867539095051,2.0204524821265543e-05,4.5143618338924725e-05,0.016760185374819304,34,30.0,5.0,1000.0,0,three_faults
2025-11-24T20:12:41.938283+00:00,30.225335493468908,5.015887875928447,1000.8555008502187,0.451464881323785,0.8513465011459997,5.546275439159928e-05,3.7030066068746275e-05,0.008215920037962404,34,30.0,5.0,1000.0,1,three_faults
2025-11-24T20:12:43.037806+00:00,30.19367492199309,5.004123665381274,990.3554892154572,0.4624689406874655,0.8561305377378723,5.482270100673317e-05,2.9559820217430318e-05,0.009184683957845972,35,30.0,5.0,1000.0,1,three_faults
2025-11-24T20:12:44.136982+00:00,30.147601578618325,4.9657351888589245,1003.2749268683857,0.46048061301271,0.8492137344258708,1.7734200897011476e-05,2.8286347063373652e-05,0.00889467710505273,39,30.0,5.0,1000.0,1,three_faults
2025-11-24T20:12:45.137972+00:00,30.11702692701889,4.964125349520891,1009.1832737300161,0.4695245061548875,0.8490458150644733,4.017643706884923e-05,3.03137685089922e-05,0.008439881484305968,35,30.0,5.0,1000.0,1,three_faults
2025-11-24T20:12:46.246639+00:00,30.04085443735227,4.969450202715927,1001.7889814486684,0.4668403620568277,0.8511664514721363,2.5633428447107514e-05,5.828289292321843e-05,0.009111354255651126,35,30.0,5.0,1000.0,1,three_faults
2025-11-24T20:12:47.236760+00:00,29.995048517880655,5.056753028355466,995.5250089328841,0.46392091887485387,0.8510056153509703,2.969127280785326e-05,4.8714894560559696e-05,0.008430742178482385,36,30.0,5.0,1000.0,1,three_faults
2025-11-24T20:12:48.336757+00:00,29.988582173066142,5.09452233590165,999.5785078751065,0.46744168055275764,0.8510604875609554,3.638446786687343e-05,4.325956243729915e-05,0.00912430387580774,37,30.0,5.0,1000.0,1,three_faults
2025-11-24T20:12:49.337561+00:00,29.923793402471524,5.0703747458311375,1002.9905422064182,0.46864351594944076,0.8498539159323217,2.8604619597610868e-05,1.1451575547167098e-05,0.008447782259813045,35,30.0,5.0,1000.0,1,three_faults
2025-11-24T20:12:50.445421+00:00,29.942593896531672,5.0412738039512925,998.8325435644016,0.4658762903978486,0.8525034425634735,7.661083095988873e-05,5.587726473386155e-05,0.00904477333405109,39,30.0,5.0,1000.0,1,three_faults
2025-11-24T20:12:51.437985+00:00,29.86636275966244,5.037682623889524,1002.0365207321113,0.4718916708714964,0.8489350859695893,3.959483790452234e-05,5.677660968408755e-05,0.008554649156471491,33,30.0,5.0,1000.0,1,three_faults
2025-11-24T20:12:52.537271+00:00,29.840272925941623,5.093283997949316,998.4567030998845,0.4780548643117921,0.8523200011071435,7.471602723339435e-05,8.465903923282802e-05,0.009428252652625172,36,30.0,5.0,1000.0,1,three_faults
2025-11-24T20:12:53.537507+00:00,29.7883122407943,5.098980352530052,1002.6612055656215,0.4690090763789693,0.8508304351450413,2.3767169395822213e-05,3.417908015000968e-05,0.00820522312466914,33,30.0,5.0,1000.0,1,three_faults
2025-11-24T20:12:54.645790+00:00,29.76724892032989,2.4977276498574703,995.8442736580811,0.4756489560343981,0.8522304250682313,2.1152015007020037e-05,9.08804952546855e-05,0.009537418893140904,38,30.0,5.0,1000.0,1,three_faults
2025-11-24T20:12:55.637883+00:00,29.75849827285466,2.3255986744830595,999.4965941431194,0.4729516969504098,0.8500845679552903,3.622572101164934e-05,0.00014647925558589192,0.008556491778573348,32,30.0,5.0,1000.0,1,three_faults
2025-11-24T20:12:56.638353+00:00,29.71492635942777,4.02014032845676,1009.9714294155044,0.4805776227942514,0.8465261288261144,5.120763514343254e-05,7.469707946742336e-05,0.00844148034500586,32,30.0,5.0,1000.0,1,three_faults
2025-11-24T20:12:57.737376+00:00,29.66513155210249,4.410959786213335,1002.7962457789446,0.48111953722298045,0.8508799500796271,2.7729085974170574e-05,0.0001284429352479589,0.00943010159026184,38,30.0,5.0,1000.0,1,three_faults
2025-11-24T20:12:58.741275+00:00,29.64160180877376,4.754350900395529,995.7187981100438,0.47917203953600584,0.8509414825859445,2.9680546831238196e-05,0.00010812618505284647,0.008381863709173454,34,30.0,5.0,1000.0,1,three_faults
2025-11-24T20:12:59.737509+00:00,29.614111947758527,4.845616407482537,996.1109151716888,0.48054894923350167,0.8512723706364935,2.665497749259369e-05,6.154883901969667e-05,0.008486235780595555,32,30.0,5.0,1000.0,1,three_faults
2025-11-24T20:13:00.837560+00:00,29.56520912145672,4.908771643051565,990.6705861335901,0.48696119701887036,0.8554670792960443,2.7498949605569383e-05,6.329295742045715e-05,0.009668578567051686,36,30.0,5.0,1000.0,1,three_faults
2025-11-24T20:13:01.837332+00:00,29.527133480194955,4.9600388342781905,999.124059690966,0.4810717218786794,0.8498455274695054,4.963290107106769e-05,6.535847411459179e-05,0.008907824075467353,32,30.0,5.0,1000.0,1,three_faults
2025-11-24T20:13:02.838790+00:00,29.52484690388735,4.966849693016025,1004.2675665896711,0.48878906515151055,0.8523001887300815,5.2995367568062836e-05,3.284289722452288e-05,0.008725680088668732,33,30.0,5.0,1000.0,1,three_faults
2025-11-24T20:13:03.937419+00:00,29.471618878260482,4.921155022574904,996.5859089203229,0.49193975240172955,0.8518709208160463,3.068647474535879e-05,2.562424327902585e-05,0.009824898453911378,35,30.0,5.0,1000.0,1,three_faults
2025-11-24T20:13:05.037735+00:00,29.442529641642057,4.921155022574904,1004.7542382959916,0.4904973082222535,0.8514973527614533,4.219071233805944e-05,4.161062716173409e-05,0.009904214144775568,39,30.0,5.0,1000.0,1,three_faults
2025-11-24T20:13:06.035828+00:00,29.40595444956632,4.936881914569546,1004.0841288974483,0.4925838172514303,0.8503256699794838,5.242835139155245e-05,5.8832046490253184e-05,0.008994056400786736,36,30.0,5.0,1000.0,1,three_faults
2025-11-24T20:13:07.137159+00:00,29.413435857778698,4.900103277385228,1003.3343149633715,0.4941149586790091,0.8463583269328269,5.2724933662139185e-05,2.958356087366133e-05,0.00996120944576242,35,30.0,5.0,1000.0,1,three_faults
2025-11-24T20:13:08.137330+00:00,29.362552653075944,4.921898025346303,1007.3721914927512,0.49332618509169057,0.8487467865768688,1.400058589270237e-05,4.5387103096758e-05,0.00894640447958903,33,30.0,5.0,1000.0,1,three_faults
2025-11-24T20:13:09.140646+00:00,29.30775436178984,4.857875953210642,1002.8538224746217,0.5018162281095948,0.8480846177591583,8.47874406915574e-05,1.4787642103653316e-05,0.008952615564752749,33,30.0,5.0,1000.0,1,three_faults
2025-11-24T20:13:10.237327+00:00,29.299253643881784,4.85304643519654,999.1995213168046,0.49945322111805746,0.8493182860034075,2.5641395317264282e-05,3.456850557417753e-05,0.009979810806232395,38,30.0,5.0,1000.0,1,three_faults
2025-11-24T20:13:11.337607+00:00,29.251543002046198,4.845616407482537,993.5429443296724,0.5010006143161312,0.8513065208736961,3.119039679907332e-05,4.454917753394656e-05,0.009954034568233168,36,30.0,5.0,1000.0,1,three_faults
2025-11-24T20:13:12.437770+00:00,29.222516178497223,4.887719897861889,1003.3610146135143,0.505174981476066,0.8489947854497103,7.536210272650254e-05,6.103042613922259e-05,0.00992436144721044,37,30.0,5.0,1000.0,1,three_faults
2025-11-24T20:13:13.569370+00:00,29.181071586215925,4.88152820810022,1001.1920098135596,0.5066135344427456,0.8501769198901914,3.403126659141154e-05,8.450272185567834e-05,0.010196708371410028,38,30.0,5.0,1000.0,1,three_faults
2025-11-24T20:13:14.537137+00:00,29.177749731966394,4.919173681851172,1003.9521287137841,0.5091486088408158,0.8465661571477042,3.514635816823455e-05,1.4728922270315262e-05,0.009049691752441516,33,30.0,5.0,1000.0,1,three_faults
2025-11-24T20:13:15.718966+00:00,29.15412940467602,4.924870036431906,991.0853427186462,0.5087441889583784,0.8534983966021557,2.5534706923045644e-05,6.999548960885931e-05,0.010181149906342765,36,30.0,5.0,1000.0,1,three_faults
2025-11-24T20:13:16.737313+00:00,29.108570385529262,4.944683443669249,1004.3313040914028,0.5104268716436557,0.8480629097388573,3.803095102833339e-05,2.9448571546325357e-05,0.010059075483464627,40,30.0,5.0,1000.0,1,three_faults
2025-11-24T20:13:17.737035+00:00,29.093458340641643,4.921898025346305,1002.2808107693206,0.5190384824026765,0.8476527272924427,7.508934160385901e-05,4.878786633017034e-05,0.009312246860484345,33,30.0,5.0,1000.0,1,three_faults
2025-11-24T20:13:18.838199+00:00,29.07337944196646,4.9471601195739145,994.2647489910619,0.5088082149243949,0.8522352029000715,3.5075504906768046e-05,4.380539716044356e-05,0.010107328496006087,38,30.0,5.0,1000.0,1,three_faults
2025-11-24T20:13:19.837410+00:00,29.016064727775092,4.921898025346306,999.6770322015034,0.5276498051500902,0.8495221455822632,3.97115147591045e-05,5.559449523323774e-05,0.00943458048416595,34,30.0,5.0,1000.0,1,three_faults
2025-11-24T20:13:20.937451+00:00,29.015448862346457,4.939730091859913,1000.9640922551015,0.5208012441705229,0.8493953611382484,3.796992567003446e-05,3.112666821852848e-05,0.010351202967289136,37,30.0,5.0,1000.0,1,three_faults
2025-11-24T20:13:21.938339+00:00,28.99786045747465,4.911000651365767,1000.8082848859494,0.5228519556327832,0.8493759140226205,5.250230718009176e-05,2.185633466611387e-05,0.009459694339935655,33,30.0,5.0,1000.0,1,three_faults
2025-11-24T20:13:23.036595+00:00,28.961669353682865,4.908771643051566,999.6838172515265,0.524289374319408,0.8514759321074052,5.3562731956516414e-05,8.136272790326782e-05,0.011428389553107213,38,30.0,5.0,1000.0,1,three_faults
2025-11-24T20:13:24.116542+00:00,28.96375219777005,4.960038834278187,992.637939697489,0.5280015574934891,0.8529625409548599,2.8876896564619332e-05,4.265685680869372e-05,0.018849724104792256,32,30.0,5.0,1000.0,1,three_faults
2025-11-24T20:13:25.137931+00:00,28.98441148784152,4.918678346670236,996.0504268936612,0.5222109966826074,0.8528369315496527,3.234402625878171e-05,1.1534092066940663e-05,0.020621610219349912,39,30.0,5.0,1000.0,1,three_faults
2025-11-24T20:13:26.237535+00:00,29.009234018067776,4.913724994860901,992.6082735612209,0.5249915780794362,0.8541274279197054,5.6548154642982164e-05,2.780442473258765e-05,0.0207972125097546,35,30.0,5.0,1000.0,1,three_faults
2025-11-24T20:13:27.289516+00:00,29.00012899001249,4.85923812495821,1008.1138308220758,0.5311211769310622,0.8485466238231731,8.031676985813244e-05,4.876476630601606e-05,0.018884825780094303,35,30.0,5.0,1000.0,1,three_faults
2025-11-24T20:13:28.337278+00:00,29.025782854104307,4.79236787553218,1005.8413009146025,0.527230738632544,0.849451537061018,4.4459360899022604e-05,2.4247609868385983e-05,0.02093911539162818,39,30.0,5.0,1000.0,1,three_faults
2025-11-24T20:13:29.437363+00:00,29.058892365211793,4.792367875532181,1000.6680163868987,0.5275532863855726,0.8508748341190082,1.681274085436649e-05,4.610415329114416e-05,0.02101773926413346,36,30.0,5.0,1000.0,1,three_faults
2025-11-24T20:13:30.465064+00:00,26.328974981154595,4.848340750977672,996.6931641374834,0.6498081388006425,0.8523716785363448,9.015760917130158e-05,7.598225009106306e-05,0.023846521602239087,33,30.0,5.0,1000.0,1,three_faults
2025-11-24T20:13:31.537469+00:00,23.59629994628474,4.8332330279591975,998.5395732018095,0.7083283547451711,0.8506578968129326,4.150911124461296e-05,3.155618150714003e-05,0.02792721503322535,36,30.0,5.0,1000.0,1,three_faults
2025-11-24T20:13:32.680418+00:00,23.64782646087044,4.794844551436849,1005.7165994953513,0.7251111264566876,0.8507918421176467,4.974893683188263e-05,5.0666583240681844e-05,0.028796661284700303,38,30.0,5.0,1000.0,1,three_faults
2025-11-24T20:13:33.638272+00:00,23.6821246383329,4.826546003016594,1003.4119918882112,0.7263754905260555,0.8463027172786081,2.3727415076448305e-05,6.341318602978515e-05,0.026302101866309206,33,30.0,5.0,1000.0,1,three_faults
2025-11-24T20:13:34.778873+00:00,23.72713370128395,4.8852432219572215,994.0036572762318,0.737168306228127,0.8532701490144162,3.660646396156048e-05,6.075895616265022e-05,0.028882335750422365,38,30.0,5.0,1000.0,1,three_faults
2025-11-24T20:13:35.825308+00:00,23.813013570766884,4.936881914569545,1002.7295774484971,0.7396586576880749,0.8511509505088151,4.386590759208204e-05,5.259132928237946e-05,0.026756656898745224,33,30.0,5.0,1000.0,1,three_faults
2025-11-24T20:13:36.737892+00:00,23.821745188797912,4.882395044666852,995.0940072614746,0.749841046820884,0.8507047799671513,4.480732572083819e-05,7.673928507600236e-06,0.027279317931211664,33,30.0,5.0,1000.0,1,three_faults
2025-11-24T20:13:37.924733+00:00,23.891791603385126,4.801036241198517,1003.1056680893188,0.7553477913228438,0.8503197033799037,5.078423040992134e-05,1.800368515200543e-05,0.030248082859603457,35,30.0,5.0,1000.0,1,three_faults
2025-11-24T20:13:38.837070+00:00,23.965845429275834,4.782956507094442,994.9251526382017,0.7633765201817596,0.8521708381215355,2.321886264803314e-05,4.728346145955165e-05,0.027507940925237208,32,30.0,5.0,1000.0,1,three_faults
2025-11-24T20:13:40.019180+00:00,23.985107889472395,4.854284773148875,1008.4212099800235,0.7662031618394484,0.8476803735353765,2.7166290116476406e-05,4.9575552876636283e-05,0.03035771848807837,36,30.0,5.0,1000.0,1,three_faults
2025-11-24T20:13:40.937149+00:00,24.05760452315629,4.859238124958209,1007.6035222500134,0.7760730576859974,0.8478699480373357,4.7755624775716716e-05,5.137788115736206e-05,0.027955150110487516,32,30.0,5.0,1000.0,1,three_faults
2025-11-24T20:13:42.118062+00:00,24.080451325422505,4.914963332813236,993.6773387624748,0.7868739636652781,0.8516422159954309,2.6678759521976407e-05,5.056878380998929e-05,0.03147301178975543,34,30.0,5.0,1000.0,1,three_faults
2025-11-24T20:13:43.164700+00:00,24.161934836550767,5.692639566878922,994.9486281493856,0.7857371166533642,0.8499497906991951,5.4070010186679885e-05,2.7739561485711516e-05,0.03150470258858874,36,30.0,5.0,1000.0,1,three_faults
2025-11-24T20:13:44.215229+00:00,24.210650462585228,9.01658629853356,1002.6456171950052,0.796154394204376,0.8510912474026819,0.00017364128111670003,3.904389432904897e-05,0.029206022289417464,35,30.0,5.0,1000.0,1,three_faults
2025-11-24T20:13:45.264462+00:00,24.253404257410534,7.328484001911997,1002.8676740090337,0.8040549371102496,0.8496233873815808,0.00022316988048135867,2.935747659011376e-05,0.03234405520489824,38,30.0,5.0,1000.0,1,three_faults
2025-11-24T20:13:46.312663+00:00,24.306916247290264,5.291046568937039,999.2998486351316,0.8102203635130341,0.8498847655528644,8.148635277930978e-05,6.093141752441247e-06,0.02925896550860398,33,30.0,5.0,1000.0,1,three_faults
2025-11-24T20:13:47.360344+00:00,24.370798159171887,5.099475687710986,1004.9255952839234,0.808030501129175,0.8470249181206004,4.739329999924889e-05,2.3907953378686306e-05,0.03193589520194509,36,30.0,5.0,1000.0,1,three_faults
2025-11-24T20:13:48.410911+00:00,24.451425450676158,5.030871765151686,990.8869128828285,0.8279957520090143,0.853358209595549,5.6860217224191117e-05,3.0266479222076912e-05,0.029809921416273193,34,30.0,5.0,1000.0,1,three_faults
2025-11-24T20:13:49.475371+00:00,24.47831437765071,5.025175410570951,1005.9096795220266,0.8241694926048866,0.8489774261971555,3.3546601165480095e-05,3.5186296919213485e-05,0.032791588885492086,36,30.0,5.0,1000.0,1,three_faults
2025-11-24T20:13:50.535709+00:00,24.528109178510526,4.968211864763594,995.5410792759578,0.8330918825415669,0.849505569434832,8.001148868553273e-05,3.256816187985106e-05,0.029793120125696643,33,30.0,5.0,1000.0,1,three_faults
2025-11-24T20:13:51.560812+00:00,24.597855373304967,4.896388263528227,992.731411056267,0.8396667865083621,0.8546886204753169,7.60409833860628e-05,3.4608298787684886e-05,0.03335828480535574,36,30.0,5.0,1000.0,1,three_faults
2025-11-24T20:13:52.604908+00:00,24.664046594697588,4.8333568617544325,1005.7820818121403,0.8415723602382684,0.8474228303869236,5.168191932695565e-05,7.158595342114873e-05,0.030284546014520398,32,30.0,5.0,1000.0,1,three_faults
2025-11-24T20:13:53.537785+00:00,24.712310905227792,4.87422201418145,1008.1947556319913,0.8504466277016126,0.8483266499228066,5.689952457744405e-05,5.3884265966760844e-05,0.030663915743551092,33,30.0,5.0,1000.0,1,three_faults
2025-11-24T20:13:54.734886+00:00,24.747414695387157,4.936015078002911,990.2526852386877,0.854737367812596,0.8526053514023221,1.0109607224893693e-05,8.955853548215959e-05,0.023231493524388407,33,30.0,5.0,1000.0,1,three_faults
2025-11-24T20:13:55.638120+00:00,24.743026390282374,5.07446126107384,1001.4743150918764,0.8675276858689832,0.8511713646472303,2.7330539186181435e-05,4.9762609190463254e-05,0.015379040181693322,33,30.0,5.0,1000.0,1,three_faults
2025-11-24T20:13:56.799602+00:00,24.763380579100705,5.067278900950304,1006.4181969674199,0.8699200039018824,0.8474247258404113,5.478833409393639e-05,6.026951227881864e-05,0.017138712639482714,36,30.0,5.0,1000.0,1,three_faults
2025-11-24T20:13:57.908643+00:00,24.72547141975219,5.043131310879792,1001.0259434703305,0.8805238624056988,0.8504779665194185,7.347512106401031e-05,2.9536366720455587e-05,0.01569494081217931,32,30.0,5.0,1000.0,1,three_faults
2025-11-24T20:13:58.934347+00:00,24.719489567315307,5.0412738039512925,1001.2286728404844,0.8870764421966798,0.8476425596034572,5.5614496785146514e-05,7.341839968134125e-05,0.017398245456849523,35,30.0,5.0,1000.0,1,three_faults
2025-11-24T20:13:59.958215+00:00,24.713502171943308,5.057372197331632,1009.8584334245566,0.8970467074106107,0.8472623543653135,1.57972949608308e-05,5.562283234786244e-05,0.01786017368552655,36,30.0,5.0,1000.0,1,three_faults
2025-11-24T20:14:00.992690+00:00,24.718892084747104,5.124861615733829,998.1823526632895,0.9043515091116541,0.8489286893599562,4.331608411486927e-05,1.78613026329891e-05,0.016250603340601,32,30.0,5.0,1000.0,1,three_faults
2025-11-24T20:14:02.042872+00:00,24.717492646258368,5.05365718347463,996.6916214491735,0.9076086302721424,0.8493083028074448,2.9506672031681702e-05,2.3866987166711895e-05,0.01764470311625745,38,30.0,5.0,1000.0,1,three_faults
2025-11-24T20:14:03.090729+00:00,24.74302763664402,5.017250047676015,995.2589941162465,0.9194515000128456,0.8509062362467364,4.5707993798759284e-05,3.093842724418233e-05,0.01661650972415866,32,30.0,5.0,1000.0,1,three_faults
2025-11-24T20:14:04.137954+00:00,24.705522639378497,5.0177453828569485,994.0453264284064,0.9268080085816425,0.8509685697599602,4.345997160605142e-05,7.276591529328135e-05,0.018421327622246696,35,30.0,5.0,1000.0,1,three_faults
2025-11-24T20:14:05.184791+00:00,24.72328038794483,5.092169493792214,998.425144724502,0.9321532174245979,0.8510919197933096,5.4608867158709195e-05,3.795375900991077e-05,0.01672093867108872,34,30.0,5.0,1000.0,1,three_faults
2025-11-24T20:14:06.237011+00:00,24.72547470265532,5.026413748523286,993.9020418485326,0.9381821156723849,0.8530391756351005,6.936143107221162e-05,4.986940109422161e-05,0.01860634776591479,37,30.0,5.0,1000.0,1,three_faults
2025-11-24T20:14:07.337467+00:00,24.71350413178047,5.0462271557606275,997.5139161592036,0.9505398977105414,0.8507173815345386,2.943970826445286e-05,7.717942884601812e-05,0.018930815122559577,35,30.0,5.0,1000.0,1,three_faults
2025-11-24T20:14:08.437735+00:00,24.7035316241151,5.08213895637831,993.2111262128742,0.9532329467917481,0.8551940719998151,4.3991379845052486e-05,2.442943977342362e-05,0.01877289396398062,36,30.0,5.0,1000.0,1,three_faults
2025-11-24T20:14:09.537831+00:00,27.722442378030703,5.078423942521308,1012.8812355773703,0.7858468662146176,0.8477834124959718,1.9967371817349222e-05,3.158829376987456e-05,0.015347665860188354,39,30.0,5.0,1000.0,1,three_faults
2025-11-24T20:14:10.537789+00:00,30.255304810300906,5.060839543598168,999.2474382416269,0.7763972449803033,0.851974652780276,6.0073595969985505e-05,9.856642725944242e-06,0.013990611409179267,33,30.0,5.0,1000.0,1,three_faults
2025-11-24T20:14:11.638836+00:00,30.262857336823235,4.973165216572929,995.797607437842,0.7847990974702364,0.8516099210939003,3.7113921418517185e-05,3.7727214293967547e-05,0.01556960506016619,37,30.0,5.0,1000.0,1,three_faults
2025-11-24T20:14:12.737515+00:00,30.2293101276097,4.962020175001923,988.8511144421907,0.7812271186463658,0.8557153355535707,4.9558746640995086e-05,1.0067190975222792e-05,0.015574229998291311,37,30.0,5.0,1000.0,1,three_faults
2025-11-24T20:14:13.738043+00:00,30.232236376970867,4.878308529424152,1012.4253071968036,0.7796373755594672,0.8482755989587147,6.0302149371277174e-05,6.086717498768669e-05,0.013994168169830776,30,30.0,5.0,1000.0,1,three_faults
2025-11-24T20:14:14.737968+00:00,30.21841446584947,4.925984540589008,1009.0623058020159,0.7774294240325497,0.8480351791500622,6.148258285840045e-06,2.4371972272973687e-05,0.01416086086631618,38,30.0,5.0,1000.0,1,three_faults
2025-11-24T20:14:15.837925+00:00,30.185294488282025,4.937253415955245,997.10922377936,0.7881802806391695,0.8512777292609776,2.8326417102157635e-05,2.3643818626538716e-05,0.015656189666397327,36,30.0,5.0,1000.0,1,three_faults
2025-11-24T20:14:16.837577+00:00,30.167705240261206,4.9573144907830535,995.4931762211172,0.7844127694927148,0.8517606547940815,2.6151005389358286e-05,5.159824415777008e-05,0.014082372311024573,35,30.0,5.0,1000.0,1,three_faults
2025-11-24T20:14:17.983569+00:00,30.15806679836701,4.990501947905602,996.8992340686939,0.7821459977819124,0.8532499301670069,2.7854016867389563e-05,2.71247789586557e-05,0.015489491628561763,36,30.0,5.0,1000.0,1,three_faults
2025-11-24T20:14:18.937908+00:00,30.153877821248738,4.954590147287921,999.2406332400903,0.7797176598554205,0.8500412675770409,4.5757741456281385e-05,1.8811329162282863e-05,0.014246546602708162,32,30.0,5.0,1000.0,1,three_faults
2025-11-24T20:14:20.130202+00:00,30.143409987589745,4.913724994860902,995.0972155794769,0.7821913383822051,0.8559296340921775,2.6310980626507816e-05,4.305234312703296e-05,0.01549274095505847,38,30.0,5.0,1000.0,1,three_faults
2025-11-24T20:14:21.137884+00:00,30.130843457054585,4.965735188858925,1007.1381818595245,0.7834736406148249,0.8512151270883479,3.942603294242434e-05,4.396086674103253e-05,0.015527300052826066,34,30.0,5.0,1000.0,1,three_faults
2025-11-24T20:14:22.178246+00:00,30.11702330658856,4.9900066127246685,995.8170742744003,0.7826813879774936,0.8508921086463539,1.6244046103701388e-05,1.821678199005856e-05,0.014093048623753067,30,30.0,5.0,1000.0,1,three_faults
2025-11-24T20:14:23.251550+00:00,30.114101247873418,4.958305161144922,1003.6862602005182,0.7879605647552966,0.8513811536823351,4.201914260455835e-05,2.5271010034555817e-05,0.015533401430868905,38,30.0,5.0,1000.0,1,three_faults
2025-11-24T20:14:24.337559+00:00,30.074317509940364,4.939730091859914,1000.6286522904325,0.7816179744597007,0.8505699318463669,5.439063483479323e-05,4.872073171278463e-05,0.01567608811822751,38,30.0,5.0,1000.0,1,three_faults
2025-11-24T20:14:25.337859+00:00,30.10089962296447,4.946417116802517,1006.7042053367201,0.7804300266235009,0.8512359262829323,4.186065199873215e-05,6.547323598183295e-05,0.013937178003452214,32,30.0,5.0,1000.0,1,three_faults
2025-11-24T20:14:26.438338+00:00,30.06805256262282,4.947160119573915,1003.2201334766334,0.7890599015446044,0.8481710204873056,5.802403709197943e-05,3.409111854613306e-05,0.015405687679529014,37,30.0,5.0,1000.0,1,three_faults
2025-11-24T20:14:27.537654+00:00,30.047129731024054,4.959543499097255,997.3197072120842,0.78111448919821,0.8510334000379182,2.5975964517740678e-05,8.016645360961236e-05,0.0154598570986973,34,30.0,5.0,1000.0,1,three_faults
2025-11-24T20:14:28.836092+00:00,30.042940931649753,5.0722322527596395,1006.2425526710239,0.7854547714370934,0.8488031399968626,4.629861097618765e-05,3.527025992356134e-05,0.015636462835462835,38,30.0,5.0,1000.0,1,three_faults
2025-11-24T20:14:29.639976+00:00,30.034154293084477,5.056753028355466,994.3877665024211,0.7881379508313271,0.8515069644781372,1.594621315981792e-05,3.69454670718846e-05,0.014109859048975465,32,30.0,5.0,1000.0,1,three_faults
2025-11-24T20:14:30.780571+00:00,30.01366010680341,5.044988817808295,993.7231926789322,0.7863013360628418,0.8531974349516612,3.085821190605106e-05,1.7002723867265503e-05,0.015599469535627488,36,30.0,5.0,1000.0,1,three_faults
2025-11-24T20:14:31.925367+00:00,29.992754690262544,5.059848873236301,1005.5607166530991,0.7869708927830171,0.8477710837708827,3.8888924736258506e-05,5.692045150869932e-05,0.01552618291960206,39,30.0,5.0,1000.0,1,three_faults
2025-11-24T20:14:32.974371+00:00,29.992754680412677,5.127957460614665,998.867874616113,0.7859174322904792,0.852185506487369,2.6779214473570276e-06,4.54036211941955e-05,0.015673319060631036,36,30.0,5.0,1000.0,1,three_faults
2025-11-24T20:14:34.057020+00:00,29.969755590157718,5.213402779325702,994.1937014465777,0.7843359779336827,0.8510874147254717,5.513950704427843e-05,7.258572540451589e-05,0.01401063279116546,35,30.0,5.0,1000.0,1,three_faults
2025-11-24T20:14:35.078365+00:00,29.976031528955044,5.257982945609722,999.903028254418,0.7875974916955698,0.8511729087923434,3.588836990041922e-05,3.8088055807961176e-05,0.015663743278146902,36,30.0,5.0,1000.0,1,three_faults
2025-11-24T20:14:36.137680+00:00,29.96767077385207,5.370671699272106,1003.5317968139691,0.7878991279348107,0.8525713576129228,2.548681965635845e-05,6.314529156255222e-05,0.015551361257643637,38,30.0,5.0,1000.0,1,three_faults
2025-11-24T20:14:37.170450+00:00,29.939878790508622,5.304668286412712,1008.016779658358,0.7877877259969187,0.843401327686999,8.49355093992587e-05,3.0447004168222667e-05,0.014141255207489772,35,30.0,5.0,1000.0,1,three_faults
2025-11-24T20:14:38.220678+00:00,29.92839149818476,5.124861615733829,1002.4862467603959,0.790593745210493,0.8508295886870805,8.598668159459423e-05,3.917402693076458e-05,0.01421657765418963,34,30.0,5.0,1000.0,1,three_faults
2025-11-24T20:14:39.264777+00:00,29.94467882721756,5.119289094948326,1001.7246244404568,0.7846094813065104,0.848567604460337,3.0402737904178222e-05,4.9584768966299136e-05,0.015607791666642473,35,30.0,5.0,1000.0,1,three_faults
2025-11-24T20:14:40.338139+00:00,29.898724053237697,5.08213895637831,1008.0435325019374,0.7904838192996682,0.8473432326143175,8.461616644798502e-05,2.2225462698503147e-05,0.01566203818087725,37,30.0,5.0,1000.0,1,three_faults
2025-11-24T20:14:41.365574+00:00,29.914601301396555,5.0513043413651975,998.4079918800398,0.7913766372522917,0.848639567631586,8.155579995280497e-06,5.3691334093550945e-05,0.014227547871675492,33,30.0,5.0,1000.0,1,three_faults
2025-11-24T20:14:42.438142+00:00,29.879931586045007,5.095760673853983,991.2904991541508,0.7903009533358649,0.851150346151638,1.8880648446110032e-05,1.9322978436205397e-05,0.01571382761502887,37,30.0,5.0,1000.0,1,three_faults
2025-11-24T20:14:43.537664+00:00,29.882048686637596,5.058610535283968,1006.707851051293,0.797867245133855,0.845815439389495,3.742663973508445e-05,7.1971425671377835e-06,0.01581533743780281,36,30.0,5.0,1000.0,1,three_faults
2025-11-24T20:14:44.706303+00:00,29.863229967042688,4.9867869340486,1005.7233467349255,0.7847975639910868,0.8464326688817035,5.831788445033718e-05,4.877869015789958e-05,0.015558813486078257,38,30.0,5.0,1000.0,1,three_faults
2025-11-24T20:14:45.637878+00:00,29.86865386181602,5.015887875928447,998.2477427145608,0.7912133507137862,0.8490169588160065,2.7621567506548525e-05,2.959337532824681e-05,0.014331313968234175,32,30.0,5.0,1000.0,1,three_faults
2025-11-24T20:14:46.638262+00:00,29.84110590908012,5.021336562918716,992.1491561169975,0.7934619558037894,0.8508363891204983,5.604106741257345e-05,5.909823052484323e-05,0.014455293129956656,37,30.0,5.0,1000.0,1,three_faults
2025-11-24T20:14:47.778287+00:00,29.850708448554744,5.057372197331633,1001.1344585256713,0.7943250424983869,0.8461103169722393,5.237542851535134e-05,6.297342035840657e-05,0.01587410486024868,37,30.0,5.0,1000.0,1,three_faults
2025-11-24T20:14:48.839046+00:00,29.83192079941988,5.001646989476609,1002.4847292142703,0.7940955839824325,0.8490422088085562,4.746400570845532e-05,1.2295013871563235e-05,0.01573108768812436,39,30.0,5.0,1000.0,1,three_faults
2025-11-24T20:14:49.838077+00:00,29.843396430141617,4.9722983800062925,999.8665462077918,0.7882026804628527,0.8483247582723402,3.8023772442097155e-05,4.1865289617368736e-05,0.014144752585054295,35,30.0,5.0,1000.0,1,three_faults
2025-11-24T20:14:50.952680+00:00,29.796452879840682,4.981833582239264,999.8685248980771,0.8010503818576965,0.8504421905595436,2.568573631149201e-05,3.849878598148838e-05,0.015937583524798037,37,30.0,5.0,1000.0,1,three_faults
2025-11-24T20:14:52.049155+00:00,29.813137964662868,5.0462271557606275,993.406707180518,0.7912131599993079,0.849231921776721,2.283708734688616e-05,6.957632491750364e-05,0.015652453865390287,35,30.0,5.0,1000.0,1,three_faults
2025-11-24T20:14:53.093590+00:00,29.80437704155986,5.139845504957069,992.2075708070621,0.7937796150057678,0.8532985937858146,2.9576070651597927e-05,3.1529321205146495e-05,0.014332349041889651,34,30.0,5.0,1000.0,1,three_faults
2025-11-24T20:14:54.221915+00:00,29.783934541975917,5.130434136519335,1000.0334348344801,0.796974294369024,0.8506815454450872,2.3372669966076187e-05,3.7244097767860645e-05,0.01584292641541225,36,30.0,5.0,1000.0,1,three_faults
2025-11-24T20:14:55.236896+00:00,29.775595175967077,5.0821389563783095,1003.7847362030844,0.7975698436684024,0.8481849436168165,4.512694380399466e-05,2.870548173213409e-05,0.01570144084928946,36,30.0,5.0,1000.0,1,three_faults
2025-11-24T20:14:56.339365+00:00,29.767252099774808,5.084615632282978,1005.6191464694904,0.7992365661260347,0.8476187091379455,8.032247521533575e-05,5.477490205568719e-05,0.015639016097455386,39,30.0,5.0,1000.0,1,three_faults
2025-11-24T20:14:57.438206+00:00,29.76099824048978,5.028890424427953,992.7894773065276,0.7965828415662647,0.8531845463159068,7.336652237094736e-05,4.9245426223118716e-05,0.01563161362982937,37,30.0,5.0,1000.0,1,three_faults
2025-11-24T20:14:58.456433+00:00,29.751609705733415,5.045855654374928,1000.7907391718845,0.8018055235375201,0.8488402838079532,1.8034234737916175e-05,5.726374068395365e-05,0.014368381840794345,32,30.0,5.0,1000.0,1,three_faults
2025-11-24T20:14:59.438131+00:00,29.73785469393143,5.115326413500859,1000.7717067305432,0.7990782916326202,0.850702009837023,2.991097782648356e-05,5.0840204459759325e-05,0.014470916848829177,32,30.0,5.0,1000.0,1,three_faults
2025-11-24T20:15:00.538394+00:00,29.756824051233878,5.089568984092313,999.8150159547457,0.7956241098416187,0.8489034368381039,5.486183468503481e-05,2.4453001006128697e-05,0.015970779046066454,36,30.0,5.0,1000.0,1,three_faults
2025-11-24T20:15:01.637788+00:00,29.733891972359935,5.0041236653812735,997.3276739554149,0.8009909116512636,0.8515634138426132,5.2048330292593826e-05,2.2919941184165254e-05,0.015710112047959558,35,30.0,5.0,1000.0,1,three_faults
2025-11-24T20:15:02.650550+00:00,29.721818974307876,4.996817471462505,1009.5284374244468,0.8030412305740622,0.8464731879317713,4.9321788499461034e-05,5.6165072823158496e-05,0.01428798549060381,34,30.0,5.0,1000.0,1,three_faults
2025-11-24T20:15:03.737160+00:00,29.71721850856218,5.021460396713951,1002.2746857991483,0.8012437775023638,0.8488876833204674,3.094135018946774e-05,3.9764961102603435e-05,0.01575144019165071,34,30.0,5.0,1000.0,1,three_faults
2025-11-24T20:15:04.738088+00:00,29.705762323847164,5.00499050194791,992.7691402385697,0.8008345096854755,0.8512908728610616,2.9159051772070477e-05,4.010218112474682e-05,0.014376507585168176,33,30.0,5.0,1000.0,1,three_faults
2025-11-24T20:15:05.837869+00:00,29.68388314004176,5.087092308187646,987.9823538601294,0.8052662760509146,0.8545244312888205,1.687393598203508e-05,4.027074651955209e-05,0.015983585067690383,36,30.0,5.0,1000.0,1,three_faults
2025-11-24T20:15:06.937741+00:00,29.671383292234967,5.103190701567988,999.627038828644,0.8072068135619742,0.8490845630899142,3.4418440799970386e-05,1.0534318416174454e-05,0.01619257880164221,37,30.0,5.0,1000.0,1,three_faults
2025-11-24T20:15:07.949172+00:00,29.705755374568394,5.07990994806411,990.2758023702947,0.798658663543618,0.8566376068253705,3.814229138635076e-05,2.8775236895268475e-05,0.014394952866009645,31,30.0,5.0,1000.0,1,three_faults
2025-11-24T20:15:09.038145+00:00,29.66929361388466,5.087092308187646,1007.061313602234,0.8049605613947768,0.8502942594685563,2.158945536198465e-05,8.42060942870061e-05,0.01588911129623866,42,30.0,5.0,1000.0,1,three_faults
2025-11-24T20:15:10.197987+00:00,29.671379631882633,5.292656408275072,996.3969415994612,0.8043184400009685,0.8524111592717184,3.255826596922166e-05,5.4308264181995753e-05,0.016091836332688687,35,30.0,5.0,1000.0,1,three_faults
2025-11-24T20:15:11.330213+00:00,29.65763012754856,5.265165305733259,1003.2079132528731,0.8062897403900605,0.853334632144499,6.417055170396397e-05,5.945915444107496e-05,0.014566365465809403,36,30.0,5.0,1000.0,1,three_faults
2025-11-24T20:15:12.148307+00:00,29.653059888399543,5.311479145150547,997.9597591835152,0.8069027420633196,0.8510993407343443,8.12923829953663e-05,6.755160562408569e-05,0.014510423247243498,31,30.0,5.0,1000.0,1,three_faults
2025-11-24T20:15:13.137722+00:00,29.65534300343205,5.327825206121355,996.199367913499,0.8084533279158219,0.8560687929001952,2.8313015128903184e-05,9.998415960605314e-05,0.014662844609527059,34,30.0,5.0,1000.0,1,three_faults
2025-11-24T20:15:14.196411+00:00,29.63014374111316,5.634313849323994,999.1889745455362,0.8097524969174428,0.8508167729111493,7.205357492881908e-05,4.7756462812264934e-05,0.014668809816914236,31,30.0,5.0,1000.0,1,three_faults
2025-11-24T20:15:15.262447+00:00,29.629723297352726,5.3917234444617845,1005.9649876346867,0.8122935963296117,0.8505906629269648,4.9788593817549676e-05,3.868567037556207e-05,0.015999329957064063,35,30.0,5.0,1000.0,1,three_faults
2025-11-24T20:15:16.337962+00:00,29.615152618247905,5.322376519131087,996.721052313914,0.811192317847884,0.8540383808762229,5.9858266460822335e-05,2.8333684944408606e-05,0.016241565852191723,38,30.0,5.0,1000.0,1,three_faults
2025-11-24T20:15:17.338142+00:00,29.627849123996924,5.210678435830569,996.0260481574794,0.806732284606705,0.8555164077626147,6.573117481785103e-05,4.994245322386206e-05,0.014638051864953714,33,30.0,5.0,1000.0,1,three_faults
2025-11-24T20:15:18.437927+00:00,29.606824796769274,5.137864164233336,1005.925510479278,0.8135841476238636,0.8482981940606261,7.711976104501014e-05,4.0628980942018e-05,0.016200312131278684,35,30.0,5.0,1000.0,1,three_faults
2025-11-24T20:15:19.438126+00:00,29.627851424407577,5.013163532433312,1001.3812491804799,0.8113190019092118,0.852249831809152,7.129342346528559e-05,4.4732452650093055e-06,0.014486472805178676,34,30.0,5.0,1000.0,1,three_faults
2025-11-24T20:15:20.538194+00:00,29.588088916502446,4.923631698479574,998.6072467752621,0.8152798288971059,0.8515521530002594,3.010405698869147e-05,3.737627291367914e-05,0.016238298094517586,35,30.0,5.0,1000.0,1,three_faults
2025-11-24T20:15:21.568281+00:00,29.61181908323116,4.980471410491697,1001.2538853959393,0.808262202204016,0.8511525516482188,2.922327156967597e-05,7.998690558690233e-05,0.014304622876968607,33,30.0,5.0,1000.0,1,three_faults
2025-11-24T20:15:22.800531+00:00,29.590173338797445,5.04994216961763,1002.6571213595897,0.8131416318297968,0.8505469422838629,2.7624264457786306e-05,6.383686619303745e-05,0.016255533575148164,40,30.0,5.0,1000.0,1,three_faults
2025-11-24T20:15:23.721225+00:00,29.568322152348344,5.090807322044647,997.4469555743551,0.8213432075399023,0.8537427911127657,6.133752866453107e-05,2.1728990934137e-05,0.014906739772024448,33,30.0,5.0,1000.0,1,three_faults
2025-11-24T20:15:24.744908+00:00,29.595791905345997,5.039044795637089,1001.1175986004076,0.8116480532516819,0.8532086338647821,3.153784179247546e-05,3.720925647528015e-05,0.014680629748588333,34,30.0,5.0,1000.0,1,three_faults
2025-11-24T20:15:25.666884+00:00,29.56831986788465,5.075823432821407,1002.2502900889585,0.821283267402104,0.8506236176971269,1.98911936731765e-05,5.2407276551080066e-05,0.01485098259172255,33,30.0,5.0,1000.0,1,three_faults
2025-11-24T20:15:26.737696+00:00,29.571452515792668,5.162630923280013,1005.8956941431418,0.8149763155436623,0.8475111514901623,3.3485399121972975e-05,3.659212990319029e-05,0.01623043591267539,39,30.0,5.0,1000.0,1,three_faults
2025-11-24T20:15:27.737574+00:00,29.54772639610473,5.145294191947339,1002.0137880052696,0.8208340204272945,0.8518573926818351,4.819586957554289e-05,3.5058541385798e-05,0.01465285715792455,36,30.0,5.0,1000.0,1,three_faults
2025-11-24T20:15:28.943663+00:00,29.57144057127999,5.119289094948328,1000.9500494504111,0.8151514387750108,0.8476726708641645,4.896303492897957e-05,5.1139446026195015e-05,0.01620740095981792,35,30.0,5.0,1000.0,1,three_faults
2025-11-24T20:15:29.966231+00:00,29.533993750204367,5.07842394252131,1009.3603161771199,0.8244520350991855,0.8467005993111314,6.1002187550495774e-05,2.9665234682318126e-05,0.016324949974882996,35,30.0,5.0,1000.0,1,three_faults
2025-11-24T20:15:31.193043+00:00,29.561043940790363,4.991740285857936,994.8182893563655,0.8178650260065109,0.8512914661849839,6.137614445202359e-05,3.84400794314657e-05,0.03208664507292572,36,30.0,5.0,1000.0,0,three_faults
2025-11-24T20:15:32.039365+00:00,29.63930835649067,4.96003883427819,1006.009706589728,0.809838274118763,0.8470671148611849,4.747856560778356e-05,3.857420877042111e-05,0.029521095124135695,34,30.0,5.0,1000.0,0,three_faults
2025-11-24T20:15:33.274959+00:00,29.704727107200153,4.9137249948609005,1002.806345046535,0.8121075375131608,0.8468946139028701,7.447690094587866e-05,1.9906473997338005e-05,0.03235910295402375,37,30.0,5.0,1000.0,0,three_faults
2025-11-24T20:15:34.314558+00:00,29.752661520765617,4.902579953289897,1000.6557572037451,0.813093552583151,0.8482964605587239,1.0719996851980117e-05,3.3077391691011015e-05,0.032202283057132915,36,30.0,5.0,1000.0,0,three_faults
2025-11-24T20:15:35.364505+00:00,29.831926661775867,4.958305161144922,996.5301572194031,0.809776410323001,0.8493086017881453,2.940984662118671e-05,8.068526773184809e-05,0.03190886528947012,40,30.0,5.0,1000.0,0,three_faults
2025-11-24T20:15:36.411222+00:00,29.896226554357003,5.013163532433312,1001.6367263648251,0.8110960629539397,0.8491870515004811,7.06072885598052e-05,5.1030297366956374e-05,0.02910101318097765,35,30.0,5.0,1000.0,0,three_faults
2025-11-24T20:15:37.461995+00:00,29.950955743742075,4.928585050288908,993.6443385957864,0.8040860228242287,0.8502787028203028,8.67841827415557e-05,4.201643732873159e-05,0.03204020678557198,35,30.0,5.0,1000.0,0,three_faults
2025-11-24T20:15:38.511835+00:00,30.01344933701162,4.923260197093872,998.6218993957764,0.8062554910743787,0.8508472439318331,5.776665477231807e-05,5.904907236874452e-05,0.029008367322085667,35,30.0,5.0,1000.0,0,three_faults
2025-11-24T20:15:39.559053+00:00,30.055494290727736,4.875336518338551,994.577207799228,0.8049625447047639,0.8539871902180249,3.261628656494934e-05,4.99474996822471e-05,0.031925513708863505,35,30.0,5.0,1000.0,0,three_faults
2025-11-24T20:15:40.607648+00:00,30.07557257126725,4.953227975540352,1002.64210824902,0.8064575463518038,0.846403494888064,1.7333919159122348e-05,6.445962571267346e-05,0.028978728889001038,32,30.0,5.0,1000.0,0,three_faults
2025-11-24T20:15:41.539094+00:00,30.165391372491666,5.02950959340412,1001.4341814127187,0.7975135492576177,0.850674255317086,3.461618537270784e-05,3.384053873518354e-05,0.02858521989278864,34,30.0,5.0,1000.0,0,three_faults
2025-11-24T20:15:42.704653+00:00,30.202061987971884,4.97068854066826,998.3081509003237,0.7965046217739076,0.8501029384204588,4.813782173577252e-05,3.8599814848839e-05,0.03172711956744901,35,30.0,5.0,1000.0,0,three_faults
2025-11-24T20:15:43.755165+00:00,30.24398238095032,4.964496850906593,1001.1349649041189,0.7969658595239181,0.8499661999967173,4.374521402715156e-05,4.355091092451894e-05,0.031078679866562535,35,30.0,5.0,1000.0,0,three_faults
2025-11-24T20:15:44.838396+00:00,30.33419576537499,4.99917031357194,1003.812489975142,0.7936233040258337,0.8475403381710453,2.5930648904002093e-05,5.704527908048271e-05,0.03165794403912642,36,30.0,5.0,1000.0,0,three_faults
2025-11-24T20:15:45.937593+00:00,30.395070378358536,5.078423942521309,1010.5979399266332,0.7878991068234605,0.8457742447954572,2.8608573290394758e-05,5.256905126665393e-05,0.03151519045010828,35,30.0,5.0,1000.0,0,three_faults
2025-11-24T20:15:47.037918+00:00,30.44758606157859,5.084615632282978,1006.8044078608172,0.7909603732315932,0.8444719628242715,3.038951933056256e-05,4.729861117146092e-06,0.031604640217685755,36,30.0,5.0,1000.0,0,three_faults
2025-11-24T20:15:48.137555+00:00,30.47070425256895,5.084615632282977,998.5418408957801,0.7873951535091485,0.8482606305857733,4.1212968755101025e-05,6.0851082727048184e-05,0.03100110463526181,33,30.0,5.0,1000.0,0,three_faults
2025-11-24T20:15:49.294885+00:00,30.542217647314885,5.151485881709009,989.6875352998861,0.7811148742602818,0.849985917887129,2.9354087036922578e-05,4.387458370673015e-05,0.030795503543663547,37,30.0,5.0,1000.0,0,three_faults
2025-11-24T20:15:50.238715+00:00,30.59039896509371,5.138483333209501,992.0984735411097,0.785333370481681,0.8520892975241852,6.268850929263977e-05,3.448432225909252e-05,0.027912230998120516,31,30.0,5.0,1000.0,0,three_faults
2025-11-24T20:15:51.369570+00:00,30.62220357442759,5.123004108805329,1004.2841529340262,0.7854834963966709,0.8464528264241498,3.0213259315864734e-05,6.791173778329975e-05,0.03102437184407621,34,30.0,5.0,1000.0,0,three_faults
2025-11-24T20:15:52.437913+00:00,30.674855627928856,5.22826283475371,1004.4126885354331,0.7731613800772386,0.8505105857411631,5.000151802103537e-05,6.552549196066346e-05,0.030535540395412765,38,30.0,5.0,1000.0,0,three_faults
2025-11-24T20:15:53.538322+00:00,30.704359917414898,5.192351034136026,998.4400320246542,0.7733455365193997,0.8470914394650307,6.465001704956772e-05,3.0201042206284828e-05,0.03053961404083334,38,30.0,5.0,1000.0,0,three_faults
2025-11-24T20:15:54.538168+00:00,30.757290086442197,5.122137272238695,1006.9529225427589,0.7761106451551267,0.845802025355421,3.673081351647215e-05,3.9112674168831086e-05,0.028002060843367604,35,30.0,5.0,1000.0,0,three_faults
2025-11-24T20:15:55.668276+00:00,30.797171501449007,5.119289094948326,991.9004738275045,0.7650129712669003,0.8510492896247537,7.650004539604261e-05,3.1565624741484104e-05,0.03077623204646008,38,30.0,5.0,1000.0,0,three_faults
2025-11-24T20:15:56.738346+00:00,30.835154956048623,5.048703831665294,996.5830612827887,0.7722910582561127,0.8510210730992842,2.6997195479199423e-05,6.40319186958522e-05,0.03088759635125543,36,30.0,5.0,1000.0,0,three_faults
2025-11-24T20:15:57.908489+00:00,30.90062994539619,5.187397682326692,1003.425846045286,0.7624238123106889,0.8464805614282024,5.7979486821937505e-06,5.034209900044303e-05,0.030695944989899908,36,30.0,5.0,1000.0,0,three_faults
2025-11-24T20:15:58.958151+00:00,30.947121236041905,5.253029593800387,996.576450937625,0.7638910127881439,0.8523689772096513,4.027177885739007e-05,2.805281289483502e-05,0.030050987696094517,36,30.0,5.0,1000.0,0,three_faults
2025-11-24T20:16:00.008127+00:00,30.99428890053751,5.175261970393818,989.4614142007131,0.7550662707185964,0.8516419929323955,5.584827997292891e-05,2.5383277579373363e-05,0.026922697237566733,34,30.0,5.0,1000.0,0,three_faults
2025-11-24T20:16:01.098229+00:00,31.031722637045508,5.099475687710985,1008.2752573462035,0.7583972586551702,0.8482844738085913,7.650497725059342e-05,3.8907537607708356e-05,0.03025142399798065,33,30.0,5.0,1000.0,0,three_faults
2025-11-24T20:16:02.108015+00:00,31.071107069520917,5.010439188938179,1002.1914629905903,0.7508808892263004,0.8480047553860517,4.7852686951096446e-05,1.9295573259994698e-05,0.02728617538201488,34,30.0,5.0,1000.0,0,three_faults
2025-11-24T20:16:03.038793+00:00,31.09672581169564,4.980471410491697,988.9266791600992,0.7545880113461495,0.8507266338085964,5.319894914658889e-05,5.496213513065411e-05,0.026777659874811982,34,30.0,5.0,1000.0,0,three_faults
2025-11-24T20:16:04.272688+00:00,31.146082157404418,5.010315355142945,998.8770283259139,0.7448093001027218,0.854288378111286,1.654374206272118e-05,5.2160496635178154e-05,0.02990550230023796,38,30.0,5.0,1000.0,0,three_faults
2025-11-24T20:16:05.298080+00:00,31.16663732741795,5.07037474583114,1002.6540188801919,0.7539034530961654,0.8495134053719525,2.0750510656870884e-05,4.631611151102862e-05,0.027370092140814966,32,30.0,5.0,1000.0,0,three_faults
2025-11-24T20:16:06.319330+00:00,31.20161599578401,5.045855654374927,991.554106577031,0.7428558705868837,0.8529318004336183,8.562791654222803e-05,3.252648242876683e-05,0.026792829816496628,34,30.0,5.0,1000.0,0,three_faults
2025-11-24T20:16:07.237750+00:00,31.25210130091983,4.969450202715927,998.8587001528143,0.7386391705881313,0.8515503746687763,1.7947080821382064e-05,2.838441339531088e-05,0.029255494905473352,34,30.0,5.0,1000.0,0,three_faults
2025-11-24T20:16:08.238106+00:00,31.294976859826072,5.047217826122495,1010.1153393729434,0.7351522464769318,0.8473793648939869,2.846136136098123e-05,6.829354887232437e-05,0.02660616928022194,32,30.0,5.0,1000.0,0,three_faults
2025-11-24T20:16:09.345369+00:00,31.339146994690054,5.04375047985596,1007.5470054365088,0.7300326172845323,0.8499357348283634,6.756998811543319e-05,1.5583820087704173e-05,0.029313035352380362,35,30.0,5.0,1000.0,0,three_faults
2025-11-24T20:16:10.361086+00:00,31.386106099770796,4.981833582239266,1007.8645911620746,0.7344377342107483,0.8451968101278318,1.989027315938116e-05,4.816138046613275e-06,0.02661663929105288,32,30.0,5.0,1000.0,0,three_faults
2025-11-24T20:16:11.354727+00:00,31.381432323160983,4.934157571074411,998.2768257087131,0.7327365722964853,0.8491946749835859,3.7061208304433005e-05,1.9281905396790632e-05,0.026007436489196813,32,30.0,5.0,1000.0,0,three_faults
2025-11-24T20:16:12.437836+00:00,31.407153943706735,4.9062949671468985,997.2769839609584,0.7254061294474965,0.8482082441972295,8.02171193752268e-05,5.402008616761245e-05,0.02888938736591671,38,30.0,5.0,1000.0,0,three_faults
2025-11-24T20:16:13.437846+00:00,31.437554368356338,4.842892063987405,993.0505491705087,0.722208175450465,0.8520406162929582,4.623931127340281e-05,4.009880794670354e-05,0.02604341920480776,35,30.0,5.0,1000.0,0,three_faults
2025-11-24T20:16:14.437700+00:00,31.498409650296928,4.893292418647393,993.2775142130246,0.7147039507735387,0.8515687871927875,2.2685188539443627e-05,8.052566278270406e-05,0.025758981275935594,31,30.0,5.0,1000.0,0,three_faults
2025-11-24T20:16:15.538807+00:00,31.541201748065365,4.957066823192587,997.3665803410852,0.7171721764343517,0.8524454977311453,5.1210106771160224e-05,4.441951902720838e-05,0.028388240318462606,37,30.0,5.0,1000.0,0,three_faults
2025-11-24T20:16:16.538754+00:00,31.55227359897994,4.9532279755403525,1007.1588404275005,0.713459626231455,0.8481882100787261,2.5909219972176852e-05,6.209560901643205e-05,0.025453318832126568,34,30.0,5.0,1000.0,0,three_faults
2025-11-24T20:16:17.684747+00:00,31.564627233071462,5.021460396713948,999.601840967044,0.7099067722042902,0.8517389721515829,7.56923251155153e-05,6.0585321906389365e-05,0.028740917451963725,35,30.0,5.0,1000.0,0,three_faults
2025-11-24T20:16:18.638463+00:00,31.624937943257475,4.981833582239266,997.6958809806185,0.7103023067990757,0.8503450611009213,1.9162327742212012e-05,2.3811382157909165e-05,0.02581204110602041,33,30.0,5.0,1000.0,0,three_faults
2025-11-24T20:16:19.732568+00:00,31.61556369001035,5.0267852499089845,995.9034848816057,0.6976709334708175,0.8519495950789313,3.51283501210476e-05,4.375270639331447e-05,0.025144836398335972,32,30.0,5.0,1000.0,0,three_faults
2025-11-24T20:16:20.758595+00:00,31.656287288506995,5.032605438284954,998.6500896493907,0.707901789460654,0.8518033115039326,4.386792659812661e-05,4.2313503345801643e-05,0.017811398954195215,36,30.0,5.0,1000.0,1,three_faults
2025-11-24T20:16:21.782832+00:00,31.61556226054271,5.025423078161419,1000.5466569927746,0.7050653627906913,0.8507144605141426,4.322663546360445e-05,3.201774474826673e-05,0.012682680326097723,34,30.0,5.0,1000.0,1,three_faults
2025-11-24T20:16:22.806531+00:00,31.589768614581253,4.96412534952089,1006.8228553605379,0.6989673097190632,0.8483020207027303,7.184281404557484e-05,3.1516786782606826e-05,0.012561001716637819,37,30.0,5.0,1000.0,1,three_faults
2025-11-24T20:16:23.838606+00:00,31.53694355753891,4.9062949671468985,1001.1805403531366,0.7029548211228717,0.8514801683741755,4.405496255845402e-05,6.0910179269152635e-05,0.014060743458203798,36,30.0,5.0,1000.0,1,three_faults
2025-11-24T20:16:24.938060+00:00,31.519923238663328,4.9632585129542575,1011.6906506330477,0.7012619966358274,0.8468163144267821,4.260499248387381e-05,5.733710360783593e-05,0.01388793507932999,38,30.0,5.0,1000.0,1,three_faults
2025-11-24T20:16:26.037791+00:00,31.50287411387072,4.93849175390758,1002.7572227782836,0.691997495031803,0.8469365958158104,4.926058285782046e-05,2.4474884241681124e-05,0.013820527943243196,37,30.0,5.0,1000.0,1,three_faults
2025-11-24T20:16:27.137952+00:00,31.46031577176426,4.953351809335587,999.0802097922083,0.6966360744538673,0.8481782606691138,2.755556962692559e-05,5.799503841483428e-05,0.01373676354465087,35,30.0,5.0,1000.0,1,three_faults
2025-11-24T20:16:28.139121+00:00,31.435216810830326,4.9968174714625055,996.5532122956229,0.6979220380604148,0.846967080114846,1.435556608027937e-05,2.1300914426971812e-05,0.01246486063230366,34,30.0,5.0,1000.0,1,three_faults
2025-11-24T20:16:29.258487+00:00,31.407149586239658,4.99917031357194,995.3898172190723,0.6943438222200488,0.8500754421227946,4.9266857299477555e-05,2.9893845460238894e-05,0.013668392501810756,39,30.0,5.0,1000.0,1,three_faults
2025-11-24T20:16:30.280980+00:00,31.353390990433404,4.954590147287918,1007.5185881101822,0.7014152615749926,0.8461171275383231,6.427136489280471e-05,5.663736454113165e-05,0.012689651942156962,34,30.0,5.0,1000.0,1,three_faults
2025-11-24T20:16:31.510847+00:00,31.34126773721649,4.954590147287919,999.1363146605835,0.6861381481969476,0.8487021772631258,2.710504122495689e-05,1.8275423114534027e-05,0.013626605045827245,33,30.0,5.0,1000.0,1,three_faults
2025-11-24T20:16:32.512496+00:00,31.33065350507925,4.943445105716913,998.6861619557425,0.6932096782880611,0.8505301409047817,3.492353721964374e-05,6.098349137179155e-05,0.013776508862452626,38,30.0,5.0,1000.0,1,three_faults
2025-11-25T14:21:22.370841+00:00,31.07193695950225,4.766362778533167,1006.7426359553443,0.3897281720708961,0.8465726209457476,5.844037698411572e-05,4.412453029521946e-05,0.015341565371402228,36,30.0,5.0,1000.0,0,single_fault
2025-11-25T14:21:23.368500+00:00,31.050134761194933,4.810199942045788,1001.7981757362722,0.38797166731191474,0.847940126269543,4.750966445050335e-05,6.405823895443157e-05,0.013871666111372642,31,30.0,5.0,1000.0,0,single_fault
2025-11-25T14:21:24.468424+00:00,31.035956915347754,4.784937847818178,1003.8262181375965,0.3901061785897919,0.8467904391027242,7.677104412209892e-05,2.1815571572456733e-05,0.01531268344975418,39,30.0,5.0,1000.0,0,single_fault
2025-11-25T14:21:25.467815+00:00,31.017542641852152,4.763886102628501,993.5525991764064,0.3801875370661338,0.8510440252736936,2.6732579885100886e-05,2.1599032964340473e-05,0.01327549654784132,33,30.0,5.0,1000.0,0,single_fault
2025-11-25T14:21:26.468143+00:00,30.99195417060964,4.763886102628501,997.19557164461,0.38800044291714086,0.8503223751476471,1.850628530185124e-05,6.347274192445855e-05,0.014198757256886472,33,30.0,5.0,1000.0,0,single_fault
2025-11-25T14:21:27.469090+00:00,30.99894729373197,4.7788699918517406,985.855189197162,0.38051348153251296,0.8531078345367916,5.688896128926495e-05,3.180383117104337e-05,0.01430003118111765,31,30.0,5.0,1000.0,0,single_fault
2025-11-25T14:21:28.511472+00:00,30.92683154701365,4.765248274376067,1003.704072051012,0.38869004460452333,0.8512506309523996,3.329563955686531e-05,4.623552693038307e-05,0.01372125696842519,33,30.0,5.0,1000.0,0,single_fault
2025-11-25T14:21:29.569828+00:00,30.934443989466878,4.803512917103184,1004.3227049525678,0.37914667981321487,0.8468207151491328,1.9814446229526376e-05,6.91582239599105e-05,0.015311727600392728,40,30.0,5.0,1000.0,0,single_fault
2025-11-25T14:21:30.678894+00:00,30.911183549124644,4.86542981471988,991.1434481343829,0.38395013572340064,0.8545153497554011,2.6562472205324295e-05,5.670712861414378e-05,0.015532572854869961,37,30.0,5.0,1000.0,0,single_fault
2025-11-25T14:21:31.768829+00:00,30.87527720951526,4.945921781621583,1004.577520237795,0.3837924799872038,0.8501785490847531,3.0375659555826356e-05,4.86046433991161e-05,0.015239679859316485,37,30.0,5.0,1000.0,0,single_fault
2025-11-25T14:21:32.768190+00:00,30.87570153564065,4.9791092387441305,1000.4376837632879,0.38276919160189804,0.8484201139938558,2.897823954825785e-05,5.724178791940534e-05,0.013611193419355735,38,30.0,5.0,1000.0,0,single_fault
2025-11-25T14:21:33.768705+00:00,30.880345528009855,4.977747066996564,1002.6885171239012,0.3802581223549631,0.851269769723236,2.3902396063603364e-05,2.524170453025218e-05,0.013711570925764218,33,30.0,5.0,1000.0,0,single_fault
2025-11-25T14:21:34.868130+00:00,30.84148326759652,4.981833582239265,1002.8029253280752,0.37912486631202286,0.8485275972662858,3.6456246167509775e-05,4.916944286182985e-05,0.014971754596917214,37,30.0,5.0,1000.0,0,single_fault
2025-11-25T14:21:35.968075+00:00,30.83093077738288,4.99297862381027,1004.0967824202787,0.37716670042078815,0.8482475639074516,7.294272195456644e-05,6.175214122735792e-05,0.014909810045694707,35,30.0,5.0,1000.0,0,single_fault
2025-11-25T14:21:36.969961+00:00,30.817627288345125,5.060839543598169,1001.7091883007568,0.38107871402672544,0.8482769087869801,3.112244197811475e-05,4.753747870782126e-05,0.01355512820130735,34,30.0,5.0,1000.0,0,single_fault
2025-11-25T14:21:38.069537+00:00,30.75074789010665,5.100714025663318,1003.252316798827,0.38289304348149594,0.8500413329919422,1.0968493090634088e-05,7.254848224061812e-05,0.014745977165298905,35,30.0,5.0,1000.0,0,single_fault
2025-11-25T14:21:39.069190+00:00,30.752644172335977,5.244732729519751,1003.4812354427615,0.3727278617808535,0.8449120926602676,2.6394848597849276e-05,5.52524180270526e-05,0.013551663354539799,31,30.0,5.0,1000.0,0,single_fault
2025-11-25T14:21:40.068845+00:00,30.748005324677973,5.338722580101893,996.3007067564511,0.3801735161648148,0.84886565066966,3.840069448205256e-05,2.697335937810571e-05,0.013646153605761659,35,30.0,5.0,1000.0,0,single_fault
2025-11-25T14:21:41.169029+00:00,30.72544503992613,5.306278125750745,998.5319706440386,0.37847384622981645,0.8500248058502684,2.734041049817056e-05,4.861048303538018e-05,0.015040926122518393,37,30.0,5.0,1000.0,0,single_fault
2025-11-25T14:21:42.168888+00:00,30.7271333562123,5.483112785344025,1000.1475359777694,0.37169956366199547,0.8502317168296727,8.069338244986616e-06,4.407458083642182e-05,0.013166397980899964,32,30.0,5.0,1000.0,0,single_fault
2025-11-25T14:21:43.269891+00:00,30.67064136494719,5.739696409067608,996.2890795916621,0.37933536686356123,0.848768467272123,4.2658878885210354e-05,4.736184133560983e-05,0.01487808588275347,35,30.0,5.0,1000.0,0,single_fault
2025-11-25T14:21:44.268784+00:00,30.645994538061366,5.61524344485805,996.4487091889605,0.37361275429303187,0.8497632584757053,4.476734099998412e-05,7.899606346027635e-05,0.013506347789118769,34,30.0,5.0,1000.0,0,single_fault
2025-11-25T14:21:45.368447+00:00,30.64537962360256,5.776846547637624,1003.1157359995527,0.38262526138434966,0.8510103057059816,9.252565804148785e-05,3.833063040437502e-05,0.015290676941832868,39,30.0,5.0,1000.0,0,single_fault
2025-11-25T14:21:46.469977+00:00,30.63272880274558,5.503173860171834,999.9643385394328,0.3713364734655005,0.8473579339462819,3.794739753097657e-05,3.954145248321602e-05,0.014199924158197966,35,30.0,5.0,1000.0,0,single_fault
2025-11-25T14:21:47.469286+00:00,30.618204661731493,5.444971976412141,991.2826331882022,0.3765275364364451,0.8533830911279423,7.955356145821354e-05,3.606994011141603e-05,0.013707729230301653,35,30.0,5.0,1000.0,0,single_fault
2025-11-25T14:21:48.600626+00:00,30.58430310103919,5.184921006422023,1002.363487666104,0.37441967782139524,0.8499038250633549,0.00010946948846022022,2.3639657447557185e-05,0.014926302530767595,36,30.0,5.0,1000.0,0,single_fault
2025-11-25T14:21:49.569359+00:00,30.557989864069334,5.08535863505438,998.5152897476999,0.3744648779407937,0.8494220011469944,6.043023913878281e-05,6.166193027662859e-05,0.01322107494326256,32,30.0,5.0,1000.0,0,single_fault
2025-11-25T14:21:50.573951+00:00,30.560315244947702,4.965487521268459,1000.5389278970758,0.3760043658609575,0.8504103902568376,7.895349033598135e-05,3.486061221989705e-05,0.013571865260343687,34,30.0,5.0,1000.0,0,single_fault
2025-11-25T14:21:51.669473+00:00,30.527483950851316,4.8617148008628766,1001.7808673514486,0.3771729969033919,0.8498341660811183,7.803828131458998e-05,2.859613280042993e-05,0.014893811454657136,35,30.0,5.0,1000.0,0,single_fault
2025-11-25T14:21:52.768661+00:00,30.523274899542933,4.860476462910544,1004.6821062349056,0.37009579669373927,0.8484209740847738,4.5030950135845605e-05,3.7350980385492874e-05,0.014359234101126345,36,30.0,5.0,1000.0,0,single_fault
2025-11-25T14:21:53.868393+00:00,30.485420822484897,4.849331421339539,997.6187499475084,0.3748735144933054,0.8508665915804602,2.6375345335760683e-05,2.856966463309338e-05,0.01492348222978775,39,30.0,5.0,1000.0,0,single_fault
2025-11-25T14:21:54.967382+00:00,30.45599731863152,4.838186379768533,1004.5693741937306,0.3783593891230181,0.8459009058613294,4.068101502086499e-05,4.3602426511990135e-05,0.015512235639421732,36,30.0,5.0,1000.0,0,single_fault
2025-11-25T14:21:56.069841+00:00,30.443387249513293,4.834471365911532,1005.0383247508256,0.37487590119938613,0.8470788854054075,5.6001338287151385e-05,5.666179275796359e-05,0.01473803886214092,37,30.0,5.0,1000.0,0,single_fault
2025-11-25T14:21:57.197723+00:00,30.43288366481349,4.855523111101208,996.0026603666475,0.3724290188137982,0.8504783091584877,2.403510661769223e-05,2.6969547559083204e-05,0.01439040259409343,35,30.0,5.0,1000.0,0,single_fault
2025-11-25T14:21:58.169037+00:00,30.42384949435793,4.868773327191181,992.2256443899611,0.3779171767377836,0.8521955631629334,3.5658020915706155e-05,6.59018634994294e-05,0.013501282804812508,33,30.0,5.0,1000.0,0,single_fault
2025-11-25T14:21:59.169281+00:00,30.377641146409974,4.9096384796181995,995.9254466574324,0.3694264753846596,0.8515007086704929,5.9150060699513295e-05,5.866405396618454e-05,0.01328748237370196,34,30.0,5.0,1000.0,0,single_fault
2025-11-25T14:22:00.273647+00:00,30.352230399005457,4.924622368841439,1005.1705151677932,0.3803902464265463,0.8479252495988547,1.9693693483682144e-05,5.9455478819694376e-05,0.013628290946657871,33,30.0,5.0,1000.0,0,single_fault
2025-11-25T14:22:01.268886+00:00,30.35517823491064,4.9298233882412426,994.871741126616,0.37388761226002176,0.852030886414033,6.00734270075962e-05,2.981665234710157e-05,0.014713669837565767,34,30.0,5.0,1000.0,0,single_fault
2025-11-25T14:22:02.367993+00:00,30.34047862620017,4.874098180386218,999.2487337659102,0.3717271705626713,0.8505431067293432,8.117704873831856e-05,3.100529815623225e-05,0.014574041929597754,36,30.0,5.0,1000.0,0,single_fault
2025-11-25T14:22:03.370066+00:00,30.322216375830095,4.831994690006865,1004.0821936054286,0.37281868983607513,0.8489434978840512,4.795095414871468e-05,5.806592535933421e-05,0.01373927277812165,34,30.0,5.0,1000.0,0,single_fault
2025-11-25T14:22:04.570965+00:00,30.342575524964264,4.8641914767675445,1001.274944438416,0.3739414819952987,0.8506121694633797,1.840989914456204e-05,3.1092703000815065e-05,0.014931193152536076,36,30.0,5.0,1000.0,0,single_fault
2025-11-25T14:22:05.600725+00:00,30.300608922256163,4.8852432219572215,999.5930091467427,0.37483082481313784,0.8483309955570539,3.6444775514718556e-05,6.280199499329529e-05,0.014874996684467826,34,30.0,5.0,1000.0,0,single_fault
2025-11-25T14:22:06.723729+00:00,30.296835840402615,4.885119388161987,990.1829198273448,0.3769957679282556,0.8536934622198615,5.6642316642698604e-05,4.18570045676149e-05,0.013416568678852832,33,30.0,5.0,1000.0,0,single_fault
2025-11-25T14:22:07.569291+00:00,30.27375391583562,4.87967070117172,1002.1995387339518,0.3702899718232979,0.8506301395129057,6.556846783954776e-05,4.371236217004369e-05,0.012856019319739991,31,30.0,5.0,1000.0,0,single_fault
2025-11-25T14:22:08.749119+00:00,30.256562172402052,4.857999787005875,990.7775819151251,0.3750798867996488,0.8545246452098123,7.657201181491104e-05,0.00011076283153343524,0.014763197092669452,36,30.0,5.0,1000.0,0,single_fault
2025-11-25T14:22:09.795442+00:00,30.20205589988665,4.907533305099232,997.1373330698952,0.37971861715941524,0.8530516603537142,5.710725198708935e-05,4.290920358506038e-05,0.015260883399283623,35,30.0,5.0,1000.0,0,single_fault
2025-11-25T14:22:10.844454+00:00,30.20687905130206,4.868773327191181,1006.376444795809,0.37146631523096024,0.8509349877789983,3.8999706602965725e-05,4.9661044801403714e-05,0.012734036730270687,34,30.0,5.0,1000.0,0,single_fault
2025-11-25T14:22:11.894026+00:00,30.172726881765165,4.919916684622571,1005.5802285676274,0.3822648688317759,0.849870482804249,3.195850949337509e-05,2.983432670483243e-05,0.015232150091457038,37,30.0,5.0,1000.0,0,single_fault
2025-11-25T14:22:12.942183+00:00,30.18613673030351,4.940968429812247,993.6548164575679,0.3751335803818539,0.853093210566341,3.53475411078904e-05,6.078613855355763e-05,0.013571395025337685,31,30.0,5.0,1000.0,0,single_fault
2025-11-25T14:22:13.989212+00:00,30.15596934044074,4.948398457526252,1002.4129531689116,0.373743229180408,0.8509129257980508,1.7810427207476785e-05,3.948267995899777e-05,0.01487701406505499,34,30.0,5.0,1000.0,0,single_fault
2025-11-25T14:22:15.039101+00:00,30.15156761213973,4.995455299714939,1004.473761623334,0.3758105735981909,0.8511371903906724,2.5014438884124553e-05,1.028603192656384e-05,0.013518619513417917,36,30.0,5.0,1000.0,0,single_fault
2025-11-25T14:22:15.968479+00:00,30.119338917046072,5.015887875928447,1000.98468409664,0.3860735567634344,0.8489867021807814,5.4653816555655774e-05,6.559874184981613e-05,0.0138699431925537,33,30.0,5.0,1000.0,0,single_fault
2025-11-25T14:22:17.136674+00:00,30.132939250083925,4.9892636099532695,1009.3497247787817,0.37283679864440006,0.8473169408249741,7.290274003522357e-05,3.905940544075137e-05,0.014536862721551866,37,30.0,5.0,1000.0,0,single_fault
2025-11-25T14:22:18.070383+00:00,30.10781389767694,4.927346712336574,1000.6960040325475,0.37904061027950414,0.8520341649166909,3.973232886040473e-05,4.063196737919339e-05,0.013604724728638213,31,30.0,5.0,1000.0,0,single_fault
2025-11-25T14:22:19.233513+00:00,30.088969917422762,4.953351809335586,1002.9264341106799,0.37181809522267795,0.8458124716947828,1.7690355548184356e-06,4.167396679679815e-05,0.014447058693709125,36,30.0,5.0,1000.0,0,single_fault
2025-11-25T14:22:20.170944+00:00,30.070979281089173,5.009077017190611,997.1746312352343,0.3776421536506084,0.8501983620659133,2.640265650703755e-05,1.7422131487654335e-05,0.01387112888483261,34,30.0,5.0,1000.0,0,single_fault
2025-11-25T14:22:21.331348+00:00,30.07850578485483,4.966973526811257,1000.1665441802284,0.37835880511656295,0.8497082096479832,4.4082903751060766e-05,5.6587937981550794e-05,0.014854200690801359,35,30.0,5.0,1000.0,0,single_fault
2025-11-25T14:22:22.268673+00:00,30.045670209029687,4.969574036511159,1000.6947230766051,0.3782636088642742,0.8479074460493304,3.1184511432038326e-05,0.0,0.013245613921764333,32,30.0,5.0,1000.0,0,single_fault
2025-11-25T14:22:23.426643+00:00,30.01993379374958,4.901341615337563,1010.1323082134858,0.385452780988896,0.8455781457621584,7.712584054369207e-05,2.170858687607329e-05,0.015027583863772832,35,30.0,5.0,1000.0,0,single_fault
2025-11-25T14:22:24.372129+00:00,27.242103442442534,4.796578224570114,1005.1400496192844,0.5030617967882148,0.8451857083614531,7.878043410383541e-05,2.997684078954341e-05,0.018306129303125578,35,30.0,5.0,1000.0,1,single_fault
2025-11-25T14:22:25.525064+00:00,23.1489781199527,4.82084964843586,996.5511212336643,0.6065574720291306,0.8504518978231171,2.535273870412565e-05,8.396754429360116e-05,0.024048080588136345,35,30.0,5.0,1000.0,1,single_fault
2025-11-25T14:22:26.573243+00:00,23.13909481818914,4.872859842433883,1000.1997293380019,0.6239847538365471,0.8460779988491341,5.9297788639189325e-05,6.625528996517586e-05,0.0246272671990269,39,30.0,5.0,1000.0,1,single_fault
2025-11-25T14:22:27.669437+00:00,23.16479555112545,4.893911587623558,998.4333712314321,0.6230856709159032,0.8478514587992687,4.522735033039996e-05,4.767745208342487e-05,0.02458126473039494,37,30.0,5.0,1000.0,1,single_fault
2025-11-25T14:22:28.768979+00:00,23.1905032476408,4.895149925575893,989.7716019973093,0.6352758354340864,0.850756213256211,3.379610181179007e-05,4.4635871781317236e-05,0.02491274474727491,33,30.0,5.0,1000.0,1,single_fault
2025-11-25T14:22:29.966274+00:00,23.228076943538223,4.924870036431907,998.2814862810628,0.6440049931308214,0.852154580788006,4.8167801033188214e-05,4.297405262730061e-05,0.025262172280181856,36,30.0,5.0,1000.0,1,single_fault
2025-11-25T14:22:30.889513+00:00,23.272583130680278,4.909638479618198,1005.1907756947667,0.654022384351018,0.846202063707328,3.359301037781067e-05,5.963116138928765e-05,0.023539010832957334,32,30.0,5.0,1000.0,1,single_fault
2025-11-25T14:22:31.968126+00:00,23.25576802866473,4.950875133430918,993.8467615442609,0.6649915264906126,0.8513498420696052,3.027915274837291e-05,1.9860728727059198e-05,0.026337376479627025,36,30.0,5.0,1000.0,1,single_fault
2025-11-25T14:22:33.069860+00:00,23.326992988188113,4.9446834436692475,1002.8589222314063,0.66846588174475,0.8484152124792218,4.813830039492823e-05,7.372078489062819e-05,0.026481715222603935,39,30.0,5.0,1000.0,1,single_fault
2025-11-25T14:22:34.069754+00:00,23.342231209217594,4.949141460297651,1003.1171211753775,0.6781126967681433,0.84829962994499,6.675626338507414e-05,3.621959570510415e-05,0.02469538000678991,34,30.0,5.0,1000.0,1,single_fault
2025-11-25T14:22:35.069878+00:00,23.39448230084657,4.872859842433882,1005.0036465268304,0.6830178860187187,0.8481784258744198,4.839326715663644e-05,4.507663106326083e-05,0.024920466909249914,36,30.0,5.0,1000.0,1,single_fault
2025-11-25T14:22:36.169336+00:00,23.406168698734938,4.9112483189562335,993.5454667805487,0.6963322717542532,0.8504897193468658,6.10478216731651e-05,4.390823632012849e-05,0.02729288200128627,37,30.0,5.0,1000.0,1,single_fault
2025-11-25T14:22:37.268627+00:00,23.465560543144885,4.861714800862877,1003.329440013653,0.7030000046617112,0.8483944803453191,6.0988320936827325e-05,4.667060824272685e-05,0.02775924001406793,39,30.0,5.0,1000.0,1,single_fault
2025-11-25T14:22:38.267653+00:00,23.49902870051788,4.845616407482537,1003.2195610123861,0.7109296270975618,0.8459972311842223,5.059922432280379e-05,4.1125728462085504e-05,0.025681130692961983,34,30.0,5.0,1000.0,1,single_fault
2025-11-25T14:22:39.389300+00:00,23.530917046004586,4.827041338197528,997.839218317303,0.7170406830009056,0.8488938927672613,4.899923114955093e-05,5.8580252220960925e-05,0.028991706726944098,34,30.0,5.0,1000.0,1,single_fault
2025-11-25T14:22:40.412978+00:00,23.555679888538645,4.861962468453345,996.7989651434598,0.7271908001227981,0.8484592378710027,4.950394098670668e-05,5.7887510335594974e-05,0.026118137072091464,32,30.0,5.0,1000.0,1,single_fault
2025-11-25T14:22:41.370559+00:00,23.60581208716482,4.857875953210643,994.9473015582529,0.732990197773279,0.8525857745944269,3.136294859824044e-05,1.760073033101948e-05,0.02666964033856566,33,30.0,5.0,1000.0,1,single_fault
2025-11-25T14:22:42.468169+00:00,23.633958364600627,4.8542847731488745,998.3682486600406,0.7371626883689252,0.8490663225134919,5.4804445579799294e-05,5.8576490648189764e-05,0.02925148379930947,34,30.0,5.0,1000.0,1,single_fault
2025-11-25T14:22:43.569467+00:00,23.663684050695824,4.817134634578856,1003.3621741836021,0.7546205384393144,0.8497306286487828,8.353960958252785e-05,4.246686889304376e-05,0.02972044161470055,37,30.0,5.0,1000.0,1,single_fault
2025-11-25T14:22:44.668793+00:00,23.703339789908913,4.82084964843586,997.3178872482943,0.755490310960798,0.8498028617978858,4.644028848720951e-05,9.386138385718507e-05,0.0295718445028364,37,30.0,5.0,1000.0,1,single_fault
2025-11-25T14:22:45.778371+00:00,23.746962714733787,4.870383166529215,996.6463831750785,0.7703618636789414,0.8517188389578932,2.8209479427394703e-05,2.6025149709494465e-05,0.030414026268945675,36,30.0,5.0,1000.0,1,single_fault
2025-11-25T14:22:47.219165+00:00,23.7767123062627,4.846854745434872,1007.0478329219335,0.7694105779649697,0.8464620073131198,7.73324932026913e-05,6.223381228487232e-05,0.02994620744957585,35,30.0,5.0,1000.0,1,single_fault
2025-11-25T14:22:48.073482+00:00,23.84615148515043,4.8592381249582095,997.2745237276845,0.7772506986834338,0.8521276223980645,4.598593129519151e-05,6.345171395602322e-05,0.030494332657573658,37,30.0,5.0,1000.0,1,single_fault
2025-11-25T14:22:49.120033+00:00,23.87194880951438,4.86877332719118,1015.7735802033916,0.7923027236717837,0.8420031490191626,1.474805605771746e-05,3.8900555784508866e-05,0.02828243233757591,36,30.0,5.0,1000.0,1,single_fault
2025-11-25T14:22:50.169658+00:00,23.92156945253241,4.879051532195551,990.0098200407039,0.7949709542164819,0.8534012661521987,6.332035806102686e-05,3.687808039612896e-05,0.031230985997732552,35,30.0,5.0,1000.0,1,single_fault
2025-11-25T14:22:51.218377+00:00,23.953332247434446,4.875336518338551,1006.5805964939088,0.8007883559108854,0.8454692341835247,5.904013265671111e-05,7.94482439106691e-05,0.03160476781803259,37,30.0,5.0,1000.0,1,single_fault
2025-11-25T14:22:52.269498+00:00,23.999003441688796,4.854284773148875,1005.6801800262834,0.812196989718715,0.8443302421081135,8.025156707506184e-05,4.506809942672076e-05,0.032007768470749605,37,30.0,5.0,1000.0,1,single_fault
2025-11-25T14:22:53.313947+00:00,24.055415864450435,4.808837770298221,998.9778891289085,0.8131328002962341,0.8476157990767534,7.683116973245027e-05,4.380636333288095e-05,0.02936782169271553,31,30.0,5.0,1000.0,1,single_fault
2025-11-25T14:22:54.442237+00:00,24.088200800332647,4.792491709327414,998.7881350090972,0.8289033803723852,0.8482479446296882,3.180631562847812e-05,4.488323804928267e-05,0.029926085398115396,32,30.0,5.0,1000.0,1,single_fault
2025-11-25T14:22:55.414068+00:00,24.157959699243715,4.827041338197528,1005.0380128368943,0.8264349188759024,0.845777676276396,3.365759882565549e-05,7.032133654203833e-05,0.032444654635676834,38,30.0,5.0,1000.0,1,single_fault
2025-11-25T14:22:56.369304+00:00,24.212830118814928,4.8810328729192864,991.8440580831823,0.835636915405472,0.8507842707298104,5.6535390703543635e-05,3.1538142654359064e-05,0.030181419483850745,35,30.0,5.0,1000.0,1,single_fault
2025-11-25T14:22:57.411954+00:00,24.243459598789677,4.875584185929017,996.659175702475,0.8400880492348828,0.8486498831033028,4.5166998656425764e-05,0.00010559880621025745,0.02987447422258117,33,30.0,5.0,1000.0,1,single_fault
2025-11-25T14:22:58.468176+00:00,24.28722297375839,4.96449685090659,994.1182755897978,0.857254028409931,0.850291035047108,2.7079926155824026e-05,3.331922565414403e-05,0.03401813928893514,34,30.0,5.0,1000.0,1,single_fault
2025-11-25T14:22:59.468023+00:00,24.33318583013446,4.954590147287919,998.4176197366121,0.8498134878426266,0.8502974151790239,2.7174510428547012e-05,4.549291069599557e-05,0.03060226949242535,31,30.0,5.0,1000.0,1,single_fault
2025-11-25T14:23:00.467868+00:00,27.88978259164832,4.949141460297652,1007.6014328043506,0.6820581472956606,0.8462253564242171,7.391838961239749e-05,1.781738162190915e-05,0.024584614988204693,33,30.0,5.0,1000.0,1,single_fault
2025-11-25T14:23:01.570077+00:00,31.417782327349013,4.846854745434872,996.1646209388554,0.6281585596492777,0.8492607619365782,6.23275772894785e-05,3.21523729289758e-05,0.02508151070759147,34,30.0,5.0,1000.0,0,single_fault
2025-11-25T14:23:02.752709+00:00,31.413530353176274,4.845616407482537,1005.7798429885883,0.6370852337998936,0.8473094716807202,5.2535830782716754e-05,4.9742822219879156e-05,0.025301070467355646,38,30.0,5.0,1000.0,0,single_fault
2025-11-25T14:23:03.802134+00:00,31.430544468963035,4.857999787005877,999.9783871367904,0.6268442657181598,0.8482115311350268,8.84251506229623e-06,4.538466515292477e-05,0.02455065019791059,37,30.0,5.0,1000.0,0,single_fault
2025-11-25T14:23:04.885634+00:00,31.46245516773657,4.908771643051565,999.7670339086579,0.6258741927067647,0.8473875866989254,4.781388066165917e-05,6.601394674212123e-05,0.024616671492973335,37,30.0,5.0,1000.0,0,single_fault
2025-11-25T14:23:05.968223+00:00,31.47308289980957,4.939730091859913,993.914898835215,0.6244621799319706,0.8515314315833152,4.0275513748847964e-05,5.789582564409457e-05,0.02439492106865982,34,30.0,5.0,1000.0,0,single_fault
2025-11-25T14:23:06.970186+00:00,31.46798097665942,4.900103277385229,1005.9101498739286,0.6225787781630943,0.8457915719449673,0.00010600419963498547,4.9204816452395734e-05,0.02285764002328231,35,30.0,5.0,1000.0,0,single_fault
2025-11-25T14:23:08.069128+00:00,31.494371440730973,4.8542847731488745,996.8781510925576,0.617478207885705,0.8499274130541269,2.3878412953190053e-05,3.2023435191680146e-05,0.02400250147166432,36,30.0,5.0,1000.0,0,single_fault
2025-11-25T14:23:09.169023+00:00,31.504999775161437,4.828279676149864,1003.7725303704927,0.6160262409939161,0.8460826939437506,6.170547090476046e-05,4.2103164862596034e-05,0.024258680492157944,34,30.0,5.0,1000.0,0,single_fault
2025-11-25T14:23:10.170460+00:00,31.51012833001645,4.837443376997134,1001.495761721733,0.6136381707251004,0.8494553179303107,1.873182341255926e-05,3.652135246467435e-05,0.02182101577683273,33,30.0,5.0,1000.0,0,single_fault
2025-11-25T14:23:11.268230+00:00,31.545457449423235,4.817134634578856,1001.885111492335,0.6115671222419296,0.846300631370908,9.93292072667244e-05,3.541155860327141e-05,0.023967844882496786,37,30.0,5.0,1000.0,0,single_fault
2025-11-25T14:23:12.268480+00:00,31.55695899671243,4.7638861026285015,1005.4324606109509,0.6078279493927525,0.8461744465149159,4.682669827266128e-05,3.902576203217823e-05,0.021492001175773597,36,30.0,5.0,1000.0,0,single_fault
2025-11-25T14:23:13.367972+00:00,31.549718173201317,4.762647764676166,995.0409240610082,0.6092579980323689,0.8479063305026159,4.267036853770415e-05,6.866639941191154e-05,0.023996117314611043,34,30.0,5.0,1000.0,0,single_fault
2025-11-25T14:23:14.512853+00:00,31.55398327841975,4.801036241198518,1002.4050383741228,0.6035921935804015,0.8480084937269017,5.5966251748372595e-05,7.011633716706294e-05,0.023851806648590042,33,30.0,5.0,1000.0,0,single_fault
2025-11-25T14:23:15.467870+00:00,31.55229088105197,4.8156486290360565,1000.8668630905249,0.603743687780568,0.8469427479087793,4.464540265263022e-05,6.883573469792297e-05,0.02175641222301201,33,30.0,5.0,1000.0,0,single_fault
2025-11-25T14:23:16.567829+00:00,31.575285025163886,4.8443780695302046,999.50222853074,0.5974500832298378,0.84625540220824,2.8713363617866876e-05,3.0306152037104346e-05,0.023727155053062488,35,30.0,5.0,1000.0,0,single_fault
2025-11-25T14:23:17.670108+00:00,31.59020980801572,4.8703831665292165,1006.7016644600967,0.5957421778686325,0.8446808549583467,4.154876114255387e-05,9.168195923600083e-05,0.023573764580191937,36,30.0,5.0,1000.0,0,single_fault
2025-11-25T14:23:18.811681+00:00,31.607264079575646,4.990501947905602,998.4555932214483,0.5928581492801452,0.8475392722364173,4.566060637975497e-05,5.3088883883522245e-05,0.024168691362342534,39,30.0,5.0,1000.0,0,single_fault
2025-11-25T14:23:19.939961+00:00,31.62429115001328,4.945921781621585,999.8767249950707,0.5910270719342183,0.8471005353375722,2.8408728647743003e-05,2.8691966952488403e-05,0.023188551627963044,35,30.0,5.0,1000.0,0,single_fault
2025-11-25T14:23:20.961714+00:00,31.627301837680267,4.957314490783055,991.9703470120678,0.5922393118516259,0.8488529244910555,4.294900367213135e-05,3.3565125519854474e-05,0.021807237781153815,32,30.0,5.0,1000.0,0,single_fault
2025-11-25T14:23:21.880502+00:00,31.634323323887145,4.927346712336574,998.2430886998775,0.5802682899830734,0.8468742312895265,4.561106244001195e-05,1.4125413462024408e-05,0.020603216319299685,34,30.0,5.0,1000.0,0,single_fault
2025-11-25T14:23:22.967798+00:00,31.63069265057677,4.879051532195553,1000.0968502830248,0.588445384597851,0.8477617432140058,4.336764620180942e-05,5.6996412458385874e-05,0.023215972671443708,37,30.0,5.0,1000.0,0,single_fault
2025-11-25T14:23:24.068848+00:00,31.652027238014032,4.927346712336573,994.3696803341853,0.5777310595444974,0.8505403056190045,4.589438557602147e-05,4.926758390214643e-05,0.022883974765392664,37,30.0,5.0,1000.0,0,single_fault
2025-11-25T14:23:25.169388+00:00,31.656284123548335,4.910009981003899,995.7588705489667,0.5773516294413231,0.8492748943771228,2.887293356278221e-05,5.82682891664426e-05,0.02270772052829756,37,30.0,5.0,1000.0,0,single_fault
2025-11-25T14:23:26.345512+00:00,31.65627841051074,4.968211864763593,1009.1685268383793,0.5771057838601956,0.8457387652353785,3.44299729740833e-05,1.776162287084556e-05,0.0228746370066704,39,30.0,5.0,1000.0,0,single_fault
2025-11-25T14:23:27.597677+00:00,31.656285382814552,5.007838679238278,1013.102232633675,0.5714162889195094,0.8428300638178114,1.3202051946493077e-05,6.138390409274153e-05,0.022697624391807024,37,30.0,5.0,1000.0,0,single_fault
2025-11-25T14:23:28.640107+00:00,31.676540550655808,5.033596108646821,989.313246730939,0.5706193485033794,0.8509626892398735,1.562471453307302e-05,2.0947755851218577e-05,0.020510526077739174,31,30.0,5.0,1000.0,0,single_fault
2025-11-25T14:23:29.491478+00:00,31.677606010819716,5.038797128046624,995.0117607499823,0.5682365520081384,0.8494106131781032,3.0017728534989258e-05,3.489057715371902e-05,0.02229161907790151,34,30.0,5.0,1000.0,0,single_fault
2025-11-25T14:23:30.538953+00:00,31.67654544537971,5.112602070005723,998.9901554036518,0.5683141988631792,0.8481163371134761,1.0017871978474085e-05,5.117484437407219e-05,0.020009148135756116,33,30.0,5.0,1000.0,0,single_fault
2025-11-25T14:23:31.590350+00:00,31.690625281399225,5.120775100491128,988.160976505802,0.5608243058105671,0.8519141919960054,5.645103494265916e-05,2.8503488489322378e-05,0.020166987975387882,35,30.0,5.0,1000.0,0,single_fault
2025-11-25T14:23:32.636206+00:00,31.68614645092612,5.096999011806318,1008.2008938336016,0.5599237960976466,0.8463809952238706,5.412317002417633e-05,6.53109750294021e-05,0.022028332435535845,39,30.0,5.0,1000.0,0,single_fault
2025-11-25T14:23:33.689406+00:00,31.690628774684512,5.12894813097653,999.0982507413555,0.5597099695634988,0.8496216685012594,4.5844953960501024e-05,4.56472240089779e-05,0.02026847555192413,33,30.0,5.0,1000.0,0,single_fault
2025-11-25T14:23:34.569758+00:00,31.688278758850146,5.177986313888954,996.3180740053897,0.5563348238886665,0.8505047762010598,3.5818281326034376e-05,5.89026092124392e-05,0.02044940240607672,33,30.0,5.0,1000.0,0,single_fault
2025-11-25T14:23:35.569849+00:00,31.700012790822335,5.154829394180309,997.5147763451736,0.5536970927668836,0.8510516570294466,6.432373143829254e-05,6.32176883057853e-05,0.020139053910449446,33,30.0,5.0,1000.0,0,single_fault
2025-11-25T14:23:36.667524+00:00,31.703221017483273,5.111859067234324,1000.4166382097868,0.5490485004989767,0.8475977950842831,4.488482491776595e-05,5.638015520151111e-06,0.021753496759005345,38,30.0,5.0,1000.0,0,single_fault
2025-11-25T14:23:37.783135+00:00,31.690410944485553,4.997931975619607,994.7338190737395,0.551323900836909,0.8535982052138986,9.344793199785862e-05,2.9621832545664804e-05,0.021965642302969,37,30.0,5.0,1000.0,0,single_fault
2025-11-25T14:23:38.768803+00:00,31.730533717033467,4.946417116802516,1000.026543958845,0.5454502343992802,0.848599118898502,3.4267994762118296e-05,5.414696155341316e-05,0.01990483909358395,34,30.0,5.0,1000.0,0,single_fault
2025-11-25T14:23:39.868546+00:00,31.677618697504258,5.011553693095278,993.7800157121418,0.5491489597991784,0.8516859590554432,2.327908737589619e-05,6.680449919024218e-05,0.02217302379971153,36,30.0,5.0,1000.0,0,single_fault
2025-11-25T14:23:41.027822+00:00,31.72456068090228,5.12300410880533,995.6155922439294,0.5309730923922373,0.8541065938100215,5.7949198126342315e-05,8.821616087119132e-05,0.02099116781301489,37,30.0,5.0,1000.0,0,single_fault
2025-11-25T14:23:42.079456+00:00,31.70961487904318,5.172537626898685,996.1678257141829,0.545297546332785,0.8525716732395605,5.30658470514925e-05,5.640601293119202e-05,0.02208700796201776,38,30.0,5.0,1000.0,0,single_fault
2025-11-25T14:23:43.174952+00:00,31.713885737463116,5.236931200420047,1006.8094267331888,0.536103544923249,0.8495813329613792,3.911478870667982e-05,7.198087119804163e-05,0.02112991665624382,37,30.0,5.0,1000.0,0,single_fault
2025-11-25T14:23:44.269075+00:00,31.707486791814063,5.249314579943385,1002.8858615776415,0.5316277988448465,0.8501369431967795,4.807739287541456e-05,4.564764724507248e-05,0.021187549215175627,37,30.0,5.0,1000.0,0,single_fault
2025-11-25T14:23:45.268858+00:00,31.704706548514586,5.227024496801375,1008.5629021657675,0.5267161726734001,0.8507014947540247,7.631335409486172e-05,4.851803999085431e-05,0.019181179054401854,32,30.0,5.0,1000.0,0,single_fault
2025-11-25T14:23:46.368540+00:00,31.6840113308163,5.1316724744716655,996.7892786352525,0.5374600385591278,0.8495605495933879,5.274204391342905e-05,2.460753671520716e-05,0.021561479852403424,37,30.0,5.0,1000.0,0,single_fault
2025-11-25T14:23:47.368489+00:00,31.711752406397427,5.078547776316542,1001.6399043041152,0.5241558838495102,0.8498700246306756,1.6954390484374033e-05,4.173422435525731e-05,0.018874420928971774,34,30.0,5.0,1000.0,0,single_fault
2025-11-25T14:23:48.368597+00:00,31.678894043501003,5.1684511116559815,999.2308047653705,0.5313407997707142,0.8503472577552704,1.8268486112150786e-05,3.584153600697665e-05,0.018989384435660235,34,30.0,5.0,1000.0,0,single_fault
2025-11-25T14:23:49.468747+00:00,31.71815532318409,5.218356131135038,994.857367004194,0.5129846820495133,0.8524208577724736,7.587815919595897e-05,7.954017578414856e-05,0.020773404528799323,38,30.0,5.0,1000.0,0,single_fault
2025-11-25T14:23:50.567542+00:00,31.68827456512165,5.274081338990063,1000.9014803180243,0.522369459932234,0.8496689281743074,4.564792680028285e-05,7.745275419258523e-05,0.020721904578296906,37,30.0,5.0,1000.0,0,single_fault
2025-11-25T14:23:51.684103+00:00,31.68827964517967,5.313708153464748,995.5043829922898,0.5187936521404625,0.853186045626828,7.423627774204978e-05,4.9991446905776576e-05,0.02080610952293811,39,30.0,5.0,1000.0,0,single_fault
2025-11-25T14:23:52.668504+00:00,31.67654753869231,5.251543588257587,1002.2735273615612,0.514541681802501,0.8501811583000132,5.90902051460544e-05,3.067496884757382e-05,0.018726390469310114,32,30.0,5.0,1000.0,0,single_fault
2025-11-25T14:23:53.769215+00:00,31.679743024518462,5.22207114499204,999.39531650151,0.5143726915646766,0.8510246967259844,2.0472343731506108e-05,4.9314856699281125e-05,0.020220077065156536,38,30.0,5.0,1000.0,0,single_fault
2025-11-25T14:23:54.769841+00:00,31.667156552281305,5.261078790490559,1004.4015609010652,0.5137462162200964,0.8495443936712647,2.399366236001843e-05,1.7079034132594256e-05,0.01849927600120481,33,30.0,5.0,1000.0,0,single_fault
2025-11-25T14:23:55.872730+00:00,31.688282850509587,5.179967654612688,1003.0806591295518,0.505058603031232,0.8493939272481614,7.095802791545328e-05,1.1653006421226093e-05,0.02021958952137932,37,30.0,5.0,1000.0,0,single_fault
2025-11-25T14:23:56.970472+00:00,31.681878761485475,5.099475687710986,1002.7900100463095,0.5060653666445147,0.849575419158188,5.012040477232622e-05,3.753607859155793e-05,0.020088218117085242,36,30.0,5.0,1000.0,0,single_fault
2025-11-25T14:23:58.069647+00:00,31.677608541434882,5.040035465998959,1000.8566451738938,0.5037491204538103,0.8497871416197614,4.339945025111583e-05,4.355651413988754e-05,0.01984609618600521,35,30.0,5.0,1000.0,0,single_fault
2025-11-25T14:23:59.067245+00:00,31.66949958155657,5.069012574083571,997.874941845626,0.5040666850866649,0.8486158680864575,1.6068709626141576e-05,4.803973124898909e-05,0.018268386237036912,36,30.0,5.0,1000.0,0,single_fault
2025-11-25T14:24:00.166164+00:00,31.637094782792346,5.118050756995993,996.2526686086122,0.5058490121656313,0.8528013210768481,2.1515982146829807e-05,2.780466259954174e-05,0.01976213975615431,35,30.0,5.0,1000.0,0,single_fault
2025-11-25T14:24:01.268874+00:00,31.662685007249443,5.109382391329656,1000.3284455761219,0.4928068976606499,0.8495614077779771,4.7527541138064996e-05,2.8260854338303506e-05,0.019536877616772707,34,30.0,5.0,1000.0,0,single_fault
2025-11-25T14:24:02.368631+00:00,31.645619377939877,5.1242424467576635,986.190546976302,0.4941951974753213,0.8568121758963038,1.4998377362863958e-05,4.079274918777908e-05,0.019456883969875716,36,30.0,5.0,1000.0,0,single_fault
2025-11-25T14:24:03.367447+00:00,31.620251160347117,5.183435000879223,997.021450218962,0.49622206854864803,0.8534601013636532,4.232724792734899e-05,4.120909662744903e-05,0.01790708458547987,33,30.0,5.0,1000.0,0,single_fault
2025-11-25T14:24:04.368616+00:00,31.627284440738112,5.19433237485976,1003.6874528914477,0.49263370846347343,0.851715314366728,3.9018214466741314e-05,4.434667586143469e-05,0.017863506055749722,34,30.0,5.0,1000.0,0,single_fault
2025-11-25T14:24:05.367967+00:00,31.622588639969393,5.1602780811705795,1007.6927455753618,0.4894220609202945,0.8484817799873408,1.5567236930513852e-05,1.629432986502454e-05,0.017551187907173596,34,30.0,5.0,1000.0,0,single_fault
2025-11-25T14:24:06.468166+00:00,31.607244506445465,5.163869261232349,994.5481733420005,0.48765944874243156,0.8532856959257732,5.3327881124491024e-05,4.210990042804128e-05,0.019185544658203078,37,30.0,5.0,1000.0,0,single_fault
2025-11-25T14:24:07.567601+00:00,31.600860717585057,5.095760673853982,1004.5571998568091,0.47898115260469026,0.8510512288975955,4.6272520025727714e-05,2.4554030413294698e-05,0.019550496714569328,38,30.0,5.0,1000.0,0,single_fault
2025-11-25T14:24:08.568271+00:00,31.585080447917512,5.0622017153457355,1011.4019839396251,0.49340159629588304,0.8475538982856031,3.237173953359341e-05,2.4947460019634964e-05,0.017639801296848383,32,30.0,5.0,1000.0,0,single_fault
2025-11-25T14:24:09.699930+00:00,31.573146780360858,5.1143357431389935,999.3987315504438,0.4830677824956787,0.8502378726800269,4.3496787000936335e-05,7.632539924439251e-05,0.01926996661162591,36,30.0,5.0,1000.0,0,single_fault
2025-11-25T14:24:10.780401+00:00,31.575711022990532,5.209316264083002,997.6239712634958,0.47850053047476865,0.849731871978754,4.3754685271034316e-05,5.579362327850438e-05,0.016904692040988427,34,30.0,5.0,1000.0,0,single_fault
2025-11-25T14:24:11.708504+00:00,31.549930550507845,5.191608031364627,989.063668391934,0.47485577014260727,0.8545471431536125,4.468912884946791e-05,3.707013033527276e-05,0.01711460136629246,34,30.0,5.0,1000.0,0,single_fault
2025-11-25T14:24:12.668649+00:00,31.545252042084922,5.187521516121924,1000.6689295123691,0.48133345828124546,0.8510554899848513,2.1872411177137975e-05,3.064009807773642e-05,0.01707298702154942,35,30.0,5.0,1000.0,0,single_fault
2025-11-25T14:24:13.766458+00:00,31.549721937684524,5.163869261232348,997.2774592021368,0.47423404011370474,0.8533049035231709,4.7973085117170876e-05,3.6436963707671784e-05,0.01812372266151473,37,30.0,5.0,1000.0,0,single_fault
2025-11-25T14:24:15.031213+00:00,31.55398139818075,5.25674460765739,1006.665539085298,0.4718322661999108,0.8489511594586929,1.8742089908659823e-05,9.716859630635869e-05,0.018943302928650627,36,30.0,5.0,1000.0,0,single_fault
2025-11-25T14:24:16.024767+00:00,31.509271126060458,5.602240896358546,1009.1880237573619,0.47537489788023435,0.8477596789159283,5.745740594677034e-05,8.472550611241624e-05,0.01877549049426424,35,30.0,5.0,1000.0,0,single_fault
2025-11-25T14:24:17.071038+00:00,31.50287411387072,5.49574383245783,1004.8872473951484,0.46793474306129057,0.8480149904626972,8.920732541778492e-05,4.536383853140424e-05,0.018192953420974396,38,30.0,5.0,1000.0,0,single_fault
2025-11-25T14:24:18.122200+00:00,31.49606727904527,5.547134857479686,996.9258411475321,0.464756239896876,0.8505561040240265,3.602392403286637e-05,6.049044261646027e-05,0.01657380555950891,33,30.0,5.0,1000.0,0,single_fault
2025-11-25T14:24:19.170724+00:00,31.456071278587206,5.492028818600829,1004.5228709770229,0.46747058611200126,0.8487921965854155,7.776617822648372e-05,3.5311759382023945e-05,0.018788903346690363,37,30.0,5.0,1000.0,0,single_fault
2025-11-25T14:24:20.267205+00:00,31.47733861448015,5.198542723897696,1000.4774057984846,0.46463368033056063,0.8481921636087427,7.685017817964974e-05,3.7225548271967864e-06,0.01810203488404907,37,30.0,5.0,1000.0,0,single_fault
2025-11-25T14:24:21.381891+00:00,31.43904905819187,5.075947266616641,1002.0648191711766,0.4637359227884126,0.8492396466260224,5.032626086339902e-05,4.099342946483271e-05,0.018124882650624802,37,30.0,5.0,1000.0,0,single_fault
2025-11-25T14:24:22.369732+00:00,31.451602301829695,5.0077148454430445,998.1238737702704,0.45902035901736127,0.8479599558531792,5.192520510920271e-05,3.710486954947683e-05,0.016454527270290658,34,30.0,5.0,1000.0,0,single_fault
2025-11-25T14:24:23.468317+00:00,31.460323873739284,5.000408651524275,999.2679547461757,0.4557254777271203,0.8495494354695249,2.1664589750990476e-05,1.5293070189358053e-06,0.017934829561457182,38,30.0,5.0,1000.0,0,single_fault
2025-11-25T14:24:24.469765+00:00,31.430536216549637,4.992730956219804,1003.860044349309,0.45923923420586343,0.8472427489385931,6.57605359524686e-05,5.9156439849391915e-05,0.01613958866593345,33,30.0,5.0,1000.0,0,single_fault
2025-11-25T14:24:25.467540+00:00,31.407150338173132,4.983195753986832,992.7126472756609,0.45810752206521393,0.8493919956638862,1.0979304725966095e-05,3.098178714185077e-05,0.01683949640899149,36,30.0,5.0,1000.0,0,single_fault
2025-11-25T14:24:26.510056+00:00,31.397794618624403,5.000903986705207,1001.1425964969006,0.45653196399319756,0.8502188969294805,3.017394686219297e-05,2.7182848764008375e-05,0.01639452553973448,33,30.0,5.0,1000.0,0,single_fault
2025-11-25T14:24:27.568158+00:00,31.37313809728008,4.959543499097255,992.1871296462701,0.45192885994795834,0.8519063268072258,4.574068166060599e-05,1.866465271535425e-05,0.018127064593168263,40,30.0,5.0,1000.0,0,single_fault
2025-11-25T14:24:28.667194+00:00,31.385910721398776,4.976880230429931,998.5413779808285,0.4516567817360441,0.850093812079713,5.4916644837952526e-05,9.773723226003225e-05,0.018157244713834304,35,30.0,5.0,1000.0,0,single_fault
2025-11-25T14:24:29.667410+00:00,31.38844094976799,5.014525704180879,998.6837867228418,0.44736306491634154,0.8499372657755316,2.3704330300026783e-05,1.6920522637151764e-05,0.016230029928072723,32,30.0,5.0,1000.0,0,single_fault
2025-11-25T14:24:30.703312+00:00,31.355727208001618,5.010439188938179,999.1538464159678,0.45017298369316083,0.8510454823421206,3.819593116908427e-05,3.687788222129943e-05,0.015888037151732256,31,30.0,5.0,1000.0,0,single_fault
2025-11-25T14:24:31.754431+00:00,31.36508696058654,5.011801360685746,999.0899376938914,0.4444763315666124,0.8512119292045313,6.459845706784526e-05,2.7518984822523742e-05,0.015644579610734934,33,30.0,5.0,1000.0,0,single_fault
2025-11-25T14:24:32.803215+00:00,31.32428017004772,4.957066823192585,998.4124693215382,0.44619728766955474,0.8508218141113619,5.4916346805567595e-05,5.366534052620923e-05,0.017492127671404706,37,30.0,5.0,1000.0,0,single_fault
2025-11-25T14:24:33.851099+00:00,31.29731846789189,4.909638479618199,1002.0322451940665,0.44414291206062295,0.8530018692565285,5.975499262591588e-05,2.249914893795673e-05,0.01622378621477944,33,30.0,5.0,1000.0,0,single_fault
2025-11-25T14:24:34.896767+00:00,31.294553326339557,4.841901393625535,997.6097627758106,0.44459775943207785,0.8516702782678197,6.598880060151682e-05,6.277907383587419e-05,0.01768043917382874,37,30.0,5.0,1000.0,0,single_fault
2025-11-25T14:24:35.948758+00:00,31.280973090784357,4.861962468453346,993.9221856040919,0.43987810016261253,0.8528177010968815,6.65037631589537e-05,4.719203754592472e-05,0.01586419731952262,32,30.0,5.0,1000.0,0,single_fault
2025-11-25T14:24:36.994497+00:00,31.273326094773196,4.849331421339539,1001.2690019549547,0.4438644137389241,0.8511679607823993,2.6951607875357838e-05,4.68217158599411e-05,0.01718601148969052,36,30.0,5.0,1000.0,0,single_fault
2025-11-25T14:24:38.067919+00:00,31.25634465682003,4.86542981471988,999.6503985047133,0.4360565460898717,0.8510201588777118,6.0031417364544247e-05,4.959851521344533e-05,0.016850912439381353,36,30.0,5.0,1000.0,0,single_fault
2025-11-25T14:24:39.093640+00:00,31.252955409820224,4.87967070117172,995.7422787943257,0.4330009397047149,0.852437546692711,1.660276726610065e-05,8.431900176535708e-05,0.015633359715304787,31,30.0,5.0,1000.0,0,single_fault
2025-11-25T14:24:40.221963+00:00,31.23088505294969,4.9607818370495895,1002.2497056964125,0.44206173393136977,0.8512580698914232,5.734924658735177e-05,5.579879954087861e-05,0.01777683114218498,38,30.0,5.0,1000.0,0,single_fault
2025-11-25T14:24:41.191408+00:00,31.20861452882489,4.980471410491699,998.2990175389674,0.43218033341941114,0.8551074151846743,4.2111393787030264e-05,2.3467421058482325e-05,0.015679602917770232,34,30.0,5.0,1000.0,0,single_fault
2025-11-25T14:24:42.267586+00:00,31.20543883895452,4.966973526811258,1000.2067921932429,0.43948492700223424,0.8516227262559762,3.440942413722927e-05,2.369553315629128e-05,0.017668466044169575,35,30.0,5.0,1000.0,0,single_fault
2025-11-25T14:24:43.368663+00:00,31.190597719108645,4.927346712336573,999.6682711996635,0.4284524558148981,0.851750450967208,7.527489874116286e-05,5.945704588502679e-05,0.01685741699862249,35,30.0,5.0,1000.0,0,single_fault
2025-11-25T14:24:44.367957+00:00,31.18295121655682,4.8960167621425255,1005.8985509585857,0.4291039404359524,0.850185174067757,2.0733805837527515e-05,2.6545031569428777e-05,0.015048991648692276,32,30.0,5.0,1000.0,0,single_fault
2025-11-25T14:24:45.385831+00:00,31.16431579126251,4.901465449132796,997.005049672536,0.4269482228881779,0.8521251881354932,5.6468317258775e-05,4.232939713976748e-05,0.015460262298878893,33,30.0,5.0,1000.0,0,single_fault
2025-11-25T14:24:46.368928+00:00,31.13400213007347,4.860600296705776,1007.7336050205561,0.4335599132277556,0.8490679846263559,6.269289002610067e-05,5.425908299867672e-05,0.01562997607515923,35,30.0,5.0,1000.0,0,single_fault
2025-11-25T14:24:47.468309+00:00,31.1270037346532,4.877813194243218,997.9677084657881,0.43067824797826815,0.8532340161825331,5.028071636023544e-05,5.1372952545524366e-05,0.017265745744836938,36,30.0,5.0,1000.0,0,single_fault
2025-11-25T14:24:48.467290+00:00,31.106045278320227,4.8810328729192864,988.9804510874637,0.42655668674172087,0.8557324847578995,2.03302836155699e-05,3.430146816518341e-05,0.015181936559105682,33,30.0,5.0,1000.0,0,single_fault
2025-11-25T14:24:49.567499+00:00,31.10158959518875,4.9347767400505775,1000.0834053109523,0.4240733026111711,0.8507965113355875,3.9320610347923044e-05,8.265916210311721e-05,0.01662776333757135,36,30.0,5.0,1000.0,0,single_fault
2025-11-25T14:24:50.567754+00:00,31.096713896624077,4.953227975540351,998.7109531580361,0.42733817408902597,0.853583437655933,2.5876642562227023e-05,2.6452612977333477e-05,0.015288028689722297,33,30.0,5.0,1000.0,0,single_fault
2025-11-25T14:24:51.567818+00:00,31.099043421097484,4.951865803792786,1004.8156240410524,0.41746915047048516,0.8531041586779283,4.538908577135992e-05,3.095561926255227e-05,0.01489879826215584,33,30.0,5.0,1000.0,0,single_fault
2025-11-25T14:24:52.667629+00:00,31.076182669615424,4.952113471383253,992.6695940588265,0.42145884916718884,0.8552816799185432,3.914487711190942e-05,7.250085598158286e-05,0.016785009305163738,39,30.0,5.0,1000.0,0,single_fault
2025-11-25T14:24:53.670832+00:00,31.066438752519975,5.00907701719061,999.3204644176607,0.4214644384870758,0.8519084608750409,2.4361133786685973e-05,5.159356199053914e-05,0.01537232730242427,33,30.0,5.0,1000.0,0,single_fault
2025-11-25T14:24:54.667669+00:00,31.057123993102188,5.064926058840869,1005.8565859051499,0.4167792967809543,0.8523515057872206,7.165375491845595e-05,5.2962325391695385e-05,0.01489308271720443,33,30.0,5.0,1000.0,0,single_fault
2025-11-25T14:24:55.767523+00:00,31.027490750803988,4.973165216572927,999.1405506416623,0.42406579938297834,0.8518756004728012,7.222722153013365e-05,1.1016947318683995e-05,0.017071165467298293,36,30.0,5.0,1000.0,0,single_fault
2025-11-25T14:24:56.868906+00:00,31.0042296458204,4.895149925575892,1003.4318398669243,0.41792216232222335,0.8520766329035087,2.490021804621198e-05,3.753826022235987e-05,0.016551748673511387,36,30.0,5.0,1000.0,0,single_fault
2025-11-25T14:24:58.038865+00:00,30.997872901328034,4.912486656908566,1003.3429748111258,0.4198990718132491,0.8508636263970122,5.4440194389598074e-05,2.3430445019643963e-05,0.017095278141792684,36,30.0,5.0,1000.0,0,single_fault
2025-11-25T14:24:59.164111+00:00,30.983069049665414,4.895149925575892,995.7646483581422,0.41461356064409055,0.8533847367672839,2.8305965924473782e-05,4.5951514995854644e-05,0.01673526761462091,39,30.0,5.0,1000.0,0,single_fault
2025-11-25T14:25:00.187850+00:00,30.94712778502127,4.884004884004887,1007.370361263703,0.41974918698493296,0.8492338726418961,6.783206270334601e-05,1.4620613007713823e-05,0.016331852659725126,36,30.0,5.0,1000.0,0,single_fault
2025-11-25T14:25:01.266851+00:00,30.953466078601924,4.788652861675178,996.1438242475159,0.41275395964303424,0.8529348941619518,5.229823238239367e-05,4.9448578478863286e-05,0.016196129708336494,39,30.0,5.0,1000.0,0,single_fault
2025-11-25T14:25:02.368168+00:00,30.932324499677744,4.819611310483524,1001.843573204073,0.4109764858230806,0.85157695040242,4.439407011327958e-05,7.506817941065835e-05,0.016214219485837723,35,30.0,5.0,1000.0,0,single_fault
2025-11-25T14:25:03.367996+00:00,30.968693204009714,4.864686811948479,1004.43804857948,0.4094528717868505,0.8499884163452563,1.7927877616198877e-05,2.9795388221365776e-05,0.014571439765262309,32,30.0,5.0,1000.0,0,single_fault
2025-11-25T14:25:04.368288+00:00,30.898940973039952,4.890568075152258,1002.5021779132337,0.4140314870263717,0.8482082895320339,2.5293000699043437e-05,4.442603012423774e-05,0.015042213505643207,33,30.0,5.0,1000.0,0,single_fault
2025-11-25T14:25:05.468642+00:00,30.879504363326262,4.955828485240255,998.911162663335,0.4131965366435437,0.8507881255853164,2.195525625010237e-05,6.783418264513232e-05,0.016389298730267343,37,30.0,5.0,1000.0,0,single_fault
2025-11-25T14:25:06.468771+00:00,30.871062697849162,4.9981796432100705,1000.2808549439922,0.4171911411414877,0.8524673711684254,5.617845991939743e-05,2.1313768197999604e-05,0.01558584782505092,34,30.0,5.0,1000.0,0,single_fault
2025-11-25T14:25:07.468302+00:00,30.88731313942396,4.900103277385229,999.3969115150419,0.4036329464306915,0.8504597077548114,5.5074645915054185e-05,3.435233478869273e-05,0.014099677884751447,36,30.0,5.0,1000.0,0,single_fault
2025-11-25T14:25:08.567780+00:00,30.839373839843166,4.866668152672212,1004.444698281695,0.4087282449002169,0.8477304111093854,6.726641276814332e-05,5.4845875237952705e-05,0.015812798053526003,38,30.0,5.0,1000.0,0,single_fault
2025-11-25T14:25:09.593520+00:00,30.857115181937694,4.851065094472807,1000.3251030141889,0.40695782969781813,0.851432267359843,5.7191123948574374e-05,1.2500706610916316e-05,0.014817103227569878,35,30.0,5.0,1000.0,0,single_fault
2025-11-25T14:25:10.567850+00:00,30.81762986564945,4.834719033501999,1000.0636594932357,0.4095063370810969,0.8508129141685826,4.3013782930498214e-05,6.467682902442481e-05,0.014665705064224904,33,30.0,5.0,1000.0,0,single_fault
2025-11-25T14:25:11.667251+00:00,30.80348985265475,4.839424717720868,994.0405260802148,0.4042990112283638,0.8516878044157256,5.535882150956207e-05,7.993818573283977e-05,0.016216575532194036,37,30.0,5.0,1000.0,0,single_fault
2025-11-25T14:25:12.785405+00:00,30.780284795969795,4.892673249671225,995.9740729749625,0.411426137906778,0.8529720214077371,1.3269889486684457e-05,3.204400133859031e-05,0.01606791804632225,38,30.0,5.0,1000.0,0,single_fault
2025-11-25T14:25:13.809204+00:00,30.787451941690723,4.901465449132796,999.1202864752704,0.4023407756994496,0.8503981962405621,4.613530931090796e-05,5.281614567477054e-05,0.014379127786248877,33,30.0,5.0,1000.0,0,single_fault
2025-11-25T14:25:14.921056+00:00,30.765518120817696,4.953351809335585,998.5869827753257,0.4054234315498331,0.8534068942701883,5.723453880076459e-06,6.189371514155734e-05,0.015865536855224675,35,30.0,5.0,1000.0,0,single_fault
2025-11-25T14:25:16.061110+00:00,30.725446795883133,4.976880230429931,995.1169828591585,0.40777313504249785,0.8537928661316593,4.3312230198203816e-05,1.732469143211286e-05,0.016255928156107043,39,30.0,5.0,1000.0,0,single_fault
2025-11-25T14:25:17.067816+00:00,30.721221507251382,5.002885327428941,1006.0381590763918,0.4025469379888259,0.8497676616337743,1.856567576438977e-05,3.9230113756517805e-05,0.015939871288336217,38,30.0,5.0,1000.0,0,single_fault
2025-11-25T14:25:18.211579+00:00,30.71489608598459,5.001646989476607,995.8785341313782,0.40277264437279875,0.8532776470397914,4.163784225500866e-05,1.9520398244448018e-05,0.016391437471890976,39,30.0,5.0,1000.0,0,single_fault
2025-11-25T14:25:19.399131+00:00,30.6980362444271,5.032605438284954,1000.8645122594527,0.40336042015092416,0.853120569726471,3.148267775242872e-05,5.328210196949169e-05,0.016136188634411693,35,30.0,5.0,1000.0,0,single_fault
2025-11-25T14:25:20.447479+00:00,30.67485965789799,5.023937072618617,1009.9040286069601,0.40309977600436125,0.8475434898133181,4.0760536581262966e-05,3.529050289753112e-05,0.016498605056770435,37,30.0,5.0,1000.0,0,single_fault
2025-11-25T14:25:21.372855+00:00,30.625145471469047,5.010439188938179,1005.342315673946,0.40627335895288913,0.8482498033675429,3.9203568532328844e-05,2.7939548129741246e-05,0.014687677779972699,33,30.0,5.0,1000.0,0,single_fault
2025-11-25T14:25:22.367331+00:00,30.6622142827403,4.981833582239265,997.9915139591783,0.3971168665522957,0.8509832347824153,6.043543996079833e-05,5.62348999817726e-05,0.01411644258037943,35,30.0,5.0,1000.0,0,single_fault
2025-11-25T14:25:23.469868+00:00,30.666439855450008,4.96078183704959,1006.411743733587,0.39746205410346236,0.8486845926897683,8.494506777292972e-05,4.738642933274174e-05,0.01554948965969991,40,30.0,5.0,1000.0,0,single_fault
2025-11-25T14:25:24.508841+00:00,30.599678456195456,4.8810328729192864,1006.466051248387,0.409163487468172,0.8475531853167387,4.183310430339182e-05,3.9011213027620856e-05,0.014713571096127474,32,30.0,5.0,1000.0,0,single_fault
2025-11-25T14:25:25.559063+00:00,30.585768372781153,4.885119388161988,997.7287096841513,0.3993505307378168,0.8497064425783238,4.7226999631771664e-05,4.777251635737705e-05,0.014070549107919782,34,30.0,5.0,1000.0,0,single_fault
2025-11-25T14:25:26.606122+00:00,30.569565939947367,4.929823388241243,997.3295927020329,0.40346797724753164,0.8487637265651682,6.019734115073327e-05,7.087677955107586e-05,0.0164859509887466,39,30.0,5.0,1000.0,0,single_fault
2025-11-25T14:25:27.667216+00:00,30.550630041508352,4.8877198978618885,1005.8436375180131,0.39680957868777683,0.8477123112759343,8.116333536329766e-05,4.8142846521842804e-05,0.0159696556225078,36,30.0,5.0,1000.0,0,single_fault
2025-11-25T14:25:28.704702+00:00,30.56262360228439,4.9028276208803625,1000.0431917561557,0.4012368461756698,0.8486344481162286,2.561224505322858e-05,5.839907847729372e-05,0.014069229843302774,33,30.0,5.0,1000.0,0,single_fault
2025-11-25T14:25:29.769018+00:00,30.54431160802047,4.950875133430918,995.4709752416583,0.3965349910132765,0.8493210743251338,4.668968269127445e-05,5.6831041689675995e-05,0.01574600212225236,39,30.0,5.0,1000.0,0,single_fault
2025-11-25T14:25:30.807728+00:00,30.527908012511453,4.934157571074411,993.5527785042847,0.3996488480840208,0.8502570578596614,2.7457238006797666e-05,3.139054583833165e-05,0.014339783854049026,33,30.0,5.0,1000.0,0,single_fault
2025-11-25T14:25:31.868602+00:00,30.552734857462386,4.997931975619607,1001.8705915618841,0.39585192490669824,0.851034586467729,1.9173535652886783e-05,6.877502456679112e-05,0.015726556217489175,37,30.0,5.0,1000.0,0,single_fault
2025-11-25T14:25:32.968642+00:00,30.506456366003093,5.104429039520322,996.6300106843671,0.4040850213828709,0.852024758371753,2.076582346365698e-05,4.657910082507494e-05,0.01594149958405877,36,30.0,5.0,1000.0,0,single_fault
2025-11-25T14:25:34.070003+00:00,30.519069277334214,5.10442903952032,987.4188792718793,0.39216968539656827,0.8531450067087938,4.385565821244928e-05,2.1984802655167016e-06,0.015232287669566986,34,30.0,5.0,1000.0,0,single_fault
2025-11-25T14:25:35.068165+00:00,30.435409076683108,5.014525704180881,1005.378003067666,0.4008805081029646,0.8503685667627574,6.776676441516385e-05,3.369133863858732e-05,0.014436632270091634,32,30.0,5.0,1000.0,0,single_fault
2025-11-25T14:25:36.167752+00:00,30.445483542617026,4.919916684622571,999.454942898589,0.40185636433408833,0.8508354499503773,4.670033333712879e-05,2.5215059854313785e-05,0.016043442259727807,35,30.0,5.0,1000.0,0,single_fault
2025-11-25T14:25:37.259151+00:00,30.43770877536205,4.9028276208803625,1005.9322506698165,0.3948410931973053,0.8492587958443677,3.678569801273279e-05,3.5710480641779735e-05,0.013791368828853696,32,30.0,5.0,1000.0,0,single_fault
2025-11-25T14:25:38.268838+00:00,30.4013672339036,4.959543499097254,1003.7774979937727,0.39778192070978646,0.8493132866530888,4.1613799291049643e-05,9.340062501939501e-05,0.015876941627590794,36,30.0,5.0,1000.0,0,single_fault
2025-11-25T14:25:39.366975+00:00,30.432887603825677,4.988025272000936,996.7898888312593,0.3929263961624564,0.8508775295394186,4.207005963057425e-05,4.151871281590473e-05,0.01564234466106393,40,30.0,5.0,1000.0,0,single_fault
2025-11-25T14:25:40.366626+00:00,30.393807011919726,4.961401006025755,994.8053618850236,0.4003858793872957,0.8541434602389923,6.995876599208173e-05,2.7362726436488654e-05,0.01434564721226891,33,30.0,5.0,1000.0,0,single_fault
2025-11-25T14:25:41.466705+00:00,30.374070509075967,4.903818291242231,996.9624405201521,0.3980193006585661,0.8522340090288256,5.5484351307219e-05,5.04951764691093e-05,0.015593323749582165,35,30.0,5.0,1000.0,0,single_fault
2025-11-25T14:25:42.468654+00:00,30.368405541320072,4.908276307870632,1005.8416114538898,0.39895237179912935,0.8478967679419872,4.276566061783615e-05,1.887159821482228e-05,0.014479887161981696,34,30.0,5.0,1000.0,0,single_fault
2025-11-25T14:25:43.567567+00:00,30.35727064930079,4.881528208100221,997.4301989346218,0.3986073885719831,0.8512254893144426,2.5927101954852998e-05,4.027961256160899e-05,0.01548648383292674,38,30.0,5.0,1000.0,0,single_fault
2025-11-25T14:25:44.733759+00:00,30.353067878024863,4.861714800862877,994.2681013458944,0.39499611495376424,0.8544677829394106,3.942268621085663e-05,1.0185156368157028e-05,0.01539962003621118,36,30.0,5.0,1000.0,0,single_fault
2025-11-25T14:25:45.767089+00:00,30.32579416432463,4.848093083387206,999.3019103908507,0.3985979836044727,0.8516673492979627,3.4580936865482936e-05,4.122225157857736e-05,0.01580243151480632,35,30.0,5.0,1000.0,0,single_fault
2025-11-25T14:25:46.868750+00:00,30.317395340180703,4.862953138815211,1004.8019182623364,0.3941069801764462,0.8505897912527348,4.300512688013019e-05,4.43575426858707e-05,0.015427867329094128,35,30.0,5.0,1000.0,0,single_fault
2025-11-25T14:25:47.968916+00:00,30.32998180005569,4.880289870147886,1003.1497286084337,0.39645028094860896,0.8498215421127625,3.080537495975546e-05,4.575508451406418e-05,0.015154185595500781,35,30.0,5.0,1000.0,0,single_fault
2025-11-25T14:25:49.151128+00:00,30.271237182747495,4.92239336052724,1000.1003340850443,0.3989723660318223,0.8499056721249104,4.5577970604783165e-05,6.759525455054364e-05,0.015824949759715733,35,30.0,5.0,1000.0,0,single_fault
2025-11-25T14:25:50.254322+00:00,30.28173119944341,4.9112483189562335,997.2699092901513,0.39393871317224693,0.8525353734084746,5.4271762766818304e-05,4.4444856456431264e-05,0.015188348200428725,37,30.0,5.0,1000.0,0,single_fault
2025-11-25T14:25:51.249216+00:00,30.264538560656085,4.881032872919287,1005.7911413247588,0.3927199640604119,0.8480734711199057,4.690854885883393e-05,5.253245111773246e-05,0.014043053233869616,32,30.0,5.0,1000.0,0,single_fault
2025-11-25T14:25:52.297605+00:00,30.24398015565632,4.9422067677645805,1000.8015859754662,0.4019347576835475,0.8513026965316048,4.362700564044605e-05,5.258764194657847e-05,0.016142632532544127,35,30.0,5.0,1000.0,0,single_fault
2025-11-25T14:25:53.403368+00:00,30.22994566007592,4.932795399326844,1011.7189042581222,0.40022460701674134,0.8456070479467878,2.771596969185199e-05,4.753466568443343e-05,0.014609083009902948,31,30.0,5.0,1000.0,0,single_fault
2025-11-25T14:25:54.462825+00:00,30.239785800191,4.983071920191599,992.3429967605724,0.39390048233767233,0.8516364621352411,3.4172872431404406e-05,4.5931515230637036e-05,0.01551167987518437,35,30.0,5.0,1000.0,0,single_fault
2025-11-25T14:25:55.485291+00:00,30.218403510261915,5.009077017190609,1002.1330631697617,0.39994567468341796,0.8501309241306428,2.3492704620328256e-05,2.0733247349737602e-05,0.01430706154633149,31,30.0,5.0,1000.0,0,single_fault
2025-11-25T14:25:56.366949+00:00,30.186138550764316,4.990006612724668,1004.6115170980768,0.39953331072549886,0.8479777717469836,3.244521936108086e-05,3.632343851538818e-05,0.014261557873943754,34,30.0,5.0,1000.0,0,single_fault
2025-11-25T14:25:57.538459+00:00,30.15806679711742,4.986786934048601,995.7431376278291,0.3978436474608678,0.8510396090265168,4.1364461734994124e-05,3.038039965320911e-05,0.015972846681319798,36,30.0,5.0,1000.0,0,single_fault
2025-11-25T14:25:58.588638+00:00,30.193677132330563,5.03384377623729,1014.4887602565796,0.39537289117556434,0.8424928649940806,2.6834924802925172e-05,4.608420464736495e-05,0.015571921448190473,39,30.0,5.0,1000.0,0,single_fault
2025-11-25T14:25:59.638717+00:00,30.14695747294845,5.0444934826273595,1005.5640405169363,0.39771379601051676,0.8468695813583176,2.6530440635898058e-05,3.3439302857328825e-05,0.014464496678297781,32,30.0,5.0,1000.0,0,single_fault
2025-11-25T14:26:00.568326+00:00,30.16770098979748,5.030871765151686,995.4691222413907,0.3991801735388306,0.8477074710315197,5.0721723261121815e-05,2.5690094887932286e-05,0.014307958803359545,34,30.0,5.0,1000.0,0,single_fault
2025-11-25T14:26:01.732028+00:00,30.132932662536117,5.049942169617629,989.9040293297294,0.3977442333604617,0.8521441464462597,3.0038154619946586e-05,7.198902384750862e-05,0.01581468710688033,35,30.0,5.0,1000.0,0,single_fault
2025-11-25T14:26:02.782987+00:00,30.149690746830434,5.103190701567987,1007.1642320684743,0.3991362142508954,0.8460897912845536,7.44326355228755e-05,6.750067039534323e-05,0.015663193858249352,36,30.0,5.0,1000.0,0,single_fault
2025-11-25T14:26:03.829277+00:00,30.10551458120588,5.036320452141956,1002.1603505905114,0.3994166144627701,0.847806673297479,5.484250536189769e-05,1.2052071415255283e-05,0.014462883056724727,34,30.0,5.0,1000.0,0,single_fault
2025-11-25T14:26:04.907381+00:00,30.105720852612095,4.984310258143932,988.2483085821324,0.39168020429496175,0.8511424057205988,4.352519727888884e-05,7.50683500761053e-05,0.01578454617910561,37,30.0,5.0,1000.0,0,single_fault
2025-11-25T14:26:05.966707+00:00,30.09106296707025,5.058610535283966,993.5630909462778,0.4037727554951625,0.8516026369143991,3.626050242406414e-05,2.7852007621620068e-05,0.01587328197511851,37,30.0,5.0,1000.0,0,single_fault
2025-11-25T14:26:06.978165+00:00,30.08479039242174,5.028147421656553,1004.7327550076295,0.4008499865924353,0.848964024084566,3.791064036852528e-05,1.600564978795873e-05,0.0146185424991115,35,30.0,5.0,1000.0,0,single_fault
2025-11-25T14:26:08.067928+00:00,30.05549047378554,4.964496850906593,993.7605048459968,0.39613653022811646,0.851264533778578,6.053906385506812e-05,3.667283447055196e-05,0.01575693947266525,34,30.0,5.0,1000.0,0,single_fault
2025-11-25T14:26:09.105373+00:00,30.05947771624859,4.901465449132796,996.8646511558205,0.40268276803894726,0.8519269420005138,5.952720098443003e-05,2.8951520077675103e-05,0.01395249110697326,32,30.0,5.0,1000.0,0,single_fault
2025-11-25T14:26:10.129614+00:00,30.03646142729884,4.900103277385228,1000.0860871223764,0.3962967738075064,0.8503319969987408,3.879938355317413e-05,5.7900305996690014e-05,0.01413904771266948,34,30.0,5.0,1000.0,0,single_fault
2025-11-25T14:26:11.255838+00:00,30.024966416316232,4.915087166608467,990.2380368850318,0.40133010116722573,0.8571426448106798,3.263025503954248e-05,1.397677909139737e-05,0.014299921065581539,34,30.0,5.0,1000.0,0,single_fault
2025-11-25T14:26:12.220672+00:00,30.02829345178694,4.848093083387205,1012.4800636510901,0.4010776361371817,0.8461354289452401,4.998734665995615e-05,3.367342256262396e-05,0.015062410809137545,37,30.0,5.0,1000.0,0,single_fault
2025-11-25T14:26:13.304922+00:00,30.00321769492841,4.824564662292861,1003.7621097837579,0.40079073853370867,0.8510098549009076,5.7736043224256115e-05,5.3717031017468346e-05,0.015798876771367872,37,30.0,5.0,1000.0,0,single_fault
2025-11-25T14:26:14.327928+00:00,29.995050898880788,4.840167720492268,994.545449959863,0.40222755808535665,0.8495393200502919,6.878216364863969e-05,3.2605667673510464e-05,0.014497719423066293,32,30.0,5.0,1000.0,0,single_fault
2025-11-25T14:26:15.367086+00:00,29.994844999080154,4.775031144199505,1011.6171632900624,0.40641301414231207,0.8469610954052151,3.594173360692967e-05,1.5702970234000827e-05,0.015906414703019133,34,30.0,5.0,1000.0,0,single_fault
2025-11-25T14:26:16.466621+00:00,29.99693586196835,4.768839454437837,1001.4016638760265,0.39460029121926593,0.8470308882462834,7.505028140445991e-05,6.819498590786101e-05,0.01553820177048053,35,30.0,5.0,1000.0,0,single_fault
2025-11-25T14:26:17.568022+00:00,29.973953687848176,4.7688394544378365,997.9082376805891,0.40711245231228416,0.8505880767102038,2.3503945056663035e-05,7.535583236683419e-05,0.015721980226396547,36,30.0,5.0,1000.0,0,single_fault
2025-11-25T14:26:18.568081+00:00,29.967458609785716,4.831994690006864,995.6308972709405,0.40319548577208864,0.8501917274706641,2.7958112490788656e-05,4.030997983783142e-05,0.014282531005192348,33,30.0,5.0,1000.0,0,single_fault
2025-11-25T14:26:19.667888+00:00,29.942592820405363,4.860476462910544,994.2626973035095,0.4028890615253793,0.8499995693835513,4.2108320278076206e-05,9.144411610277641e-05,0.016021914990018964,37,30.0,5.0,1000.0,0,single_fault
2025-11-25T14:26:20.767118+00:00,29.950946563494334,4.875336518338551,998.8448964935153,0.39842492182579237,0.8526284019732313,7.537946281716965e-05,2.233975946025127e-05,0.015981424109130365,39,30.0,5.0,1000.0,0,single_fault
2025-11-25T14:26:21.767255+00:00,29.907711480579895,4.851065094472807,1003.2480982436351,0.4147578703826353,0.8491411167603816,5.5921978607347456e-05,3.7225739907686095e-05,0.015234999257195337,36,30.0,5.0,1000.0,0,single_fault
2025-11-25T14:26:22.867117+00:00,29.9029068367353,4.798559565293848,999.1813870389474,0.3991398799939727,0.8499026084241603,8.317742566834883e-05,8.041049704724636e-05,0.01617490062244994,39,30.0,5.0,1000.0,0,single_fault
2025-11-25T14:26:23.967324+00:00,29.89246061410489,4.864191476767546,995.3299862721692,0.40815935453056595,0.8546472666599442,6.4996291071849465e-06,7.807710020019019e-05,0.016349210693217042,35,30.0,5.0,1000.0,0,single_fault
2025-11-25T14:26:25.079383+00:00,29.91752187038991,4.940968429812246,1002.4352898234039,0.3989654324833339,0.8477454193851662,4.202380043834091e-05,5.703872787374395e-05,0.01606500453956256,39,30.0,5.0,1000.0,0,single_fault
2025-11-25T14:26:26.103788+00:00,29.88703330600157,4.93960625806468,1003.4039008202438,0.4101186817705475,0.8509629724665502,6.102693496535543e-05,4.375128641967035e-05,0.014927175017640541,33,30.0,5.0,1000.0,0,single_fault
2025-11-25T14:26:27.129018+00:00,29.8916255073545,4.915087166608467,993.8532262615788,0.4054156198780353,0.850452271062893,4.490469483720943e-05,4.5138307161094574e-05,0.014598256649411046,33,30.0,5.0,1000.0,0,single_fault
2025-11-25T14:26:28.167318+00:00,29.86948967282268,4.921155022574904,1002.8969427590274,0.40629156243162146,0.8502945188292546,1.9050564421147446e-05,2.8018100226838376e-05,0.01574656821651821,35,30.0,5.0,1000.0,0,single_fault
2025-11-25T14:26:29.168061+00:00,29.882435192716617,4.94505494505495,988.2697966691323,0.4072245474472814,0.8549729530304147,4.076658060624075e-05,2.9826463778116878e-05,0.014794519096445547,32,30.0,5.0,1000.0,0,single_fault
2025-11-25T14:26:30.267181+00:00,29.869493406170022,4.9162016707655685,999.2741256659242,0.40557798332937123,0.8542432493546932,4.1357765605955813e-05,5.889098264452132e-05,0.016179172227519984,34,30.0,5.0,1000.0,0,single_fault
2025-11-25T14:26:31.267178+00:00,29.859470038843405,4.980471410491696,1000.9242358801132,0.40715269575352264,0.8515345868724431,1.9527248883372053e-05,7.357442810493171e-05,0.014398900653358094,32,30.0,5.0,1000.0,0,single_fault
2025-11-25T14:26:32.267431+00:00,29.834212605823705,5.0771856045689745,1001.6004640180672,0.40934494905558605,0.8508984460314437,2.0517528574449262e-05,4.010723517791306e-05,0.014684535246536633,32,30.0,5.0,1000.0,0,single_fault
2025-11-25T14:26:33.267415+00:00,29.85258202735327,5.163002424665715,999.5473084610807,0.4077975931656641,0.8531606622271728,4.2015537424304525e-05,5.0135293719558956e-05,0.015030157906598809,31,30.0,5.0,1000.0,0,single_fault
2025-11-25T14:26:34.398338+00:00,29.840273466431743,5.134149150376334,999.458917641767,0.4084011563208882,0.8510600476622912,4.902462690253843e-05,3.305989704718233e-05,0.01602294890219928,38,30.0,5.0,1000.0,0,single_fault
2025-11-25T14:26:35.466910+00:00,29.842357897064517,5.155200895566011,999.194541131441,0.41069831277864205,0.8526638997713737,3.398282126250702e-05,5.48812998194068e-05,0.015839730601064927,40,30.0,5.0,1000.0,0,single_fault
2025-11-25T14:26:36.468591+00:00,29.825035235457698,5.2052297488403,1002.005206787672,0.40701124942144046,0.851590051478268,3.4489589707543825e-05,3.136898240252166e-05,0.01457234123870023,33,30.0,5.0,1000.0,0,single_fault
2025-11-25T14:26:37.565987+00:00,29.798533597888603,5.110620729281989,997.144560999985,0.41154988318288227,0.8526535238482559,2.6769659800822987e-05,4.996618223993536e-06,0.01615758515960505,38,30.0,5.0,1000.0,0,single_fault
2025-11-25T14:26:38.568334+00:00,29.82044068414435,5.107153383015455,1003.4258269080212,0.41121303716351704,0.8519726372198531,6.6522345097525305e-06,9.59906470089133e-06,0.014644760882291028,34,30.0,5.0,1000.0,0,single_fault
2025-11-25T14:26:39.567226+00:00,29.790609215821142,5.074461261073841,1001.6323119495748,0.41360368937631586,0.8502422238125458,7.298110036490956e-05,3.219861998439719e-05,0.014658808652757536,35,30.0,5.0,1000.0,0,single_fault
2025-11-25T14:26:40.567652+00:00,29.81355676589976,5.010439188938177,997.4756343215382,0.40843391358200876,0.8535842695838959,4.337813680090429e-05,1.2392015966717072e-05,0.014964271561766943,32,30.0,5.0,1000.0,0,single_fault
2025-11-25T14:26:41.581300+00:00,29.78143533611806,4.957314490783055,1007.2699275102899,0.4109203181527037,0.8489959521998681,3.7953249241680396e-05,4.633001689061171e-05,0.014864119967910617,35,30.0,5.0,1000.0,0,single_fault
2025-11-25T14:26:42.667581+00:00,29.79645608125628,4.958305161144922,991.5457409303075,0.41190201561975287,0.8531810820540602,4.821129414649026e-05,3.623989822293559e-05,0.016635285967938673,35,30.0,5.0,1000.0,0,single_fault
2025-11-25T14:26:43.676579+00:00,29.75619898410138,4.93415757107441,1009.8501012625424,0.41703269180040187,0.8488902133282037,3.159686922032857e-05,2.301120966719456e-05,0.015045008702775486,35,30.0,5.0,1000.0,0,single_fault
2025-11-25T14:26:44.726685+00:00,29.769963889541096,4.940968429812246,995.9902718331456,0.4145443798838785,0.8528585032300151,3.545316788086974e-05,4.223553863059915e-05,0.014997743335860826,31,30.0,5.0,1000.0,0,single_fault
2025-11-25T14:26:45.867182+00:00,29.7672605693794,4.949636795478586,1001.2471979958896,0.41591338488689805,0.8498083433601067,6.001412194283132e-05,5.992580118312165e-05,0.016445163069995845,37,30.0,5.0,1000.0,0,single_fault
2025-11-25T14:26:46.823013+00:00,29.75850296197579,4.921898025346304,999.1193380142098,0.4108868903028564,0.8528401573529321,5.065808584649479e-05,5.481651418508967e-05,0.01431755568666978,35,30.0,5.0,1000.0,0,single_fault
2025-11-25T14:26:47.871028+00:00,29.748483095493157,4.916201670765569,999.64677496767,0.41188179420138166,0.8511016686233279,3.452794805662458e-05,1.519312735866872e-05,0.016429245898937052,35,30.0,5.0,1000.0,0,single_fault
2025-11-25T14:26:48.921014+00:00,29.73097370001876,4.943692773307381,1003.2148908925932,0.41834571409686605,0.8496517606578635,1.3711843423556959e-05,7.790984405473929e-05,0.014619313094677976,31,30.0,5.0,1000.0,0,single_fault
2025-11-25T14:26:49.966970+00:00,29.717216922495208,5.074708928664307,992.4731152013068,0.42002640841805566,0.8532055889882927,3.498677684777721e-05,7.33279539384281e-05,0.016386031217233418,36,30.0,5.0,1000.0,0,single_fault
2025-11-25T14:26:51.017054+00:00,29.744735117449018,5.126223787481398,1005.0062410859553,0.4092914254757848,0.8500768854397421,7.15887874854873e-05,6.0775585744103374e-05,0.014493525808101666,33,30.0,5.0,1000.0,0,single_fault
2025-11-25T14:26:52.114003+00:00,29.702628958133072,5.082138956378311,1005.513162484836,0.42447105361100496,0.8494376625513553,5.884939919513679e-05,4.7880180588856934e-05,0.016778067834461643,38,30.0,5.0,1000.0,0,single_fault
2025-11-25T14:26:53.167876+00:00,29.7234750007744,5.089568984092312,995.461018514719,0.41569007525456636,0.8537262888607451,5.037449652070941e-05,5.0123931855500134e-05,0.016587541583340994,37,30.0,5.0,1000.0,0,single_fault
2025-11-25T14:26:54.167603+00:00,29.72180038802609,5.109877726510591,1001.9777759166163,0.41942965033434626,0.850547440778516,2.7688838271876477e-05,3.313099868796466e-05,0.014665452170961777,34,30.0,5.0,1000.0,0,single_fault
2025-11-25T14:26:55.212404+00:00,29.719518508573696,5.103066867772755,1009.8855083046064,0.41517941549847964,0.8470935847646505,4.6053093525734453e-05,3.43689148061733e-05,0.015150078472789702,33,30.0,5.0,1000.0,0,single_fault
2025-11-25T14:26:56.267403+00:00,29.66929255975757,5.120527432900662,999.1735916594475,0.42820447769580866,0.849528155737395,4.3767644596653204e-05,8.002693145370301e-05,0.017313098500256918,38,30.0,5.0,1000.0,0,single_fault
2025-11-25T14:26:57.438800+00:00,29.685959186239895,5.208449427516367,1000.2613473415269,0.41643016796880566,0.850115455666402,3.447749620154391e-05,4.550645474890299e-05,0.016321498233033985,38,30.0,5.0,1000.0,0,single_fault
2025-11-25T14:26:58.376259+00:00,29.687430164879952,5.2474570730148855,1000.7706610550025,0.42808777974022905,0.8491096337173515,1.070399028327281e-05,4.4083621476178555e-05,0.015349990810745335,31,30.0,5.0,1000.0,0,single_fault
2025-11-25T14:26:59.466547+00:00,29.681800274718967,5.4301119209841335,1005.7130490688273,0.4142569460077306,0.8474509342245582,3.355115879908428e-05,4.3174645713667686e-05,0.016574154120169347,35,30.0,5.0,1000.0,0,single_fault
2025-11-25T14:27:00.510878+00:00,29.685127449605925,5.363241671558103,996.7539222379752,0.4290615628644134,0.8503209458978382,3.7871740995317755e-05,4.243564509784929e-05,0.015250049928727178,34,30.0,5.0,1000.0,0,single_fault
2025-11-25T14:27:01.566285+00:00,29.70262738300178,5.306278125750745,1003.0537792290277,0.4165738944366858,0.8486931230984177,9.624322545419105e-05,5.9702210373490186e-05,0.016559660258333646,38,30.0,5.0,1000.0,0,single_fault
2025-11-25T14:27:02.667485+00:00,29.656810016589876,5.201019399802364,996.3489407662578,0.4259808311299087,0.8500502147377442,6.70946222306156e-05,2.524558107809245e-05,0.0168408092951495,34,30.0,5.0,1000.0,0,single_fault
2025-11-25T14:27:03.667696+00:00,29.655345309176692,5.098980352530051,991.5165153019373,0.42788062929216136,0.8507809643687338,2.464496031502661e-05,1.6182223105772923e-05,0.015462139991392355,34,30.0,5.0,1000.0,0,single_fault
2025-11-25T14:27:04.767534+00:00,29.660966851365092,5.026413748523285,1007.3497065633524,0.42360992068488895,0.8487089065262691,5.957549694053296e-05,9.712044200191197e-06,0.017169526524941428,35,30.0,5.0,1000.0,0,single_fault
2025-11-25T14:27:05.867010+00:00,29.69013806925607,4.943445105716915,997.2943620653258,0.42206951283103217,0.8511353092673254,3.719265613871673e-05,1.739792394247693e-05,0.016405758328845745,37,30.0,5.0,1000.0,0,single_fault
2025-11-25T14:27:07.166752+00:00,29.652632231370532,4.922393360527239,1000.1193732472238,0.4248374135551136,0.8489156610076057,4.788975297415767e-05,4.4139611889462234e-05,0.01668876253160255,37,30.0,5.0,1000.0,0,single_fault
2025-11-25T14:27:07.984115+00:00,29.65762782047188,4.867411155443612,1006.8860292498053,0.42855886947215965,0.8459304770545403,7.65455800933736e-05,2.6948928186458703e-05,0.01530603488125375,34,30.0,5.0,1000.0,0,single_fault
2025-11-25T14:27:09.068052+00:00,29.63805162773921,4.848093083387206,995.3730010719563,0.4294689127278568,0.8500031477665719,6.269497928885668e-05,6.477890902542393e-05,0.017299875453022966,35,30.0,5.0,1000.0,0,single_fault
2025-11-25T14:27:10.066621+00:00,29.6255648534251,4.852427266220373,1014.1931908888457,0.42591123984809415,0.8453684009447174,2.6184427153052586e-05,3.802007886391991e-05,0.015513600223417398,34,30.0,5.0,1000.0,0,single_fault
2025-11-25T14:27:11.168111+00:00,29.6609605678144,4.831994690006865,999.234675595008,0.42867907926384485,0.8489210905311925,6.538294716916616e-05,4.863327927667913e-05,0.016874756324098947,37,30.0,5.0,1000.0,0,single_fault
2025-11-25T14:27:12.168073+00:00,29.653048390298864,4.8401677204922695,1000.9216797195356,0.4248331459576004,0.8461824529628229,3.633590542876038e-05,4.897631731816258e-05,0.015420771360102312,34,30.0,5.0,1000.0,0,single_fault
2025-11-25T14:27:13.267802+00:00,29.63388954777957,4.905056629194563,1000.117029164626,0.4358399081014792,0.848652492616888,1.4932616273048308e-05,6.04553854930137e-05,0.01732445816011045,37,30.0,5.0,1000.0,0,single_fault
2025-11-25T14:27:14.478989+00:00,29.646383108373712,4.964496850906591,999.5574942384773,0.424263181093502,0.8476373769066655,3.836784002099129e-05,8.016878209115446e-05,0.01633422943919339,37,30.0,5.0,1000.0,0,single_fault
2025-11-25T14:27:15.366639+00:00,29.641595488603826,5.017250047676013,996.8492687620794,0.4349175763071794,0.8485167712348476,3.7896933057995746e-05,3.0747619911243725e-05,0.01557649191735413,32,30.0,5.0,1000.0,0,single_fault
2025-11-25T14:27:16.367073+00:00,29.609532528207144,5.010439188938177,1001.1684647984503,0.43294195460606855,0.8459685900764418,3.590670142446592e-05,3.613832009410852e-05,0.015709302772384737,33,30.0,5.0,1000.0,0,single_fault
2025-11-25T14:27:17.466541+00:00,29.623476781798708,5.012792031047613,1001.0021202226177,0.4276008524355722,0.8479794734854256,5.560897297964343e-05,4.773116970369293e-05,0.017015760161533718,36,30.0,5.0,1000.0,0,single_fault
2025-11-25T14:27:18.566737+00:00,29.627644600081886,4.9942169617626035,994.0483815144041,0.4354560647642581,0.8506202406270273,4.329900921741002e-05,4.4875732676915266e-05,0.01727280930909816,39,30.0,5.0,1000.0,0,single_fault
2025-11-25T14:27:19.568163+00:00,29.618695992054512,4.976384895248995,1005.324208523177,0.43073810964669557,0.8468939548195065,6.0660494778970865e-05,4.394947098448041e-05,0.01569121970001697,31,30.0,5.0,1000.0,0,single_fault
2025-11-25T14:27:20.668130+00:00,29.629722246867722,4.928585050288909,996.6643364041614,0.4343199167745677,0.8500414395499623,4.368287347488037e-05,2.2994617475680437e-05,0.017237812454419903,36,30.0,5.0,1000.0,0,single_fault
2025-11-25T14:27:21.815762+00:00,29.63388746133568,4.929823388241241,997.7376193341107,0.4325945671600685,0.8496207140411323,1.8882573379168994e-05,4.776737249938364e-05,0.017049401506192625,39,30.0,5.0,1000.0,0,single_fault
2025-11-25T14:27:22.767638+00:00,29.609525641616063,4.9750227235014295,997.704888724758,0.4361417484864723,0.8460439964134354,3.6171792513622845e-05,1.6542292730229134e-05,0.015739139431689062,33,30.0,5.0,1000.0,0,single_fault
2025-11-25T14:27:23.767714+00:00,29.627857159472875,4.921898025346305,1000.3636550339022,0.4325506929866728,0.852003857960276,5.4765161310835385e-05,3.229267262164315e-05,0.01565723957895895,33,30.0,5.0,1000.0,0,single_fault
2025-11-25T14:27:24.867546+00:00,29.62556746946564,4.900103277385228,993.70464567931,0.4344198594139243,0.851778559392892,6.769316834494556e-05,7.454052355024592e-05,0.017428739326506112,38,30.0,5.0,1000.0,0,single_fault
2025-11-25T14:27:25.867573+00:00,29.58893103823173,4.912362823113336,1004.7531452301428,0.43839346895688414,0.8477901173603979,2.6924131297591504e-05,3.784887258457194e-05,0.015331518110386355,34,30.0,5.0,1000.0,0,single_fault
2025-11-25T14:27:26.968935+00:00,29.621397563525008,4.990501947905601,995.9884505758822,0.4367204084366724,0.8518245729561748,1.706858045636273e-05,6.367852722973635e-05,0.01722783452929021,37,30.0,5.0,1000.0,0,single_fault
2025-11-25T14:27:28.158920+00:00,29.60057776867455,5.056133859379298,994.1153997021677,0.4411540115151827,0.8492537442146642,1.7219459772984366e-05,5.752187051536769e-05,0.0174025663270212,38,30.0,5.0,1000.0,0,single_fault
2025-11-25T14:27:29.167310+00:00,29.617231823216965,5.1242424467576635,1004.7190008414714,0.4337393180098001,0.850328362247661,4.528708093255385e-05,3.13502311341432e-05,0.017034321127898527,37,30.0,5.0,1000.0,0,single_fault
2025-11-25T14:27:30.208195+00:00,29.602663053851604,5.086720806801946,997.7018152404937,0.44135540971391823,0.8518483833375201,2.797980280939718e-05,1.28255181030697e-05,0.016210778382611205,31,30.0,5.0,1000.0,0,single_fault
2025-11-25T14:27:31.267366+00:00,29.60057932927704,5.0771856045689745,1001.4995273226097,0.4428309393292798,0.8505033613216334,5.096130715689047e-05,7.354456234031937e-05,0.017650132061288567,37,30.0,5.0,1000.0,0,single_fault
2025-11-25T14:27:32.306209+00:00,29.604943913689226,5.085358635054379,1001.6035021761248,0.4377071990228245,0.8505096105421336,3.633630533932955e-05,3.968584344555377e-05,0.01580029989969771,35,30.0,5.0,1000.0,0,single_fault
2025-11-25T14:27:33.367165+00:00,29.619316260013083,5.121765770852995,998.6451380151906,0.4422525529046705,0.8492182812574154,3.7132343021282754e-05,3.53053629226618e-05,0.017709338495265646,35,30.0,5.0,1000.0,0,single_fault
2025-11-25T14:27:34.403357+00:00,29.60037650812013,5.187521516121922,997.4936756322106,0.4412833642136242,0.8498442007524979,6.32356726217526e-05,9.166495384844769e-05,0.015876938811831488,34,30.0,5.0,1000.0,0,single_fault
2025-11-25T14:27:35.532554+00:00,29.616400250022956,5.172537626898684,1006.5040466845261,0.4377748275965935,0.8493851897682287,6.0060701006612354e-05,3.210987833056599e-05,0.015928190893062043,33,30.0,5.0,1000.0,0,single_fault
2025-11-25T14:27:36.500778+00:00,29.63389374247371,5.047465493712961,1001.3276405658421,0.4433712471855799,0.8485587234804517,6.0987920379067174e-05,1.65068782821227e-05,0.01733243292329864,37,30.0,5.0,1000.0,0,single_fault
2025-11-25T14:27:37.561962+00:00,29.620983710585485,5.02950959340412,997.2128196367919,0.4398383615585111,0.8508426445122085,5.353840557088855e-05,5.3886394283672855e-05,0.015401113343577938,33,30.0,5.0,1000.0,0,single_fault
2025-11-25T14:27:38.595937+00:00,29.615153655420354,5.012792031047613,993.4739939560349,0.4450332090008148,0.8530601809611411,2.1094660695212514e-05,2.647132827611202e-05,0.017918020135620525,38,30.0,5.0,1000.0,0,single_fault
2025-11-25T14:27:39.666044+00:00,29.608906618863475,4.9905019479056,1009.4942174229254,0.4457905001305189,0.8467895156917179,5.303226759964618e-05,1.2406548151805301e-05,0.017375436973028475,36,30.0,5.0,1000.0,0,single_fault
2025-11-25T14:27:40.767745+00:00,29.594333854530962,4.963258512954256,995.4295203929712,0.4426034578818744,0.8509862442422436,3.4048562892744294e-05,7.163700559971903e-05,0.017743030861906525,38,30.0,5.0,1000.0,0,single_fault
2025-11-25T14:27:41.866568+00:00,29.573529154371695,5.062325549140969,993.2124936689987,0.44495314912884004,0.8525731133140972,2.558396096125708e-05,6.327366591442872e-05,0.01748695889743719,35,30.0,5.0,1000.0,0,single_fault
2025-11-25T14:27:42.867743+00:00,29.579764742075735,5.1561915659278785,999.04577230621,0.447576903517738,0.8523335951803602,1.8776590342552374e-05,3.196206888259698e-05,0.015798599725711734,35,30.0,5.0,1000.0,0,single_fault
2025-11-25T14:27:43.966874+00:00,29.598498538318964,5.173775964851019,1000.4610629362826,0.4431865685411742,0.8521217089775853,5.648618076200357e-05,6.536656004738427e-05,0.01713947303894386,35,30.0,5.0,1000.0,0,single_fault
2025-11-25T14:27:45.066694+00:00,29.5922536027058,5.26293629741906,996.3308034495233,0.44822620917950856,0.8514918918333868,3.2898948723167635e-05,4.554978275828001e-05,0.017739692677349955,37,30.0,5.0,1000.0,0,single_fault
2025-11-25T14:27:46.181080+00:00,29.602658025331678,5.156439233518345,997.1564424860063,0.4484803348853541,0.8541890486472185,6.897953500033687e-05,4.9781320841808094e-05,0.01803491455431529,35,30.0,5.0,1000.0,0,single_fault
2025-11-25T14:27:47.205370+00:00,29.60953652533317,5.175261970393818,1001.8804609052765,0.4454056479695662,0.849188104653227,2.8913963388335123e-05,3.8417206141958356e-05,0.016031889750394147,32,30.0,5.0,1000.0,0,single_fault
2025-11-25T14:27:48.229742+00:00,29.618689679889933,5.180710657384089,993.1909556683337,0.44914260915796367,0.8553962144574763,6.603171534002329e-05,5.0533339339628864e-05,0.016030423723982442,32,30.0,5.0,1000.0,0,single_fault
2025-11-25T14:27:49.267398+00:00,29.602667902713964,5.134149150376334,1003.2097632771155,0.44903157133375865,0.8509577045212289,2.9010667253763244e-05,2.949869666046333e-05,0.018063294647809577,34,30.0,5.0,1000.0,0,single_fault
2025-11-25T14:27:50.267344+00:00,29.6049570911727,5.104429039520321,1003.2813914463126,0.45184582603472345,0.852766620268717,3.963882835962176e-05,3.077234081894748e-05,0.016368618030240374,31,30.0,5.0,1000.0,0,single_fault
2025-11-25T14:27:51.366984+00:00,29.610988963172804,5.0982373497586515,996.315428609874,0.44879393819623664,0.8514742636088536,4.6719957016424086e-05,1.4521166417291165e-05,0.017905595906220484,37,30.0,5.0,1000.0,0,single_fault
2025-11-25T14:27:52.530446+00:00,29.619313130348566,5.025175410570951,1001.4263313637089,0.4480298503430733,0.852002499830143,5.543105036309215e-05,6.76124775173301e-05,0.017642483039235823,39,30.0,5.0,1000.0,0,single_fault
2025-11-25T14:27:53.466663+00:00,29.59579134818976,5.081272119811677,1002.763604965107,0.4538054693965835,0.8530911026708348,3.21072471854014e-05,4.0587775030490384e-05,0.01640902769193905,34,30.0,5.0,1000.0,0,single_fault
2025-11-25T14:27:54.578564+00:00,29.610987924785444,5.110620729281989,1003.9549832821925,0.4536507421301598,0.8502757395205925,2.7480829749611733e-05,5.817194876439601e-05,0.017531856010729912,35,30.0,5.0,1000.0,0,single_fault
2025-11-25T14:27:55.566329+00:00,29.60266537551138,5.10034252427762,998.235776214836,0.4511713409008714,0.8515272459052614,7.120780806772193e-05,3.426677557353262e-05,0.016412657157746768,34,30.0,5.0,1000.0,0,single_fault
2025-11-25T14:27:56.666144+00:00,29.621395477078476,5.033843776237288,992.0540319918896,0.45120893145783614,0.8544535471872929,5.8590848543783076e-05,4.266593610494497e-05,0.017294216730478724,38,30.0,5.0,1000.0,0,single_fault
2025-11-25T14:27:57.667882+00:00,29.6186988562715,5.0226987346662835,1003.1294285315759,0.4540619502581184,0.8503412886210704,4.559345815422185e-05,8.125399730666741e-05,0.01623118803594961,35,30.0,5.0,1000.0,0,single_fault
2025-11-25T14:27:58.846747+00:00,29.600584011088436,5.094522335901649,1000.8858274944712,0.45403310880277936,0.8520498721158318,4.983860116778837e-05,8.61297565349242e-06,0.017952778659891453,36,30.0,5.0,1000.0,0,single_fault
2025-11-25T14:27:59.800065+00:00,29.623275451516577,5.000903986705209,1003.5501851014291,0.44681070147796376,0.8518485943457209,5.953959880966605e-05,3.1029049951703e-05,0.01567069800775225,32,30.0,5.0,1000.0,0,single_fault
2025-11-25T14:28:00.867008+00:00,29.638060496946107,4.965735188858924,996.5433284449384,0.45600333199841303,0.8525699971230846,4.3834337420126915e-05,6.216082981012413e-05,0.017454542815363853,35,30.0,5.0,1000.0,0,single_fault
2025-11-25T14:28:01.967652+00:00,29.608907143493926,5.030128762380287,991.7681925904094,0.4596187972640719,0.8542051251828388,2.93145991442868e-05,6.652549108213752e-05,0.01789174360785581,37,30.0,5.0,1000.0,0,single_fault
2025-11-25T14:28:02.966751+00:00,29.604958249348606,5.021336562918716,1006.3227349052711,0.4583789448430724,0.8517634398000039,4.086422364915021e-05,3.20921477354902e-05,0.016222135069465727,32,30.0,5.0,1000.0,0,single_fault
2025-11-25T14:28:04.066489+00:00,29.61307497631244,5.018983720809281,1006.8171962114992,0.4510167617377711,0.848766673445553,5.369985638264903e-05,5.996722588184363e-05,0.017666327866761058,34,30.0,5.0,1000.0,0,single_fault
2025-11-25T14:28:05.066077+00:00,29.625561995875547,5.063563887093303,1005.1659922561797,0.46113322649205857,0.8491757449812225,2.758378684976887e-05,2.5848868962366134e-05,0.016254252464117595,34,30.0,5.0,1000.0,0,single_fault
2025-11-25T14:28:06.166333+00:00,29.613069224664514,5.089568984092313,1006.0009828571121,0.4520689276974645,0.8487808822520096,3.118643794509121e-05,5.005735886216444e-05,0.017581820007593132,35,30.0,5.0,1000.0,0,single_fault
2025-11-25T14:28:07.173319+00:00,29.57519443644721,5.163002424665716,1003.8600652371613,0.4662011610084633,0.8495743195252482,2.2483803142172357e-05,6.523994125493237e-05,0.01681964724516036,34,30.0,5.0,1000.0,0,single_fault
2025-11-25T14:28:08.267429+00:00,29.64222102962107,5.219594469087372,997.4314218712502,0.4511829782230178,0.8502183716454907,4.919189683793187e-05,2.1788982197973902e-05,0.017795478865489267,38,30.0,5.0,1000.0,0,single_fault
2025-11-25T14:28:09.367440+00:00,29.61306505419731,5.197304385945364,1001.6189106380091,0.46224660971826165,0.8483783047867245,3.0156977053583667e-05,3.786142085413264e-05,0.018400887729392638,37,30.0,5.0,1000.0,0,single_fault
2025-11-25T14:28:10.466705+00:00,29.623485661897586,5.110620729281989,995.1699247931433,0.457149437288026,0.8531131840906159,6.537461365643624e-05,2.1698058850295217e-05,0.01785728005776521,38,30.0,5.0,1000.0,0,single_fault
2025-11-25T14:28:11.467001+00:00,29.572898734268676,5.04994216961763,990.465739329449,0.46146781704091977,0.8525456628278448,4.659667960835458e-05,4.489103996103284e-05,0.016392906903192932,34,30.0,5.0,1000.0,0,single_fault
2025-11-25T14:28:12.496642+00:00,29.618685088384233,5.056753028355465,996.1905281792226,0.46169666935696974,0.8527511655891595,6.847389827889297e-05,5.62989708607458e-05,0.016632808972400756,31,30.0,5.0,1000.0,0,single_fault
2025-11-25T14:28:13.625005+00:00,29.598496466377537,5.036320452141957,1004.9183924382033,0.46385593089563,0.8508511210979869,8.022521685335346e-05,4.3821948032315716e-05,0.01828214393305733,37,30.0,5.0,1000.0,0,single_fault
2025-11-25T14:28:14.775052+00:00,29.646384155227192,4.953351809335587,1002.379407658664,0.4586076556722442,0.8502644165186932,2.849707203242779e-05,4.305433449069479e-05,0.018391014337075847,37,30.0,5.0,1000.0,0,single_fault
2025-11-25T14:28:15.823334+00:00,29.619320966009266,4.963258512954256,1001.2467490905891,0.4621346903828444,0.8500513030203266,2.424687159161466e-05,2.173240149990084e-05,0.01856981310719567,36,30.0,5.0,1000.0,0,single_fault
2025-11-25T14:28:16.768681+00:00,29.646172042591694,4.9831957539868315,996.2985204288186,0.4582785183988071,0.8522583017182395,5.764356425918243e-05,2.4623557510687658e-05,0.016417216395583165,34,30.0,5.0,1000.0,0,single_fault
2025-11-25T14:28:17.918377+00:00,29.63805686321754,4.940968429812244,1000.9754242923019,0.46680675425523765,0.8509419952730528,5.5085200443864074e-05,7.435788829080283e-05,0.018586707691110066,37,30.0,5.0,1000.0,0,single_fault
2025-11-25T14:28:18.968900+00:00,29.6422215312619,4.959543499097253,1008.0883227625484,0.4597617325563032,0.8483316529042804,4.1148789635483777e-05,2.7227934491300645e-05,0.018143915001179328,39,30.0,5.0,1000.0,0,single_fault
2025-11-25T14:28:20.066418+00:00,29.642223639488403,4.936015078002911,998.8985811067995,0.46347358165470776,0.8507603727727907,4.423643502332278e-05,1.7381822435059924e-05,0.01811379980040948,38,30.0,5.0,1000.0,0,single_fault
2025-11-25T14:28:21.066462+00:00,29.632432591210964,4.866048983696046,998.4312468421576,0.46780417778356487,0.8502606649040096,3.747099636692732e-05,1.7321576382704185e-05,0.017559640884307077,33,30.0,5.0,1000.0,0,single_fault
2025-11-25T14:28:22.115155+00:00,29.632430861237914,4.8374433769971334,1001.3975508750616,0.4612660486214099,0.8506478694830009,4.3352649131578237e-05,2.323906307366668e-05,0.016739308694910273,32,30.0,5.0,1000.0,0,single_fault
2025-11-25T14:28:23.166598+00:00,29.644301274166057,4.835709703863866,996.926856063737,0.46597570164803626,0.8504433560065704,3.060422789432139e-05,5.021446613524173e-05,0.018477009891706815,35,30.0,5.0,1000.0,0,single_fault
2025-11-25T14:28:24.211326+00:00,29.648464341977792,4.840167720492268,1001.3883721358136,0.46526072756131953,0.8483461027079716,4.6239139165874587e-05,4.2863416802700785e-05,0.016546367621509604,32,30.0,5.0,1000.0,0,single_fault
2025-11-25T14:28:25.267471+00:00,29.679710055969466,4.874098180386217,1004.8258086228252,0.4657903057861132,0.8512778772256447,2.3008148668158327e-05,8.222543132694148e-05,0.018359397687129103,36,30.0,5.0,1000.0,0,single_fault
2025-11-25T14:28:26.367069+00:00,29.66721389398596,4.892673249671224,1009.5519030138108,0.4624201461389742,0.8442128837747489,5.524302451537731e-05,8.942943849130809e-06,0.018292532756182214,38,30.0,5.0,1000.0,0,single_fault
2025-11-25T14:28:27.367445+00:00,29.673671107967284,4.867411155443614,998.0610533553651,0.4682024556997429,0.8490327250381787,2.9859809029279835e-05,3.968780893086449e-05,0.017060117439444585,34,30.0,5.0,1000.0,0,single_fault
2025-11-25T14:28:28.466729+00:00,29.677625082401754,4.917440008717905,994.4472816422654,0.4629931360809381,0.8516871993619084,2.7133452023055436e-05,8.65328318133802e-05,0.01879135940721222,40,30.0,5.0,1000.0,0,single_fault
2025-11-25T14:28:29.566065+00:00,29.690136492913847,4.997931975619607,996.2249337765957,0.464117993445209,0.8495022733888355,7.817846811792273e-05,7.180530390767162e-05,0.018775054732697985,38,30.0,5.0,1000.0,0,single_fault
2025-11-25T14:28:30.566357+00:00,29.696591916081154,4.955952319035488,998.9039303931437,0.47115642610757436,0.8498274593365748,3.71251606086785e-05,3.6298367662603073e-06,0.01706566622741706,33,30.0,5.0,1000.0,0,single_fault
2025-11-25T14:28:31.566754+00:00,29.682843201680367,4.916449338356035,995.4734925068615,0.4649887106648475,0.8543029312244288,4.362505621643515e-05,6.184422795523032e-05,0.01681559953623266,32,30.0,5.0,1000.0,0,single_fault
2025-11-25T14:28:32.667010+00:00,29.681792926130733,4.939730091859913,988.3254081717249,0.46993440282155985,0.854030862667909,2.5645222485436693e-05,2.0044923118917766e-05,0.018573226522178965,36,30.0,5.0,1000.0,0,single_fault
2025-11-25T14:28:33.668037+00:00,29.696587858995372,4.9137249948609005,1006.193980107397,0.46423819264263716,0.8501629941637893,5.300891926839757e-05,1.0842004400964687e-05,0.016600873421383572,34,30.0,5.0,1000.0,0,single_fault
2025-11-25T14:28:34.821579+00:00,29.669291512906728,4.857999787005876,997.764048128582,0.47227545817331346,0.8523104507800433,5.0307310984114136e-05,4.824404891803066e-05,0.018925454251070697,38,30.0,5.0,1000.0,0,single_fault
2025-11-25T14:28:35.920685+00:00,29.7005540037129,4.839424717720868,1005.0549459509174,0.4696038570530232,0.85017644190842,3.516865221646256e-05,2.9742692039784393e-05,0.018718157738470558,41,30.0,5.0,1000.0,0,single_fault
2025-11-25T14:28:36.867065+00:00,29.68743075533614,4.8660489836960465,1006.0256507492888,0.46587614216324125,0.8478352770319845,2.1449230129958358e-05,1.9031582353605173e-05,0.016796036241452785,31,30.0,5.0,1000.0,0,single_fault
2025-11-25T14:28:37.967278+00:00,29.68387421752126,4.853046435196541,1002.5172822689347,0.4699426051013606,0.8500431909602848,5.4565798664825406e-05,7.054154927904033e-05,0.018344022595435713,37,30.0,5.0,1000.0,0,single_fault
2025-11-25T14:28:38.966810+00:00,29.710357952994297,4.872859842433884,1001.7163683437466,0.47418850863185247,0.8500489528087488,7.081701488014769e-05,7.463399649420948e-05,0.01679121956123098,31,30.0,5.0,1000.0,0,single_fault
2025-11-25T14:28:40.068882+00:00,29.713045927286075,4.907533305099233,1001.2106769349643,0.4666258558482733,0.8460524878159675,5.361517728022466e-05,6.498539477914929e-05,0.018308911954278986,38,30.0,5.0,1000.0,0,single_fault
2025-11-25T14:28:41.066755+00:00,29.726390813889857,4.905551964375499,1000.0925171850855,0.46861273962019434,0.8500905652839187,4.3471174476335416e-05,4.091600068221371e-05,0.01695846287000639,34,30.0,5.0,1000.0,0,single_fault
2025-11-25T14:28:42.169250+00:00,29.723466574979454,4.91991668462257,1006.547818834893,0.4702664490526161,0.8487361617666717,4.931331241891051e-05,6.884836230920632e-05,0.018963269693866386,38,30.0,5.0,1000.0,0,single_fault
2025-11-25T14:28:43.320887+00:00,29.713048030695163,4.984310258143933,995.29434153388,0.47101305488542167,0.8506109576508899,1.2900251264029651e-05,5.6025426232694227e-05,0.01870260232809154,35,30.0,5.0,1000.0,0,single_fault
2025-11-25T14:28:44.265989+00:00,29.703464799833,4.964125349520891,993.7875869597889,0.47290021053213904,0.8515077440144261,5.554319227801577e-05,2.1915314565513102e-05,0.01716296274789086,37,30.0,5.0,1000.0,0,single_fault
2025-11-25T14:28:45.470639+00:00,29.735980645141783,4.973165216572927,1001.7181101395931,0.471072006652267,0.8489338071055894,4.839597323334937e-05,6.135111602397862e-05,0.01855342226814249,38,30.0,5.0,1000.0,0,single_fault
2025-11-25T14:28:46.392780+00:00,29.72868196305019,5.00499050194791,1002.7348060064927,0.468155591000783,0.8485031505686752,4.0590466346678196e-05,5.134711591770908e-05,0.017165903132343712,33,30.0,5.0,1000.0,0,single_fault
2025-11-25T14:28:47.467027+00:00,29.7380619243817,4.985548596096266,996.8727265303324,0.471754634451311,0.8513562389670283,5.658549987862084e-05,4.033323584039423e-05,0.01849958854116309,41,30.0,5.0,1000.0,0,single_fault
2025-11-25T14:28:48.567215+00:00,29.738060335878185,4.973165216572928,994.0624757160821,0.4710735488358257,0.8505547712077172,5.9029748507942524e-05,4.742202533464842e-05,0.01871025872210625,34,30.0,5.0,1000.0,0,single_fault
2025-11-25T14:28:49.669732+00:00,29.751611455764525,4.940968429812246,988.871639340321,0.47322550695482135,0.8572621437599315,4.308281148994137e-05,3.951550979110179e-05,0.0170228898283255,31,30.0,5.0,1000.0,0,single_fault
2025-11-25T14:28:50.666213+00:00,29.742237665651864,4.914963332813237,1001.9512637426277,0.4727191948366833,0.8505555139775002,6.113901037681959e-05,5.1170335196483315e-05,0.018641539967859652,36,30.0,5.0,1000.0,0,single_fault
2025-11-25T14:28:51.797035+00:00,29.740149336467503,4.9314332275792765,998.589900066271,0.4754754535224623,0.8522517148512216,3.405445266369581e-05,5.471496167106616e-05,0.017124867864683844,35,30.0,5.0,1000.0,0,single_fault
2025-11-25T14:28:52.766559+00:00,29.744322134041397,4.95459014728792,1006.0439120767943,0.4754880929365186,0.8501527743105354,3.5855550024247496e-05,3.350739303631164e-05,0.01893409764637671,35,30.0,5.0,1000.0,0,single_fault
2025-11-25T14:28:53.867439+00:00,29.742230816183074,4.9867869340486,1013.2468061927553,0.46848173311019115,0.844714928332887,4.030779372393768e-05,5.516588963209483e-05,0.01846978102546055,36,30.0,5.0,1000.0,0,single_fault
2025-11-25T14:28:54.892321+00:00,29.74016208883478,4.975022723501428,1005.4376982154945,0.473058067919792,0.8494818698924629,4.027236008918275e-05,1.5944454064315053e-05,0.01725747099240063,34,30.0,5.0,1000.0,0,single_fault
2025-11-25T14:28:56.016935+00:00,29.76516765204839,4.92858505028891,995.6811528345016,0.4727096765524811,0.850588054837841,4.5177592322964404e-05,4.3675577920864895e-05,0.01916360676923888,37,30.0,5.0,1000.0,0,single_fault
2025-11-25T14:28:57.041091+00:00,29.744735689181976,4.905551964375497,992.1041480621743,0.4806403939624378,0.8513304798549719,5.2700921492132003e-05,2.471272693955547e-05,0.017529891127385653,34,30.0,5.0,1000.0,0,single_fault
2025-11-25T14:28:57.967060+00:00,29.779143034110394,4.9028276208803625,1000.8399629581661,0.4728025576120308,0.849754333275829,1.5625111235153948e-05,3.1922335763154907e-05,0.0172926641693045,37,30.0,5.0,1000.0,0,single_fault
2025-11-25T14:28:59.066731+00:00,29.788110316082534,4.907533305099232,994.2552078069571,0.4697278597700306,0.8535145496794279,4.215032884653465e-05,9.336906875022953e-05,0.018940363551783933,39,30.0,5.0,1000.0,0,single_fault
2025-11-25T14:29:00.068703+00:00,29.786017021167822,5.032233936899253,1000.609288188705,0.4767076244574796,0.8508858164998868,7.502663259955363e-05,4.5546338119162355e-05,0.016861112184748353,33,30.0,5.0,1000.0,0,single_fault
2025-11-25T14:29:01.166080+00:00,29.78811884057209,4.96449685090659,999.606108357539,0.4745918716523569,0.8518194702124852,1.562099708161043e-05,4.1726115041939875e-05,0.01885234316398819,38,30.0,5.0,1000.0,0,single_fault
2025-11-25T14:29:02.354108+00:00,29.77559993783286,5.026413748523284,1002.3899810492582,0.4763758710032931,0.8500815206580161,2.0754987484858022e-05,2.0353010146121014e-05,0.018937077731476647,39,30.0,5.0,1000.0,0,single_fault
2025-11-25T14:29:03.265587+00:00,29.79749897064417,4.99409312796737,1001.711144417058,0.4737309000980579,0.8487205749629745,4.087474523121836e-05,1.7706152355549732e-05,0.016962291015084056,34,30.0,5.0,1000.0,0,single_fault
2025-11-25T14:29:04.381087+00:00,29.788106615669516,4.9533518093355875,995.7215047446894,0.4755000681469184,0.8532786213002485,5.9971112001193814e-05,2.66693820520766e-05,0.0189960733239253,36,30.0,5.0,1000.0,0,single_fault
2025-11-25T14:29:05.466894+00:00,29.790190524143643,4.888958235814223,1002.9429692644161,0.4736052712600349,0.8493732964470858,2.1958129845907466e-05,4.331871039817619e-05,0.01849003431058959,36,30.0,5.0,1000.0,0,single_fault
2025-11-25T14:29:06.466947+00:00,29.799788932114545,4.898741105637663,1003.796005909365,0.475711615733884,0.8507698921584017,3.931107940303077e-05,2.4575534244900598e-05,0.017123190635573233,34,30.0,5.0,1000.0,0,single_fault
2025-11-25T14:29:07.487434+00:00,29.795204887769025,4.973660551753862,996.0998565139878,0.47731185660365394,0.850275511971031,4.3261758481738284e-05,8.979236760893207e-05,0.016928270670871916,35,30.0,5.0,1000.0,0,single_fault
2025-11-25T14:29:08.612865+00:00,29.80271363849349,5.005362003333609,994.2933606984865,0.4804303468938447,0.85277241150646,4.636406026947921e-05,6.444964449241761e-05,0.019175298186891135,38,30.0,5.0,1000.0,0,single_fault
2025-11-25T14:29:09.842692+00:00,29.806882526642063,5.068517238902637,995.8387677106198,0.47098789601184365,0.850963266751906,3.3119462454598e-05,0.00010304496577094737,0.01858236258568165,39,30.0,5.0,1000.0,0,single_fault
2025-11-25T14:29:10.666387+00:00,29.829629792158215,5.199781061850031,999.109809644822,0.4711479446123813,0.8547636669105343,6.78335850587311e-05,2.6482621820405915e-05,0.01692281711890887,34,30.0,5.0,1000.0,0,single_fault
2025-11-25T14:29:11.766411+00:00,29.829833166137657,5.118050756995995,1007.1619615074416,0.47927180096644956,0.8497103700851739,3.027989148427917e-05,4.1975947965500704e-05,0.01892058379695678,39,30.0,5.0,1000.0,0,single_fault
2025-11-25T14:29:12.768397+00:00,29.81126212604093,5.088082978549513,1001.8992895067973,0.47810317781533707,0.850668797760766,7.525248824074376e-05,7.287181501610067e-06,0.01713442896718999,33,30.0,5.0,1000.0,0,single_fault
2025-11-25T14:29:13.768143+00:00,29.831920318596453,4.970936208258728,997.9181370771026,0.4764952316457224,0.8517623367584987,2.5766500270134658e-05,3.789005496332337e-05,0.016995976621893224,31,30.0,5.0,1000.0,0,single_fault
2025-11-25T14:29:14.891161+00:00,29.825665358957142,5.017745382856948,1001.67507246874,0.479066114333891,0.8490232223307185,4.674786883998411e-05,4.587369240028441e-05,0.018803311392136226,39,30.0,5.0,1000.0,0,single_fault
2025-11-25T14:29:15.967047+00:00,29.842358957276783,5.035082114189624,1008.8808705027424,0.4734450737722191,0.8478391640077021,1.9899643996563816e-05,5.175378859353302e-05,0.018737481847960688,36,30.0,5.0,1000.0,0,single_fault
2025-11-25T14:29:17.067555+00:00,29.840269204798457,5.005362003333609,1000.972764503272,0.4801414217184396,0.8493365223691476,5.509329036474169e-05,2.5809484578854503e-05,0.019126016496286428,37,30.0,5.0,1000.0,0,single_fault
2025-11-25T14:29:18.117267+00:00,29.84341934051878,5.054028684860331,1005.7618697373334,0.47235192809024185,0.8466746105485932,1.9102609777559248e-05,5.569253326155955e-05,0.016698428204030776,34,30.0,5.0,1000.0,0,single_fault
2025-11-25T14:29:19.066928+00:00,29.827326938894817,5.092169493792214,995.8042287058491,0.48132454128883995,0.8512972726172612,6.290958523104238e-05,4.1105284819403475e-05,0.017398306226232316,35,30.0,5.0,1000.0,0,single_fault
2025-11-25T14:29:20.167174+00:00,29.831929848523586,5.052418845522298,994.2402563569823,0.4800189423282926,0.8509636652761106,7.006641228569356e-05,5.794799740016755e-05,0.01918171555957671,34,30.0,5.0,1000.0,0,single_fault
2025-11-25T14:29:21.166868+00:00,29.85028738479041,4.987282269229535,998.6451339166466,0.4751618590994502,0.8508144383811909,3.885571061635271e-05,2.1839082454517154e-05,0.017461239818321234,34,30.0,5.0,1000.0,0,single_fault
2025-11-25T14:29:22.268664+00:00,29.829833160026723,4.983071920191597,1001.02402583633,0.4773398161411407,0.8504040145198931,3.922170858953233e-05,4.1260017802766776e-05,0.018611740704335255,34,30.0,5.0,1000.0,0,single_fault
2025-11-25T14:29:23.453903+00:00,29.86323587467292,4.9843102581439345,1005.6258665479295,0.47755153118913685,0.8466102691707661,5.612664231347952e-05,6.335959359915873e-05,0.01853075643938056,39,30.0,5.0,1000.0,0,single_fault
2025-11-25T14:29:24.505631+00:00,29.867407387063576,4.945921781621583,1008.4450992218106,0.47547060611487363,0.8460852834394419,6.840003712504513e-05,1.4734314023342213e-05,0.019369008635607574,38,30.0,5.0,1000.0,0,single_fault
2025-11-25T14:29:25.553323+00:00,29.85028739017759,4.923260197093873,1002.9537618507366,0.48070628777266994,0.8481163180845683,2.60596322722796e-05,5.461628792050326e-05,0.01705051355366817,33,30.0,5.0,1000.0,0,single_fault
2025-11-25T14:29:26.467456+00:00,29.870959689214494,4.90418979262793,995.4110186260662,0.4802192104359822,0.849510971692055,5.4662833971932934e-05,9.0522776286952e-06,0.017329400170108603,31,30.0,5.0,1000.0,0,single_fault
2025-11-25T14:29:27.466611+00:00,29.864070483206568,4.898741105637661,986.2561298435037,0.47241261903763265,0.8522522431758313,3.601131541847947e-05,4.849205440810184e-05,0.016999787420054834,30,30.0,5.0,1000.0,0,single_fault
2025-11-25T14:29:28.466616+00:00,29.85946709568775,4.866048983696046,994.337258434209,0.4797887037722501,0.8534747101533599,1.8137679144524516e-05,7.296803879467335e-06,0.0173147027108347,32,30.0,5.0,1000.0,0,single_fault
2025-11-25T14:29:29.566487+00:00,29.896636954340067,4.875336518338551,1001.903405172423,0.47331214497085566,0.8511247078524993,4.305102215625736e-05,5.951722288712031e-05,0.01890475963477111,37,30.0,5.0,1000.0,0,single_fault
2025-11-25T14:29:30.796892+00:00,29.888286410181,4.876574856290884,1005.8331905947745,0.4854671342787151,0.8480059822326695,8.127832570840826e-05,3.3970706841936234e-05,0.019216544406016823,37,30.0,5.0,1000.0,0,single_fault
2025-11-25T14:29:31.848133+00:00,29.873670823743556,4.859238124958211,992.5523332037912,0.47545701308399374,0.8511870167410323,2.3945667285774683e-05,3.44950675377232e-05,0.018700064043376444,36,30.0,5.0,1000.0,0,single_fault
2025-11-25T14:29:32.765889+00:00,29.912304298061212,4.842892063987403,1005.8819903870974,0.4740305261743307,0.8499631278511991,2.478432903611384e-05,4.4590350099690664e-05,0.017138343869069542,35,30.0,5.0,1000.0,0,single_fault
2025-11-25T14:29:33.767368+00:00,29.893924266039043,4.852427266220372,996.3617891799489,0.4817928323957482,0.8507973623832896,8.660111862007046e-05,4.5270170063431814e-05,0.017639206418514033,33,30.0,5.0,1000.0,0,single_fault
2025-11-25T14:29:34.867535+00:00,29.89872835774013,4.828279676149864,998.2515556765903,0.47720065588698674,0.8512084759200541,2.8844218314889892e-05,2.6851087246006248e-05,0.01888886697066729,38,30.0,5.0,1000.0,0,single_fault
2025-11-25T14:29:35.967232+00:00,29.915433164664055,4.849331421339539,995.7948895664074,0.4778676944665232,0.8539396997916601,5.121152778033679e-05,7.592180402851676e-05,0.018946247075864366,38,30.0,5.0,1000.0,0,single_fault
2025-11-25T14:29:36.966776+00:00,29.903113388845206,4.840167720492269,997.3403426700385,0.47720738490635056,0.8488893468887586,3.0514073452352097e-05,4.4230009459076665e-05,0.017302516243145532,30,30.0,5.0,1000.0,0,single_fault
2025-11-25T14:29:37.966810+00:00,29.884737498562476,4.882395044666854,993.3204271768534,0.47912414781492424,0.8570275910124291,5.113282258139186e-05,5.821054226412016e-05,0.01704898526310798,35,30.0,5.0,1000.0,0,single_fault
2025-11-25T14:29:39.066228+00:00,29.932146589185265,4.855523111101207,1007.5877191016851,0.47665532295164803,0.8486356684798774,8.217166579896144e-05,6.554279281333118e-05,0.019001238018251227,39,30.0,5.0,1000.0,0,single_fault
2025-11-25T14:29:40.174959+00:00,29.892464369500306,4.862953138815212,991.6064988555031,0.48234234844103824,0.8567546155907032,7.348830306540441e-06,1.9685317181697813e-05,0.019453723042442424,36,30.0,5.0,1000.0,0,single_fault
2025-11-25T14:29:41.175823+00:00,29.919195263494895,4.946417116802515,999.8614425764251,0.4760568297409947,0.8527862007753519,4.821560045114758e-05,8.63601219770613e-05,0.017325107373342585,34,30.0,5.0,1000.0,0,single_fault
2025-11-25T14:29:42.265766+00:00,29.932142284682833,4.945921781621582,999.756347724796,0.47914714904454564,0.8513124184885045,3.029900996062178e-05,3.4450554166981764e-05,0.018619492045706558,37,30.0,5.0,1000.0,0,single_fault
2025-11-25T14:29:43.266137+00:00,29.905408611163864,4.936881914569546,1004.9488667700432,0.48139959975697744,0.8502511246472009,4.261595231341857e-05,2.95819993279943e-05,0.01756983187511617,35,30.0,5.0,1000.0,0,single_fault
2025-11-25T14:29:44.365560+00:00,29.93632722655618,4.924870036431907,995.7440903087673,0.47391052594427124,0.8547540913126249,4.81621099891678e-05,2.0123829698444542e-05,0.01856071461029172,35,30.0,5.0,1000.0,0,single_fault
2025-11-25T14:29:45.367363+00:00,29.91919289061632,4.883757216414419,999.5178737412467,0.4799977888886916,0.8529620892046974,4.187808746280693e-05,2.524448549982118e-05,0.016817175212801842,35,30.0,5.0,1000.0,0,single_fault
2025-11-25T14:29:46.399670+00:00,29.93068791237597,4.852427266220373,1007.3796168562837,0.47268526767369534,0.8499648823965382,3.437609412580554e-05,8.4783399258709e-05,0.016760507693003447,32,30.0,5.0,1000.0,0,single_fault
2025-11-25T14:29:47.365111+00:00,29.932982502291633,4.947779288550084,1003.8707725069416,0.48445765700890364,0.8495613598495965,4.371607079745803e-05,6.124013735293266e-05,0.017405461540045505,32,30.0,5.0,1000.0,0,single_fault
2025-11-25T14:29:48.466762+00:00,29.9154363881318,4.962020175001922,995.4575731040618,0.4781738290426612,0.8541782238975252,3.920375538232322e-05,3.0336300815177735e-05,0.01900622863695664,37,30.0,5.0,1000.0,0,single_fault
2025-11-25T14:29:49.467410+00:00,29.928386164607538,4.964125349520891,990.7989321284173,0.4801080743741325,0.8542662572787328,5.539490506774472e-05,4.80865740123424e-05,0.01749158822286914,31,30.0,5.0,1000.0,0,single_fault
2025-11-25T14:29:50.467219+00:00,29.94677270448209,4.9382440863171135,999.7518775249739,0.4784173897896151,0.8547137289196687,4.0498649348998214e-05,4.2160921086067135e-05,0.017187898137980207,32,30.0,5.0,1000.0,0,single_fault
2025-11-25T14:29:51.566138+00:00,29.948860544398805,4.948398457526249,1001.2396657224189,0.4762963801648104,0.8533648336808809,3.9611978846186496e-05,3.8131899614512236e-05,0.019144511571614106,37,30.0,5.0,1000.0,0,single_fault
2025-11-25T14:29:52.666167+00:00,29.94258958465703,4.893911587623559,999.4448278147502,0.48191561098803803,0.8523551473850446,8.792311360662288e-05,2.291799574531965e-05,0.019422015174809175,37,30.0,5.0,1000.0,0,single_fault
2025-11-25T14:29:53.666268+00:00,29.967457427408732,4.834719033501998,1004.2643804538935,0.4744418902743221,0.8513604174060365,3.8700400563370964e-05,3.377424687831175e-05,0.01720681196785234,35,30.0,5.0,1000.0,0,single_fault
2025-11-25T14:29:54.766088+00:00,29.940505732554367,4.843139731577869,1000.9227284017184,0.47998000698917553,0.8531453122307769,3.897210570347016e-05,4.947554324301042e-05,0.018975927110413997,38,30.0,5.0,1000.0,0,single_fault
2025-11-25T14:29:55.897555+00:00,29.95303905409894,4.8258030002451955,996.4021286669645,0.4764467029803724,0.8538304973976264,4.5853397767686596e-05,2.1164325713442846e-05,0.01890634782968172,35,30.0,5.0,1000.0,0,single_fault
2025-11-25T14:29:56.947463+00:00,29.949069697023514,4.802026911560384,999.3090329398794,0.4834757211469175,0.8529840304460133,4.5970811311937454e-05,4.5385326966017405e-05,0.017033908414702037,30,30.0,5.0,1000.0,0,single_fault
2025-11-25T14:29:57.970756+00:00,29.962865234144004,4.782956507094443,1005.9694380316674,0.47721183209778717,0.8513594625415741,3.7162551862879756e-05,2.2144543833545753e-07,0.017305207977714284,36,30.0,5.0,1000.0,0,single_fault
2025-11-25T14:29:58.964941+00:00,29.967664834266532,4.7477877092481595,1006.4201162903424,0.47828079891629405,0.8486219805752931,6.007178383428955e-05,3.311527701813594e-05,0.019104197369165427,37,30.0,5.0,1000.0,0,single_fault
2025-11-25T14:30:00.122570+00:00,29.984389053229066,4.725497626106149,993.8137851592378,0.4734994665054339,0.8559560826266874,6.31666161305735e-05,8.259665398919434e-05,0.018653797741856108,37,30.0,5.0,1000.0,0,single_fault
2025-11-25T14:30:01.067751+00:00,29.969754996938455,4.812924285540924,1007.210397717777,0.4806335156321057,0.849944952947166,1.6974801300390197e-05,9.920719450444243e-05,0.01764511930799521,35,30.0,5.0,1000.0,0,single_fault
2025-11-25T14:30:02.253872+00:00,29.971844943403436,4.86542981471988,999.3419939432634,0.47825939123696765,0.8504116535015275,4.855938918149921e-05,1.9563437760829423e-05,0.01892820718131723,38,30.0,5.0,1000.0,0,single_fault
2025-11-25T14:30:03.193374+00:00,29.95827007750224,4.838805548744701,998.0446469025807,0.4763892765564517,0.8524205380929584,2.374653547455592e-05,4.4056200310199606e-05,0.01716841862253415,34,30.0,5.0,1000.0,0,single_fault
2025-11-25T14:30:04.266053+00:00,29.96975677942613,4.841901393625535,1003.5002652341904,0.48056157784731257,0.8505361848450472,5.915754391045414e-05,4.039454237134785e-05,0.01919088702276421,40,30.0,5.0,1000.0,0,single_fault
2025-11-25T14:30:05.265308+00:00,29.98815758895237,4.8265460030165945,1004.8766551782822,0.4731685762260778,0.8521236407299998,2.8127128919048868e-05,3.7387429801176325e-05,0.01673007135563981,31,30.0,5.0,1000.0,0,single_fault
2025-11-25T14:30:06.364736+00:00,30.007388042645957,4.838186379768533,1000.4792183379042,0.48151585658565016,0.8478611154016904,8.276023648243235e-05,9.534301699083863e-05,0.018731266184053096,36,30.0,5.0,1000.0,0,single_fault
2025-11-25T14:30:07.466805+00:00,29.9488697332652,4.881528208100219,1000.2134346262187,0.4791610407910454,0.8495904527577651,9.284369340679444e-06,3.396858372513017e-05,0.019410198959156057,35,30.0,5.0,1000.0,0,single_fault
2025-11-25T14:30:08.566498+00:00,29.961393864702504,4.882766546052554,999.1863760274596,0.4798932222995196,0.8521428621057037,3.81694123861248e-05,6.548428148436194e-05,0.018984524438320546,36,30.0,5.0,1000.0,0,single_fault
2025-11-25T14:30:09.666536+00:00,29.98230197891472,4.926108374384241,1004.682421189815,0.4792578847644645,0.8484039657698184,5.0981146148979256e-05,1.5949241997324722e-05,0.018985774485812318,37,30.0,5.0,1000.0,0,single_fault
2025-11-25T14:30:10.872942+00:00,30.01344873837188,4.889205903404691,995.0795624459482,0.4736627299519567,0.8521417821599216,3.9705462994792584e-05,2.9636190661288012e-05,0.01703800290484029,32,30.0,5.0,1000.0,0,single_fault
2025-11-25T14:30:11.765994+00:00,29.984391758294734,4.86914482857688,995.0763712954785,0.4781239315233188,0.8509255142852074,4.109445566925042e-05,4.165610060999486e-05,0.01886100487180568,35,30.0,5.0,1000.0,0,single_fault
2025-11-25T14:30:12.933741+00:00,24.34548198952348,4.869144828576882,999.1686365325979,0.6847274828272213,0.852422473338989,4.576885752671279e-05,4.094287711715648e-05,0.02697020181167593,35,30.0,5.0,1000.0,1,single_fault
2025-11-25T14:30:13.865348+00:00,23.170333062181264,4.845616407482537,1007.1199061392201,0.7066522143579608,0.8482880066548402,3.934389822536352e-05,4.134920553413731e-05,0.025773235533493373,33,30.0,5.0,1000.0,1,single_fault
2025-11-25T14:30:15.071207+00:00,23.20632003684702,4.866668152672214,1004.1327273343036,0.7163238222104521,0.8491224727220558,3.776803123737496e-05,1.8209911810483526e-05,0.02806757214172134,37,30.0,5.0,1000.0,1,single_fault
2025-11-25T14:30:15.968112+00:00,23.242121513913865,4.833356861754432,1001.4057593629298,0.724436693392621,0.8490059425948111,3.437438567253525e-05,9.018854801495617e-05,0.026208826189931412,32,30.0,5.0,1000.0,1,single_fault
2025-11-25T14:30:17.128572+00:00,23.265661328778048,4.964496850906589,1002.3978670685719,0.7343264645321878,0.8497006534828819,2.790808535546015e-05,7.76671426808067e-05,0.029147482202622844,37,30.0,5.0,1000.0,1,single_fault
2025-11-25T14:30:18.067126+00:00,23.287816545792243,5.06492605884087,985.8005007260574,0.7440066556234611,0.855106797808733,1.949980880302037e-05,3.840281855752914e-05,0.02698286433907026,32,30.0,5.0,1000.0,1,single_fault
2025-11-25T14:30:19.270138+00:00,23.329170068943814,5.096256009034917,996.3922033101557,0.7515780865425852,0.85280840069692,1.4145283678931612e-05,5.139765305001658e-05,0.026849640272607195,35,30.0,5.0,1000.0,1,single_fault
2025-11-25T14:30:20.087170+00:00,23.37924145981156,5.169813283403551,1002.9993379169703,0.7543612136848195,0.8515702483094753,8.382880388360728e-05,6.312285075309968e-05,0.027318404650673627,32,30.0,5.0,1000.0,1,single_fault
2025-11-25T14:30:21.215595+00:00,23.431899550075876,5.130434136519332,997.279054234223,0.762290184204183,0.8505122796391283,5.9249184221609404e-05,5.357872269807445e-05,0.030463632014368962,36,30.0,5.0,1000.0,1,single_fault
2025-11-25T14:30:22.266189+00:00,23.457644431202223,5.1267191226623305,999.0487773951714,0.7710605084636325,0.853402648258469,4.598176574807548e-05,7.545354836820264e-05,0.030713537784803256,39,30.0,5.0,1000.0,1,single_fault
2025-11-25T14:30:23.268249+00:00,23.512102850188548,5.182072829131657,1001.3058755476297,0.7857815932443571,0.8485973077307982,6.220029540245217e-05,7.124872271681886e-05,0.027982711247145187,34,30.0,5.0,1000.0,1,single_fault
2025-11-25T14:30:24.265655+00:00,23.570941881547903,5.246094901267318,1004.9044215916217,0.7824614872136593,0.8513874088520635,3.418539927410655e-05,5.056638642527702e-05,0.02822270737996714,34,30.0,5.0,1000.0,1,single_fault
2025-11-25T14:30:25.366071+00:00,23.616118002470298,5.218356131135038,999.2445731045319,0.793599846334839,0.8527073943390039,6.039711454127915e-05,3.923176016396966e-05,0.03191547034859319,37,30.0,5.0,1000.0,1,single_fault
2025-11-25T14:30:26.367264+00:00,23.638510859984045,5.201143233597598,1001.8774630705923,0.8059373041398337,0.8497617815469871,2.8205159225382145e-05,3.4953645419720045e-05,0.029000145544342895,32,30.0,5.0,1000.0,1,single_fault
2025-11-25T14:30:27.465277+00:00,23.715232239900352,5.162630923280014,1000.9443818692099,0.8081364619087672,0.8496876170148915,6.817209158498067e-05,3.284512830883177e-05,0.03213777548216784,37,30.0,5.0,1000.0,1,single_fault
2025-11-25T14:30:28.691017+00:00,23.75489361530082,5.172537626898683,1006.3792385499269,0.8150216265689589,0.8481566721111179,7.168650307285207e-05,6.162835754666746e-05,0.032302117452228295,39,30.0,5.0,1000.0,1,single_fault
2025-11-25T14:30:29.566615+00:00,23.81083544222895,5.047217826122494,999.2863386905004,0.825961950207265,0.8511011800349862,4.982909264273392e-05,2.5812599187147388e-05,0.030018940796108107,35,30.0,5.0,1000.0,1,single_fault
2025-11-25T14:30:30.566505+00:00,23.847933919610057,5.021336562918716,997.6680241072143,0.8273978581446928,0.8501173357963155,3.499675002251378e-05,4.7740025027820196e-05,0.029855856066145603,35,30.0,5.0,1000.0,1,single_fault
2025-11-25T14:30:31.666517+00:00,23.86996159277377,5.037558790094291,998.2453993757347,0.8438961358859054,0.8519391410810914,5.2910923898928025e-05,3.261877512687123e-05,0.03366802883463116,36,30.0,5.0,1000.0,1,single_fault
2025-11-25T14:30:32.666427+00:00,23.976762316666587,5.048579997870062,999.5404236408509,0.8358538210523798,0.8505125737535726,3.894925610405701e-05,6.334184294024278e-05,0.03012617361179134,31,30.0,5.0,1000.0,1,single_fault
2025-11-25T14:30:33.765735+00:00,23.98709108499379,5.023937072618619,999.2470255357947,0.8560065915171662,0.8499177064668768,7.268635001183083e-05,1.7977554727993373e-05,0.0341725307470425,35,30.0,5.0,1000.0,1,single_fault
2025-11-25T14:30:34.766141+00:00,24.055417241046023,4.947779288550084,995.2228745088717,0.8556554818927664,0.852189581194834,2.472241432308269e-05,2.0895075520831812e-05,0.030908252742309426,35,30.0,5.0,1000.0,1,single_fault
2025-11-25T14:30:35.765497+00:00,24.107872262347648,4.953227975540351,1002.831098890057,0.8640791747696863,0.8494996060793272,1.7917849732098336e-05,7.774456971035419e-05,0.031170663308516103,34,30.0,5.0,1000.0,1,single_fault
2025-11-25T14:30:36.865005+00:00,24.175853316434964,5.078423942521308,1005.8167986627824,0.8712958523131689,0.8492356332206143,5.559931561694043e-05,5.203576649310176e-05,0.03458786157492083,36,30.0,5.0,1000.0,1,single_fault
2025-11-25T14:30:37.966389+00:00,24.21959308635662,5.141579178090338,1013.0059819766622,0.875323568523783,0.8447982512973795,3.08386697851482e-05,5.624703542270208e-05,0.03457618572498714,41,30.0,5.0,1000.0,1,single_fault
2025-11-25T14:30:38.966981+00:00,24.271905235861517,5.203867577092731,997.0258326484078,0.8812681080793432,0.8486479215734993,2.3434196086664815e-05,6.621653312928847e-05,0.031528150598949846,33,30.0,5.0,1000.0,1,single_fault
2025-11-25T14:30:40.066579+00:00,24.342933424593994,5.196066047993029,1007.3119432301211,0.8873388960410008,0.8458461892603875,7.05467906930735e-05,2.9686609267563938e-05,0.035339110898446546,37,30.0,5.0,1000.0,1,single_fault
2025-11-25T14:30:41.284721+00:00,24.40065552480477,5.1527242196613425,996.0689033147708,0.8957566984092328,0.8492754170690747,6.898397544024598e-05,5.654985482431183e-05,0.03554657172468669,36,30.0,5.0,1000.0,1,single_fault
2025-11-25T14:30:42.295845+00:00,24.440474042208496,5.061087211188634,997.0094712679958,0.9046672706758958,0.8499130406401991,5.8042424890060036e-05,2.5919768146630225e-06,0.035923105412567144,36,30.0,5.0,1000.0,1,single_fault
2025-11-25T14:30:43.365450+00:00,24.494243405330618,5.007838679238275,1000.4452613712295,0.9100123517665971,0.8482892425391491,2.4360201035349433e-05,5.169101556946314e-05,0.03599522077638901,37,30.0,5.0,1000.0,1,single_fault
2025-11-25T14:30:44.394996+00:00,24.569755657830704,5.030871765151686,995.8989480650791,0.9106398590564357,0.8488690666302388,3.9354281772081534e-05,4.8152015648382135e-05,0.032720258347575054,33,30.0,5.0,1000.0,1,single_fault
2025-11-25T14:30:45.466640+00:00,24.633738249230067,5.054895521426963,1005.7839845899166,0.9186578074451461,0.846341093857097,4.177400275747112e-05,4.206994303669468e-05,0.036255660188443235,36,30.0,5.0,1000.0,1,single_fault
2025-11-25T14:30:46.566374+00:00,24.679601158891806,5.066040562997968,988.5744733499538,0.9290785270301135,0.8532516198116317,2.0005024902987362e-05,3.320425883410341e-05,0.0369276979570445,34,30.0,5.0,1000.0,1,single_fault
2025-11-25T14:30:47.566337+00:00,24.773753678503947,5.130310302724101,992.4936452024938,0.9256588408307957,0.8526104125741994,5.676399111954886e-05,5.645875127334126e-05,0.03332874828901002,32,30.0,5.0,1000.0,1,single_fault
2025-11-25T14:30:48.666146+00:00,24.813271487365384,5.075947266616641,1000.2201828944752,0.9353336534046656,0.8514573738236659,4.292731995464294e-05,4.9563464022060576e-05,0.037226366770947664,37,30.0,5.0,1000.0,1,single_fault
2025-11-25T14:30:49.665775+00:00,24.854989939595356,5.124861615733831,1001.0369952554514,0.9391414116528531,0.8494415208134317,3.741326413205709e-05,2.2552371631840864e-05,0.03368562420837022,32,30.0,5.0,1000.0,1,single_fault
2025-11-25T14:30:50.765775+00:00,24.94305845784131,5.1081440533773215,996.0631815116969,0.9427473322893839,0.8529178860849554,2.564105359031632e-05,5.234980521631932e-05,0.037401985116725,39,30.0,5.0,1000.0,1,single_fault
2025-11-25T14:30:51.765429+00:00,24.973631017002255,5.1521050506851775,1000.8353369757639,0.9479464205420063,0.8484688867589959,7.691552699889951e-05,4.8502549348777376e-05,0.034122586639078314,32,30.0,5.0,1000.0,1,single_fault
2025-11-25T14:30:52.865295+00:00,25.054975242482275,5.052418845522297,996.7301854098282,0.9548775496380641,0.8542885823015876,5.443476627120767e-05,5.40666545678533e-05,0.03790115621026412,37,30.0,5.0,1000.0,1,single_fault
2025-11-25T14:30:53.865444+00:00,25.11436109484207,5.032233936899254,1005.8163238838681,0.9608599556135925,0.8468219583563966,6.171071257363294e-05,5.1612952646386716e-05,0.0343912479869933,32,30.0,5.0,1000.0,1,single_fault
2025-11-25T14:30:54.879460+00:00,25.164966949384432,5.075823432821407,996.5032900113644,0.9532023450462634,0.8542744336806265,4.694134593972368e-05,5.1465073672501255e-05,0.03422412606405189,34,30.0,5.0,1000.0,1,single_fault
2025-11-25T14:30:55.964762+00:00,25.237009815212677,5.042512141903627,1002.5410224054908,0.9665503450936015,0.8506980661585083,4.727840147312e-05,4.311458763479455e-05,0.03821107131155923,38,30.0,5.0,1000.0,1,single_fault
2025-11-25T14:30:56.974379+00:00,25.25743244811619,5.011801360685745,989.5020951759712,0.9632728292111423,0.8532747396880069,6.565026707194152e-05,3.4111711841399254e-05,0.03427172222450726,33,30.0,5.0,1000.0,1,single_fault
2025-11-25T14:30:58.025599+00:00,25.330114854283455,4.942330601559815,999.1788877810271,0.9694421923130315,0.8534315501120338,4.49459072418756e-05,3.7896563800022176e-05,0.035100286212260697,37,30.0,5.0,1000.0,1,single_fault
2025-11-25T14:30:59.072001+00:00,25.38520773875415,4.955828485240253,1001.3057019768838,0.9730999330141645,0.8516117207776375,4.402555487728073e-05,1.1771919019652096e-05,0.03804329138594433,37,30.0,5.0,1000.0,1,single_fault
2025-11-25T14:31:00.128498+00:00,25.462376756517084,4.89465459039496,1005.4207664579906,0.9701296483341343,0.84878245394745,4.6617077005803844e-05,6.098698280015216e-05,0.03509230927038757,36,30.0,5.0,1000.0,1,single_fault
2025-11-25T14:31:01.068814+00:00,25.513102842079167,4.9028276208803625,1004.7787661919286,0.9719020642502596,0.8494067167488485,5.252783678322956e-05,4.350944614971305e-05,0.034995906493952705,34,30.0,5.0,1000.0,1,single_fault
2025-11-25T14:31:02.278748+00:00,25.546200755740283,4.905551964375498,991.3160484699358,0.9746228116036575,0.855384167508548,3.893017477686001e-05,4.1635350326389057e-05,0.03509122938592876,32,30.0,5.0,1000.0,1,single_fault
2025-11-25T14:31:03.267151+00:00,25.645935730910335,4.924870036431906,1002.5434052953186,0.9765966076678911,0.8506227862998745,3.4239700056360654e-05,6.264829023766375e-05,0.03825664047186715,38,30.0,5.0,1000.0,1,single_fault
2025-11-25T14:31:04.316317+00:00,25.676055417466262,4.939730091859913,997.2740154259892,0.9815710080299429,0.8521813113333999,4.573735019657613e-05,4.07782067123591e-05,0.03869739351940114,34,30.0,5.0,1000.0,1,single_fault
2025-11-25T14:31:05.365074+00:00,25.75036295770639,4.944683443669249,998.466457133034,0.9827091186807023,0.8534551310126678,7.290430127731633e-05,5.55945830370985e-05,0.03896209097846762,36,30.0,5.0,1000.0,1,single_fault
2025-11-25T14:31:06.412301+00:00,25.811252854704037,4.9096384796182,1007.2207928696059,0.9845549697020944,0.850747511038336,3.8123952916253264e-05,2.8491234404072926e-05,0.03521409173298607,35,30.0,5.0,1000.0,1,single_fault
2025-11-25T14:31:07.366446+00:00,25.88202073323573,4.919173681851168,1007.6004477193928,0.9854565902504178,0.8462458059915681,2.386752997078353e-05,2.2838093046116483e-05,0.03515486789278686,32,30.0,5.0,1000.0,1,single_fault
2025-11-25T14:31:08.509063+00:00,25.937335734775512,4.86542981471988,1003.379211050195,0.985472207194607,0.8486514808464167,0.00010440761092846674,2.741786831233128e-05,0.038612837695866854,34,30.0,5.0,1000.0,1,single_fault
2025-11-25T14:31:09.566563+00:00,25.96349632050353,4.812181282769521,1004.4423261116375,0.9819988129377564,0.847669241008221,1.8878508020395233e-05,5.5123522522687825e-05,0.03845757514449655,34,30.0,5.0,1000.0,1,single_fault
2025-11-25T14:31:10.666457+00:00,26.0178349702064,4.827041338197528,1000.0567685237079,0.9860021427952055,0.850229514807875,6.404889194177944e-05,4.416504518273526e-05,0.03900312141988381,36,30.0,5.0,1000.0,1,single_fault
2025-11-25T14:31:11.666489+00:00,26.09899539069828,4.788405194084712,998.034805416098,0.9778961999221089,0.8505976871708845,7.682820171005722e-05,5.5919807906726e-05,0.034950982322369574,33,30.0,5.0,1000.0,1,single_fault
2025-11-25T14:31:12.705274+00:00,26.16105465768813,4.810199942045788,1002.0982894451784,0.9850635855942466,0.8471509877198413,4.836071395755714e-05,7.825116723795953e-05,0.03517377812912556,33,30.0,5.0,1000.0,1,single_fault
2025-11-25T14:31:13.849632+00:00,26.176563479023542,4.781594335346876,999.0388904496798,0.9917130288135649,0.8503729980293132,6.543116313833923e-05,1.0830909880395403e-06,0.03565892192099068,36,30.0,5.0,1000.0,1,single_fault
2025-11-25T14:31:14.802285+00:00,26.265687587891467,4.726735964058485,998.8587057566464,0.9852416881442029,0.8484251165732041,6.712893154386318e-05,5.818968095112642e-05,0.03873959302510897,37,30.0,5.0,1000.0,1,single_fault
2025-11-25T14:31:15.849161+00:00,26.305223146214367,4.728469637191752,1002.0242688327731,0.9931313588434183,0.8496371699689732,6.738408982669932e-05,5.2873931505920264e-05,0.03578898664417321,34,30.0,5.0,1000.0,1,single_fault
2025-11-25T14:31:16.768250+00:00,26.347410995342585,4.725745293696616,1000.131661268463,0.9829002857085529,0.8485971596274791,3.464168678582246e-05,3.677791429360566e-05,0.035150370761581215,31,30.0,5.0,1000.0,1,single_fault
2025-11-25T14:31:17.944575+00:00,26.4009039655617,4.7168292604398125,1001.5714958482308,0.9865153571308194,0.8470789768771457,1.0847017972910018e-05,5.048471084246999e-05,0.039035556232733845,36,30.0,5.0,1000.0,1,single_fault
2025-11-25T14:31:18.865240+00:00,26.44734796070538,4.776145648356605,1003.698129257318,0.9903796666695733,0.8497846132500604,4.1730982328858876e-05,8.64548386377326e-05,0.03529823058170715,34,30.0,5.0,1000.0,1,single_fault
2025-11-25T14:31:20.041802+00:00,26.507961466016237,4.8357097038638654,994.5429800174937,0.9871432472784046,0.8486323469764115,2.147718342660216e-05,5.398487243927084e-05,0.0391400621369424,35,30.0,5.0,1000.0,1,single_fault
2025-11-25T14:31:21.119935+00:00,26.562941523835253,4.871497670686315,997.3151973980473,0.9878898366000686,0.8515906910994865,3.051466174437471e-05,3.6439978213857994e-05,0.03561660933002685,32,30.0,5.0,1000.0,1,single_fault
2025-11-25T14:31:22.139705+00:00,26.60702839332331,4.929823388241242,999.9327422123348,0.9899996363274565,0.851720666735919,2.4608871466148883e-05,8.226529915443377e-05,0.03913951172216993,36,30.0,5.0,1000.0,1,single_fault
2025-11-25T14:31:23.190029+00:00,26.65962267395503,4.988025272000936,999.4723599512268,0.9925500645582321,0.8463147889334749,2.8925080439819483e-05,2.7256231931585375e-05,0.03918992947933001,33,30.0,5.0,1000.0,1,single_fault
2025-11-25T14:31:24.293227+00:00,26.712253556950678,5.012792031047613,996.5671875860662,0.9825055460437008,0.8528518406338392,4.850876749383288e-05,8.216296937132964e-05,0.038897337433577324,38,30.0,5.0,1000.0,1,single_fault
2025-11-25T14:31:25.365295+00:00,26.795272656206567,5.073470590711974,994.1327301313169,0.9902737648547615,0.8507685991344779,4.0623775504244874e-05,5.7100364602271963e-05,0.039031742884615105,38,30.0,5.0,1000.0,1,single_fault
2025-11-25T14:31:26.369437+00:00,26.8457228806029,5.111239898258157,994.8224850643203,0.9882533257933244,0.8529809363869025,7.059970299042711e-05,5.378119030963141e-05,0.035632493117063097,33,30.0,5.0,1000.0,1,single_fault
2025-11-25T14:31:27.466888+00:00,26.89862759777843,5.080900618425978,998.3667441994857,0.9920695224144851,0.8523311516222836,4.1748813727554625e-05,3.201693555870381e-05,0.03897466970669827,36,30.0,5.0,1000.0,1,single_fault
2025-11-25T14:31:28.595074+00:00,26.920941566551278,4.990501947905602,999.001030289887,0.987824407073667,0.8521371662055747,7.392011153353012e-05,1.7585237202770374e-05,0.03901432344804889,40,30.0,5.0,1000.0,1,single_fault
2025-11-25T14:31:29.567036+00:00,26.977324138560203,4.9137249948609005,993.4225234972071,0.9906058488231831,0.8544535032450661,3.652294647384334e-05,1.8508558490847485e-05,0.03562917343638824,34,30.0,5.0,1000.0,1,single_fault
2025-11-25T14:31:30.564751+00:00,27.030904271461672,4.882395044666853,1004.8919443075376,0.9813073069069583,0.8518289871566692,4.946966724559639e-05,4.669231592705717e-05,0.03527653795958859,34,30.0,5.0,1000.0,1,single_fault
2025-11-25T14:31:31.666293+00:00,27.079223653168334,4.914963332813236,998.7898265875282,0.9842386188477263,0.851754332246522,3.488791779062204e-05,3.4748903257217875e-05,0.03880799970650376,36,30.0,5.0,1000.0,1,single_fault
2025-11-25T14:31:32.765493+00:00,27.123899641799778,4.876574856290883,1002.3443899414822,0.9924396010284379,0.851494282179193,7.110706561226118e-05,4.116130651941119e-05,0.03922016493215694,35,30.0,5.0,1000.0,1,single_fault
2025-11-25T14:31:33.766071+00:00,27.173885436423415,4.846978579230105,1000.8778840468331,0.9906856863766178,0.8527158750053665,3.46719191834838e-05,4.032950585636438e-05,0.03558899081789361,31,30.0,5.0,1000.0,1,single_fault
2025-11-25T14:31:34.865536+00:00,27.223489953303453,4.8406630556732,1000.5249824456193,0.985209600434665,0.8533923248033642,6.521867141732052e-05,5.659528232403284e-05,0.03895268574011081,35,30.0,5.0,1000.0,1,single_fault
2025-11-25T14:31:35.965593+00:00,27.282461161650925,4.814657958674188,991.2077584501916,0.9949269474075862,0.8541483899759804,3.743098865097452e-05,2.5164273061576712e-05,0.039171178250415106,36,30.0,5.0,1000.0,1,single_fault
2025-11-25T14:31:37.064986+00:00,27.308917491596013,4.80475125505552,1002.5588278517743,0.9885731729190206,0.851472297619861,7.968893941891133e-05,5.701558722806757e-05,0.039109177956817474,38,30.0,5.0,1000.0,1,single_fault
2025-11-25T14:31:38.066899+00:00,27.36406427192232,4.810199942045789,1001.4420190630468,0.9950452020651884,0.8534920491782696,2.7362061585479128e-05,6.868549574433168e-05,0.03570380780865411,34,30.0,5.0,1000.0,1,single_fault
2025-11-25T14:31:39.166394+00:00,27.40458890381944,4.8443780695302046,992.419392461078,0.989776461915376,0.8552836190153605,1.7420498975415374e-05,3.826535451590757e-05,0.03905052107468989,37,30.0,5.0,1000.0,1,single_fault
2025-11-25T14:31:40.269511+00:00,27.458157763187796,4.883757216414422,997.5250301600306,0.9923791893309473,0.8550127426073356,4.3551816198875336e-05,6.615613993552857e-05,0.03549691150939402,33,30.0,5.0,1000.0,1,single_fault
2025-11-25T14:31:41.265942+00:00,27.516649583316227,4.923631698479571,1008.4437199069823,0.9895501739778091,0.8498211421545846,5.5299450796642826e-05,5.1704119787464336e-05,0.03902520366221037,38,30.0,5.0,1000.0,1,single_fault
2025-11-25T14:31:42.265218+00:00,27.561302180526138,4.890568075152257,996.6003451737236,0.9927359078101787,0.8533418509658409,6.402724781579332e-05,2.4198707817935792e-05,0.035503482743799816,34,30.0,5.0,1000.0,1,single_fault
2025-11-25T14:31:43.341505+00:00,27.592711545812456,4.872859842433884,998.7034723643255,0.9930868818990775,0.8559606263497483,4.275127228083748e-05,7.636001686718034e-05,0.03568125336712599,31,30.0,5.0,1000.0,1,single_fault
2025-11-25T14:31:44.440856+00:00,27.630872246823767,4.931061726193577,999.0178791801762,0.9856299175909927,0.8521424121381124,1.5032577515356644e-05,3.567791235560907e-05,0.03868846921763417,36,30.0,5.0,1000.0,1,single_fault
2025-11-25T14:31:45.465677+00:00,27.67782453851197,4.9211550225749034,998.9653869336663,0.9813504632514448,0.8529155091972705,0.00010930249740888453,5.271031811258031e-05,0.03889722816047293,40,30.0,5.0,1000.0,1,single_fault
2025-11-25T14:31:46.564661+00:00,27.71865619253825,4.819611310483527,997.6605336647702,0.9874884937355293,0.8552605265966231,5.307998943293625e-05,4.5642372954815456e-05,0.03921308466268849,38,30.0,5.0,1000.0,1,single_fault
2025-11-25T14:31:47.666409+00:00,27.790157568976426,4.775031144199505,990.4573647107703,0.9885404319016904,0.8573322003916606,0.00010199991245416099,2.0364641783669347e-05,0.03892412713434903,38,30.0,5.0,1000.0,1,single_fault
2025-11-25T14:31:48.666809+00:00,27.828586090243697,4.747540041657691,996.557328978791,0.9924216714280398,0.8579161612132562,2.0701315191234197e-05,7.311119252984139e-05,0.03554713904895558,32,30.0,5.0,1000.0,1,single_fault
2025-11-25T14:31:49.767105+00:00,27.865796720142644,4.801036241198517,1003.8961522613213,0.9929571230958161,0.8547190841660047,4.9912534772264366e-05,3.882440678555898e-05,0.039058277939138276,38,30.0,5.0,1000.0,1,single_fault
2025-11-25T14:31:50.814493+00:00,27.905072879935982,4.784318678842009,1006.0936773982055,0.9896110204300198,0.8537932042061275,4.7441428056736536e-05,4.186078852102038e-05,0.035653015117200385,32,30.0,5.0,1000.0,1,single_fault
2025-11-25T14:31:52.045871+00:00,27.945590551853964,4.775031144199506,1002.1290583005156,0.9932314977408935,0.8532945416319926,6.397797261493546e-05,3.674543381885435e-05,0.03888919785546131,34,30.0,5.0,1000.0,1,single_fault
2025-11-25T14:31:52.865466+00:00,27.981620300045495,4.740729182919857,1009.9286412246554,0.9900908019634944,0.8489132489355795,4.4655438860163107e-05,7.86079545283499e-05,0.035758936307439475,33,30.0,5.0,1000.0,1,single_fault
2025-11-25T14:31:53.965422+00:00,28.027492806473443,4.791129537579845,1005.8768959930527,0.9874616637788013,0.8527084504797131,5.481214023368902e-05,6.964220291195278e-05,0.03884475320863521,40,30.0,5.0,1000.0,1,single_fault
2025-11-25T14:31:55.219569+00:00,28.074611212951744,4.760171088771499,996.5554831030452,0.9882877781332298,0.8531678725180538,8.532099803002594e-05,3.55342513200202e-05,0.038874526230740995,34,30.0,5.0,1000.0,1,single_fault
2025-11-25T14:31:56.082312+00:00,28.11457594617009,4.744815698162557,1001.9325710946414,0.9923524201268774,0.8504430297547048,6.130026505710701e-05,6.284448847590534e-05,0.035667551402090915,34,30.0,5.0,1000.0,1,single_fault
2025-11-25T14:31:57.066842+00:00,28.148406853153308,4.74890221340526,990.3799553393741,0.9918126550333151,0.8582615981195512,4.095360805297582e-05,5.7506528821949705e-05,0.03538921338333629,34,30.0,5.0,1000.0,1,single_fault
2025-11-25T14:31:58.166315+00:00,28.195583693840273,4.810942944817189,1001.1952184200218,0.9875315871932681,0.8510431680690392,1.859855568946257e-05,9.064636375419179e-05,0.03897023129582022,38,30.0,5.0,1000.0,1,single_fault
2025-11-25T14:31:59.417715+00:00,28.21405898360191,4.87533651833855,1002.2154974426405,0.981699362360252,0.8516440937624665,6.345337819000538e-05,5.7039458724371396e-05,0.03883902942157754,36,30.0,5.0,1000.0,1,single_fault
2025-11-25T14:32:00.265536+00:00,28.270294325430893,4.902827620880364,1008.7554113430411,0.9848515549180699,0.8489504382736113,3.697196920477114e-05,5.7814938927719475e-05,0.035063750206867826,32,30.0,5.0,1000.0,1,single_fault
2025-11-25T14:32:01.365677+00:00,28.322856331113073,4.8827665460525544,1002.0636580140873,0.9928774139741194,0.8507025282850812,4.632464526087707e-05,6.96622899882579e-05,0.03901187929077514,36,30.0,5.0,1000.0,1,single_fault
2025-11-25T14:32:02.367858+00:00,28.326762877615202,4.936881914569545,1001.4973549966037,0.9874517554295569,0.8510055506506985,2.473463495992449e-05,2.7431910288744633e-05,0.035211091332956065,33,30.0,5.0,1000.0,1,single_fault
2025-11-25T14:32:03.465393+00:00,28.374226844157135,4.94839845752625,1007.9630337662285,0.9867410977156452,0.8487102133458783,3.844913283273149e-05,4.9898723370734666e-05,0.038711060529470216,36,30.0,5.0,1000.0,1,single_fault
2025-11-25T14:32:04.642304+00:00,28.433021953836022,4.994093127967371,993.4011709804112,0.9838209597684902,0.8530040900259414,4.2890955910727816e-05,7.139643244177026e-05,0.035352159703796994,34,30.0,5.0,1000.0,1,single_fault
2025-11-25T14:32:05.562047+00:00,28.45112200982618,5.06492605884087,999.1270690830357,0.984378496252047,0.8520697703928176,1.4280014830218822e-05,8.473032789123222e-05,0.03533562802133157,33,30.0,5.0,1000.0,1,single_fault
2025-11-25T14:32:06.566695+00:00,28.4976043267592,5.2381695383723805,1004.7056549980582,0.9954345312477412,0.8491501220038125,2.971056510975074e-05,5.780636538693551e-05,0.038839808045863275,37,30.0,5.0,1000.0,1,single_fault
2025-11-25T14:32:07.753088+00:00,28.518186807744254,5.231977848610712,996.1594916577706,0.9898185502207418,0.8525371195162174,4.837463374803882e-05,1.9715728411980046e-05,0.03902535704224066,38,30.0,5.0,1000.0,1,single_fault
2025-11-25T14:32:08.803626+00:00,28.567595616150466,5.222071144992042,1004.0842691414878,0.9878870478752888,0.8495112028753254,3.3268079988274976e-05,4.636942998826775e-05,0.038799172013307695,38,30.0,5.0,1000.0,1,single_fault
2025-11-25T14:32:09.850710+00:00,28.625472725501588,5.2842357101992015,999.0246173950702,0.9853112157848166,0.8514756958649048,3.832421271910391e-05,3.0469053863189322e-05,0.03533770575783054,34,30.0,5.0,1000.0,1,single_fault
2025-11-25T14:32:10.988797+00:00,28.660300109879152,5.199781061850031,996.0100826936615,0.9844608567847056,0.8512069432376438,3.677020238866658e-05,1.3000996666475444e-05,0.039010136218532,37,30.0,5.0,1000.0,1,single_fault
2025-11-25T14:32:12.011196+00:00,28.668546450603497,5.191608031364625,1006.3846932539831,0.9901716527365301,0.8492597800042063,3.943033923193089e-05,7.812984070442807e-05,0.03556582681606604,32,30.0,5.0,1000.0,1,single_fault
2025-11-25T14:32:12.997214+00:00,28.71802422438915,5.265412973323725,1000.8925754074854,0.9851798291259887,0.8503808735494581,6.0394941990884985e-05,4.830207153089465e-05,0.03862982895232984,36,30.0,5.0,1000.0,1,single_fault
2025-11-25T14:32:14.046448+00:00,36.09625844730289,5.13984550495707,994.2389828995153,0.6817624938989131,0.8530662464872604,0.00010154397024351627,2.563502987050547e-05,0.024992239290754337,33,30.0,5.0,1000.0,0,single_fault
2025-11-25T14:32:15.187765+00:00,36.08444391184156,5.033843776237287,994.4465087152963,0.7530767549511654,0.8513323402848172,4.617767328730846e-05,6.099245756644025e-05,0.03012840636288543,34,30.0,5.0,1000.0,0,single_fault
2025-11-25T14:32:16.166417+00:00,36.09353615598774,5.007838679238276,1010.0309060671266,0.7450357906843942,0.850110623132005,4.365586012994954e-05,2.894008564172624e-05,0.029498544136698376,38,30.0,5.0,1000.0,0,single_fault
2025-11-25T14:32:17.266178+00:00,36.075342525839964,5.012792031047612,1008.4523348161464,0.7401902187053349,0.8462387710994144,3.421668474712834e-05,5.1078836959217665e-05,0.02896626067662093,36,30.0,5.0,1000.0,0,single_fault
2025-11-25T14:32:18.366231+00:00,36.088976303460846,5.030128762380287,997.7974080597553,0.7250361420261754,0.8489983231695205,5.091965686813463e-05,1.2059171053888648e-05,0.028819453679656198,39,30.0,5.0,1000.0,0,single_fault
2025-11-25T14:32:19.465401+00:00,36.07306944320834,4.99297862381027,996.0867094571258,0.7236229244424156,0.8523377245055982,2.5189841208325093e-05,3.722716374361154e-05,0.028843141595085442,35,30.0,5.0,1000.0,0,single_fault
2025-11-25T14:32:20.614866+00:00,36.0480676154917,5.010315355142944,999.3476555327622,0.7109065659318687,0.8494835076686406,2.496077680297739e-05,2.855054634375688e-05,0.028046333806660776,38,30.0,5.0,1000.0,0,single_fault
2025-11-25T14:32:21.739222+00:00,36.06170050059351,4.974403554525261,1004.7789508140496,0.696959606111552,0.8497514101285737,4.062734459557083e-05,1.1885321650200283e-05,0.027928156299688846,36,30.0,5.0,1000.0,0,single_fault
2025-11-25T14:32:22.666490+00:00,36.046262159837354,4.913724994860901,1003.4953455696502,0.6987387871142208,0.8463479512265355,5.537529544572413e-05,4.0657545188391496e-05,0.02499466196530429,35,30.0,5.0,1000.0,0,single_fault
2025-11-25T14:32:23.664714+00:00,36.07875083716843,4.894654590394959,995.9824818165405,0.6768464003661928,0.8475371637524258,5.670105652745649e-05,3.209517007400917e-05,0.02415094919990715,33,30.0,5.0,1000.0,0,single_fault
2025-11-25T14:32:24.664323+00:00,36.036247635655016,4.916449338356036,993.5821685601511,0.6842252473354828,0.8541250477549687,1.1729569416106144e-05,6.963909076826054e-05,0.02462543208419401,33,30.0,5.0,1000.0,0,single_fault
2025-11-25T14:32:25.734393+00:00,36.028761582997845,4.960038834278189,1000.4899616551154,0.672600722650923,0.8511238794430781,6.541978499610679e-05,4.439572029101566e-05,0.024076520571472127,31,30.0,5.0,1000.0,0,single_fault
2025-11-25T14:32:26.765848+00:00,35.9912958595464,4.923631698479573,995.0175924984862,0.6651628388430485,0.8515449526281543,5.185700535751776e-05,2.940641210563436e-05,0.026966277793206275,37,30.0,5.0,1000.0,0,single_fault
2025-11-25T14:32:27.865347+00:00,36.048063068334,4.903818291242231,1001.3222404542386,0.6464037770985958,0.8498976022539803,4.923122053419603e-05,3.422304588292478e-05,0.025933270467923257,38,30.0,5.0,1000.0,0,single_fault
2025-11-25T14:32:28.909349+00:00,35.98131378057908,4.8987411056376615,993.7820527632412,0.6548880282747916,0.8535354826725176,2.6269242043889277e-05,3.765259144317017e-05,0.023735722759439627,32,30.0,5.0,1000.0,0,single_fault
2025-11-25T14:32:30.035378+00:00,35.989030975321505,4.895149925575894,1000.199101290352,0.6338604730565549,0.8506856967530886,4.182135786259736e-05,4.266582234254476e-05,0.025344706337836576,37,30.0,5.0,1000.0,0,single_fault
2025-11-25T14:32:31.065142+00:00,35.94591932086945,4.8852432219572215,1001.2723028456722,0.6311569616184001,0.8520323845322263,6.725798510632236e-05,4.867526329497736e-05,0.02513189636377805,35,30.0,5.0,1000.0,0,single_fault
2025-11-25T14:32:32.166563+00:00,35.90962859393428,4.864191476767545,998.8666966922628,0.6224790740651417,0.8517509023258856,6.350905915188473e-05,5.83076615315565e-05,0.024267093022739893,36,30.0,5.0,1000.0,0,single_fault
2025-11-25T14:32:33.210668+00:00,35.901464233341514,4.8919302468998245,1004.4153815400559,0.6183133925059996,0.8491797939162291,1.1212131093600358e-05,4.3312782957187706e-05,0.02209890103152205,32,30.0,5.0,1000.0,0,single_fault
2025-11-25T14:32:34.266357+00:00,35.91416921747391,4.907533305099235,1006.3214219156947,0.6058221262390139,0.8494196048383661,3.4219203791377354e-05,4.859494363649398e-05,0.023790373009548307,39,30.0,5.0,1000.0,0,single_fault
2025-11-25T14:32:35.365646+00:00,35.8824461995049,4.980595244286932,999.0938639540294,0.6016904637883638,0.8509639716658485,3.0623574059125344e-05,6.42599543485202e-05,0.023971647821450143,38,30.0,5.0,1000.0,0,single_fault
2025-11-25T14:32:36.464724+00:00,35.86884059223715,5.064802225045637,1001.2237468729639,0.5865733675914716,0.8479540333973149,3.754447150548155e-05,5.6104355207216224e-05,0.02314949661573863,39,30.0,5.0,1000.0,0,single_fault
2025-11-25T14:32:37.464983+00:00,35.82921786835759,5.019974391171149,999.2492418724594,0.5806022941376731,0.8519211753010426,7.445575440039143e-05,2.0336805744698518e-05,0.021089113119461142,35,30.0,5.0,1000.0,0,single_fault
2025-11-25T14:32:38.465027+00:00,35.804316767181476,4.897378933890093,1006.0425682449835,0.578760938620687,0.8459628937230601,5.604202029606679e-05,8.805134049960396e-06,0.020748785127948123,32,30.0,5.0,1000.0,0,single_fault
2025-11-25T14:32:39.564380+00:00,35.78281386269674,4.835709703863864,993.6784452126459,0.5722842780638229,0.854560119463772,5.4028998556723445e-05,5.7964392504351655e-05,0.022847465677818472,35,30.0,5.0,1000.0,0,single_fault
2025-11-25T14:32:40.664774+00:00,35.746622054499376,4.827041338197529,1005.0711972549366,0.5615396089713347,0.8458047462532768,7.261956968544979e-05,4.439580897088811e-05,0.022145558842131638,34,30.0,5.0,1000.0,0,single_fault
2025-11-25T14:32:41.666705+00:00,35.71724806947263,4.792491709327413,989.8160964800633,0.5595545857713248,0.8535241955363194,5.342668274496119e-05,4.582109318331291e-05,0.01992765176762862,32,30.0,5.0,1000.0,0,single_fault
2025-11-25T14:32:42.766171+00:00,35.69013003997873,4.813419620721856,1001.269281811891,0.5485238217777482,0.8504967920886674,3.231408003418145e-05,6.034171482363733e-05,0.021676960163939107,38,30.0,5.0,1000.0,0,single_fault
2025-11-25T14:32:43.930647+00:00,35.665283975430974,4.900103277385227,1004.0593006683401,0.5387009994203008,0.8492353947147749,3.128679663682873e-05,7.70216864733325e-05,0.021059376694510835,33,30.0,5.0,1000.0,0,single_fault
2025-11-25T14:32:44.978550+00:00,35.65398983857835,4.928585050288909,1005.7054047676515,0.5342539883835523,0.8469292614579946,2.592294386245558e-05,4.527392453721448e-05,0.021224573634517338,38,30.0,5.0,1000.0,0,single_fault
2025-11-25T14:32:46.109332+00:00,35.63773569851422,4.935519742821977,1003.3903579065764,0.5258449949230053,0.8479746720900705,4.3785422004276225e-05,1.2273238917036497e-05,0.018932489927152053,35,30.0,5.0,1000.0,0,single_fault
2025-11-25T14:32:47.076683+00:00,35.58631239448404,4.896388263528228,1001.1639944783649,0.5276033237779638,0.8480225134938955,5.228494928638386e-05,6.318329453916986e-05,0.020547938316067913,37,30.0,5.0,1000.0,0,single_fault
2025-11-25T14:32:48.179093+00:00,35.541217121964955,4.922393360527239,997.4764125767168,0.5070975969320597,0.8498978186602234,3.301979883276502e-05,2.050030112920364e-05,0.02010939022184841,37,30.0,5.0,1000.0,0,single_fault
2025-11-25T14:32:49.184624+00:00,35.49637446466109,4.889205903404688,999.0111750727723,0.5054349558602459,0.8489436886645176,5.0925031133565674e-05,4.7409495964778056e-05,0.018353347596223844,34,30.0,5.0,1000.0,0,single_fault
2025-11-25T14:32:50.265529+00:00,35.484902237773355,4.938491753907579,997.4580098837461,0.49928437341281545,0.8505678409154478,2.6916312448602267e-05,7.879009734735125e-05,0.01965880298625131,37,30.0,5.0,1000.0,0,single_fault
2025-11-25T14:32:51.269628+00:00,35.42953127006316,4.99954181495764,998.0230110362966,0.49608908847435795,0.8515247087221332,3.227813019684895e-05,2.2989718573276802e-05,0.01779985003124391,34,30.0,5.0,1000.0,0,single_fault
2025-11-25T14:32:52.318547+00:00,35.4171522003519,5.007714845443044,995.3690644561917,0.4905250017803205,0.8510784017422361,2.815151570959014e-05,3.7851857247898075e-05,0.01756950571455207,32,30.0,5.0,1000.0,0,single_fault
2025-11-25T14:32:53.367724+00:00,35.38364232353233,4.974403554525262,995.5489380381557,0.47671237596938704,0.8538313182216367,6.142194698536878e-05,7.282306283885519e-05,0.019257769195578592,36,30.0,5.0,1000.0,0,single_fault
2025-11-25T14:32:54.429236+00:00,35.350374988944296,5.014525704180881,1010.0899840059756,0.4750996597962433,0.8448949725990931,5.354887080260157e-05,4.983560582528485e-05,0.016791504608489254,33,30.0,5.0,1000.0,0,single_fault
2025-11-25T14:32:55.482638+00:00,35.2758208787892,5.032605438284954,1002.8114270636601,0.46870874084338005,0.8479760896603498,5.2212752709156026e-05,7.361185793109575e-05,0.018327832351438252,36,30.0,5.0,1000.0,0,single_fault
2025-11-25T14:32:56.564721+00:00,35.244405620422725,5.053657183474631,1009.7898090003472,0.4631689714798202,0.8468938563085726,4.5048414943285406e-05,4.648772132568968e-05,0.018144728850818248,34,30.0,5.0,1000.0,0,single_fault
2025-11-25T14:32:57.664677+00:00,35.19955570914956,5.084615632282978,997.3191959192064,0.4546690887490149,0.8498179713117163,2.5333828690384573e-05,3.653274413710536e-05,0.017896495942048823,37,30.0,5.0,1000.0,0,single_fault
2025-11-25T14:32:58.664335+00:00,35.14802785760838,5.141207676704637,993.3495279959745,0.4579171128998555,0.8489105774191437,2.5356934556132933e-05,7.950253666806319e-05,0.016537682381081557,33,30.0,5.0,1000.0,0,single_fault
2025-11-25T14:32:59.764352+00:00,35.13233756138425,5.279034690799399,992.7862879057502,0.4412769269247079,0.852841868919095,4.467096401891126e-05,4.008009224210394e-05,0.017893026033621157,33,30.0,5.0,1000.0,0,single_fault
2025-11-25T14:33:00.766218+00:00,35.07414015374682,5.250181416510019,999.133264482011,0.440941900621367,0.850982489917165,4.5560935806978774e-05,3.9102429837675374e-05,0.01581769388988713,34,30.0,5.0,1000.0,0,single_fault
2025-11-25T14:33:01.865723+00:00,35.027175007292215,5.277796352847066,989.6511599783527,0.43163063708253796,0.8515774154430905,1.909290412545172e-05,3.0821051534229665e-05,0.01717383402424416,33,30.0,5.0,1000.0,0,single_fault
2025-11-25T14:33:02.964819+00:00,35.00259732758452,5.222071144992039,997.9587176466531,0.42850156983355486,0.8542149888213774,8.792919264301873e-05,3.5746246474708623e-05,0.01690722357498438,40,30.0,5.0,1000.0,0,single_fault
2025-11-25T14:33:04.067042+00:00,34.95119738541629,5.051180507569963,1003.6220420583951,0.42172888890981963,0.8502794997050163,9.562895463737352e-05,2.3882444703769254e-05,0.016956459103912126,37,30.0,5.0,1000.0,0,single_fault
2025-11-25T14:33:05.157217+00:00,34.899632852850985,4.958676662530621,1004.5298045997919,0.414225346383569,0.8498281059605114,2.2680807368057853e-05,4.092483521918412e-05,0.014848330164211044,34,30.0,5.0,1000.0,0,single_fault
2025-11-25T14:33:06.181034+00:00,34.85970378863195,4.994216961762604,995.384893586015,0.40983215923285776,0.854763704031742,2.1619204593135156e-05,4.6110906202746656e-05,0.01674388376699339,38,30.0,5.0,1000.0,0,single_fault
2025-11-25T14:33:07.205463+00:00,34.813775935852235,5.06492605884087,997.1983980869402,0.4071849564932646,0.8511904603092872,5.967843911491285e-05,6.228227303782736e-05,0.01470437480448042,35,30.0,5.0,1000.0,0,single_fault
2025-11-25T14:33:08.265883+00:00,34.77277646181886,5.0462271557606275,992.5738824494907,0.400320613538369,0.8537943459923244,6.03348074602508e-05,3.794243570605129e-05,0.01584426083825549,36,30.0,5.0,1000.0,0,single_fault
2025-11-25T14:33:09.263778+00:00,34.72068831449028,5.0077148454430445,995.0564684684559,0.3980989012444239,0.856821075849467,2.260264894918141e-05,6.296153175025224e-05,0.014350822314451058,35,30.0,5.0,1000.0,0,single_fault
2025-11-25T14:33:10.265741+00:00,34.67663900145678,5.107153383015455,995.8521263098497,0.38951010955572773,0.8562512715187648,4.284851347905716e-05,4.3750752615499795e-05,0.014108842987264893,33,30.0,5.0,1000.0,0,single_fault
2025-11-25T14:33:11.365578+00:00,34.62817616423963,5.099475687710986,993.1832728213917,0.38671999554855424,0.8545699860374409,1.802828213174037e-05,3.239529975857483e-05,0.015182087041848523,35,30.0,5.0,1000.0,0,single_fault
2025-11-25T14:33:12.465463+00:00,34.597084233416695,5.120527432900661,1004.4935101714203,0.371902132055542,0.8553761176519058,4.086967452260477e-05,2.9645081948618896e-05,0.014650379054125166,37,30.0,5.0,1000.0,0,single_fault
2025-11-25T14:33:13.564782+00:00,34.54821969805296,5.13538748832867,1008.6712937612974,0.3792700692341169,0.8514387987237625,3.3505948119165804e-05,5.431008487672664e-05,0.015021738465726154,40,30.0,5.0,1000.0,0,single_fault
2025-11-25T14:33:14.729383+00:00,34.47500400617661,5.127957460614666,995.9401832504446,0.3670824602797546,0.8554281278522563,5.659316840251662e-05,2.7776665824460748e-05,0.014806443970801414,35,30.0,5.0,1000.0,0,single_fault
2025-11-25T14:33:15.779419+00:00,34.43067989025765,5.073470590711974,1005.9981178368322,0.36879074347806423,0.8506738285285924,2.500205799238459e-05,4.084685211314873e-05,0.014456790044414518,35,30.0,5.0,1000.0,0,single_fault
2025-11-25T14:33:16.865728+00:00,34.37973697020249,5.165107599184682,1000.9053565657399,0.36284206550571285,0.8514762103718732,2.182277454269032e-05,7.150097420487849e-05,0.014669458654363995,38,30.0,5.0,1000.0,0,single_fault
2025-11-25T14:33:17.878927+00:00,34.34232384922012,5.318290003888383,1003.2769185593979,0.35590773541201326,0.8513610199128874,4.4440410001400914e-05,4.0591665817329105e-05,0.012811342876677883,32,30.0,5.0,1000.0,0,single_fault
2025-11-25T14:33:18.923614+00:00,34.27906738294781,5.293770912432174,1001.0893865119521,0.34848892871750214,0.8538506787601721,3.711858787151547e-05,2.2766156710847714e-05,0.01253597932114402,34,30.0,5.0,1000.0,0,single_fault
2025-11-25T14:33:19.972494+00:00,34.27132817840399,5.214641117278036,999.6792316949745,0.34852013176301627,0.851849550608932,5.012789072973968e-05,4.032188117795666e-05,0.014165953260135282,37,30.0,5.0,1000.0,0,single_fault
2025-11-25T14:33:21.021793+00:00,34.17702928973459,5.173899798646252,984.6541164167171,0.3485925136758569,0.8581046506546357,3.988184741992738e-05,4.5980734226042734e-05,0.012888157639889148,32,30.0,5.0,1000.0,0,single_fault
2025-11-25T14:33:22.070308+00:00,34.127783901105516,5.17501430280335,999.8020414428057,0.33467900712656556,0.8543262529446658,6.826536011232861e-05,5.5476399793875504e-05,0.013442878220098708,37,30.0,5.0,1000.0,0,single_fault
2025-11-25T14:33:23.117919+00:00,34.09449134168784,5.2433705577721845,1000.6433630584868,0.3359817702356775,0.8551454433726482,2.9967480576066415e-05,6.262424881825279e-05,0.011816882022397014,33,30.0,5.0,1000.0,0,single_fault
2025-11-25T14:33:24.064405+00:00,34.01692046627754,5.252905760005154,1004.99441030651,0.3293732427031016,0.8519260554981465,3.380527492138086e-05,8.763306416833273e-09,0.011696789189763987,35,30.0,5.0,1000.0,0,single_fault
2025-11-25T14:33:25.216161+00:00,33.975751289382316,5.191112696183695,1009.4964993374343,0.3318569947800621,0.8515380317227915,4.6807715898951286e-05,4.673595942329212e-05,0.012509501131234902,38,30.0,5.0,1000.0,0,single_fault
2025-11-25T14:33:26.356337+00:00,33.91415349500853,5.124242446757662,999.0085426015223,0.3190709973454972,0.8515511002288179,6.460014686299495e-05,1.2493903914457016e-05,0.012538574034269268,36,30.0,5.0,1000.0,0,single_fault
2025-11-25T14:33:27.373544+00:00,33.87019078860283,5.042512141903626,1007.1136146234156,0.32601965646642844,0.8495245569287474,2.368961955323176e-05,3.112955706393722e-05,0.012988969150380203,36,30.0,5.0,1000.0,0,single_fault
2025-11-25T14:33:28.465059+00:00,33.813062722297616,5.044988817808295,1001.0273644014778,0.31101907144577967,0.851302278413134,6.222085089506914e-05,3.4025334227476384e-05,0.012091182420505931,36,30.0,5.0,1000.0,0,single_fault
2025-11-25T14:33:29.632472+00:00,33.749427405560816,4.980595244286931,998.3099787664152,0.31202482528732195,0.8517546535957305,3.6344376716019236e-05,1.2681816194307604e-06,0.012447747279074264,35,30.0,5.0,1000.0,0,single_fault
2025-11-25T14:33:30.651718+00:00,33.69547588317522,4.90418979262793,1002.209646973937,0.31124417771507884,0.8528538388238436,2.4094199928714158e-05,1.726419480172901e-05,0.011062146110657691,35,30.0,5.0,1000.0,0,single_fault
2025-11-25T14:33:31.663931+00:00,33.626679883459154,4.9013416153375635,992.4994735225818,0.3078978334632611,0.8531256625915578,7.637123828108165e-05,7.828261715593326e-05,0.012030650034827204,38,30.0,5.0,1000.0,0,single_fault
2025-11-25T14:33:32.664096+00:00,33.58705009398966,4.920535853598738,1001.655259183045,0.30088866887209026,0.8521242326782469,2.0855812935434622e-05,2.8033858515128868e-05,0.01113182681586756,33,30.0,5.0,1000.0,0,single_fault
2025-11-25T14:33:33.764868+00:00,33.53693621752276,4.900103277385228,1005.6516684657618,0.29741782541353207,0.8492882382866671,5.2688848034590895e-05,5.940511242778371e-05,0.01235705923840713,37,30.0,5.0,1000.0,0,single_fault
2025-11-25T14:33:34.865342+00:00,33.45824543714819,4.959543499097255,1005.752207231853,0.2992989272272928,0.8487953612847441,2.7941169502023344e-05,5.304476410523755e-05,0.011654484776183716,37,30.0,5.0,1000.0,0,single_fault
2025-11-25T14:33:35.965161+00:00,33.44294928157513,4.958305161144922,999.7933310207438,0.28804151825762353,0.8495231081922348,7.886428361316683e-05,6.551033821114396e-05,0.011370040026246609,36,30.0,5.0,1000.0,0,single_fault
2025-11-25T14:33:36.965066+00:00,33.382698624413436,4.908276307870632,997.335755862875,0.294910463583668,0.8537148809079186,5.7330100108310884e-05,3.979071237785251e-05,0.01080110554827139,31,30.0,5.0,1000.0,0,single_fault
2025-11-25T14:33:37.965097+00:00,33.34428865656794,4.936881914569545,998.9786607658777,0.2794251674421325,0.8501647015734763,5.5342933283511304e-05,6.674151186711603e-05,0.010088007564227949,34,30.0,5.0,1000.0,0,single_fault
2025-11-25T14:33:38.964853+00:00,33.29152002260113,4.923260197093872,1004.6290940078552,0.2828268822869063,0.8497076255577586,5.642514191800823e-05,3.614018300040061e-05,0.010193312651553654,35,30.0,5.0,1000.0,0,single_fault
2025-11-25T14:33:40.064770+00:00,33.21615124293643,4.9273467123365755,999.6838003776072,0.2816087822935639,0.8521650676738876,1.628274035670261e-05,7.079352091135299e-05,0.010696843435866287,34,30.0,5.0,1000.0,0,single_fault
2025-11-25T14:33:41.164119+00:00,33.1617465243573,5.005362003333611,1005.5680740842715,0.28312562260596635,0.8461909881623952,5.278690403632885e-05,2.3951268735201523e-05,0.010871886267708507,38,30.0,5.0,1000.0,0,single_fault
2025-11-25T14:33:42.328580+00:00,33.11170607961922,4.933538402098243,1002.2146091674101,0.2712613751852817,0.8493853571443154,3.389926861632387e-05,3.2134950893176944e-05,0.01101166048509946,37,30.0,5.0,1000.0,0,single_fault
2025-11-25T14:33:43.266097+00:00,33.03066108311335,4.962763177773325,1007.3451515208935,0.2755808103719749,0.8451703167505171,3.903095343951336e-05,3.8529600502901856e-05,0.009726955514939429,34,30.0,5.0,1000.0,0,single_fault
2025-11-25T14:33:44.365378+00:00,32.95533274965615,4.9706885406682595,997.4206146637197,0.27006593040116167,0.8504196561207188,6.654671567661401e-05,6.041853869102891e-05,0.010555272456882862,39,30.0,5.0,1000.0,0,single_fault
2025-11-25T14:33:45.502238+00:00,32.92279236224946,4.965735188858924,997.0912207734863,0.2690252761082644,0.8481118306462228,4.072382589364435e-05,6.850012180689501e-05,0.010657455656789189,37,30.0,5.0,1000.0,0,single_fault
2025-11-25T14:33:46.464896+00:00,32.885066203226145,5.0295095934041205,994.981481779427,0.26407427585909726,0.852127154145243,3.469371200760232e-05,5.7153661966490364e-05,0.009636716924627323,32,30.0,5.0,1000.0,0,single_fault
2025-11-25T14:33:47.564219+00:00,32.83827585287367,5.063563887093302,999.5313611380261,0.26368475305568745,0.8499372252548313,2.7478226585432055e-05,5.015878018823815e-05,0.01082538529593114,36,30.0,5.0,1000.0,0,single_fault
2025-11-25T14:33:48.565079+00:00,32.76357154108606,5.082634291559243,1002.2146796322301,0.26129790269780123,0.849958656570632,3.1156621942240694e-05,2.5849830188845965e-05,0.009109232342341341,36,30.0,5.0,1000.0,0,single_fault
2025-11-25T14:33:49.573269+00:00,32.737400283795424,5.037682623889524,997.4601873209633,0.25847284372518126,0.8487426169726973,7.959526486128816e-05,3.5490488872081936e-05,0.009610351475599415,32,30.0,5.0,1000.0,0,single_fault
2025-11-25T14:33:50.624482+00:00,32.66130037425901,5.004990501947908,991.4430500421886,0.25247733300310615,0.851631654478019,4.4598407512234334e-05,5.234525569164142e-05,0.009109847814963996,36,30.0,5.0,1000.0,0,single_fault
2025-11-25T14:33:51.703244+00:00,32.64141599719456,5.022698734666283,998.5670193257356,0.25847514449465875,0.8521983064535611,5.947361485846436e-06,3.678453295808326e-05,0.010576735586219209,39,30.0,5.0,1000.0,0,single_fault
2025-11-25T14:33:52.669110+00:00,32.59002570442007,5.062201715345735,1006.9900074079108,0.2522759785819845,0.8501084114289916,7.697155741522805e-05,2.8088196713737167e-05,0.009065664388954895,33,30.0,5.0,1000.0,0,single_fault
2025-11-25T14:33:53.764054+00:00,32.53132780682922,4.9966936376672715,997.4797428890139,0.24706729825035828,0.8520675785904868,5.14678890923451e-05,4.326432834828435e-05,0.009955013443395826,36,30.0,5.0,1000.0,0,single_fault
2025-11-25T14:33:54.764589+00:00,32.46664731519256,4.906914136123064,1000.8921197665238,0.2540267952409781,0.8495377811642356,8.994445540071946e-05,4.663697764483815e-05,0.00901083854737437,33,30.0,5.0,1000.0,0,single_fault
2025-11-25T14:33:55.847204+00:00,32.416875790013265,4.871497670686315,994.210534135527,0.24753154229466218,0.8517429216949397,3.6161149961787544e-05,5.01973346801965e-05,0.00896586153359717,32,30.0,5.0,1000.0,0,single_fault
2025-11-25T14:33:56.863203+00:00,32.35251540038418,4.87533651833855,995.8831085906148,0.24607304764740148,0.85340789276387,8.073950762509983e-05,3.850788944491234e-05,0.00978593896423874,37,30.0,5.0,1000.0,0,single_fault
2025-11-25T14:33:57.865142+00:00,32.300879922827136,4.840167720492269,1015.8997307470705,0.2422678363208985,0.8459746683077259,2.9809942085760533e-05,4.4617198598328636e-05,0.008545425474445013,37,30.0,5.0,1000.0,0,single_fault
2025-11-25T14:33:58.865179+00:00,32.27721840189399,4.787043022337145,1000.9161987820569,0.24482569459400677,0.8492522693366216,6.427430336757004e-05,2.038938730044179e-05,0.008693735783826043,34,30.0,5.0,1000.0,0,single_fault
2025-11-25T14:33:59.964888+00:00,32.19557050055597,4.812181282769522,999.0813484010126,0.2427948202724435,0.8503394113023129,4.05650303075978e-05,4.4074257113119754e-05,0.009467578817600105,38,30.0,5.0,1000.0,0,single_fault
2025-11-25T14:34:01.171700+00:00,32.154790510431624,4.8258030002451955,995.7130165173421,0.23871979870643686,0.8511310735610071,2.09994995959773e-05,6.605829836600245e-05,0.00963883416467866,35,30.0,5.0,1000.0,0,single_fault
2025-11-25T14:34:02.164901+00:00,32.10757725846731,4.865429814719879,1002.0920924910871,0.2404197248847881,0.8502546990960699,3.415564919977936e-05,5.0615550405550736e-05,0.009938126372605478,38,30.0,5.0,1000.0,0,single_fault
2025-11-25T14:34:03.263662+00:00,32.03466998527054,4.932300064145909,1003.2581046711384,0.23426735167538745,0.8494554373131366,1.9202360811050488e-05,6.422071072388043e-05,0.009181468847398852,40,30.0,5.0,1000.0,0,single_fault
2025-11-25T14:34:04.363432+00:00,31.978977321116645,4.918678346670237,1008.9683987622958,0.2418785743210785,0.8454281260185137,8.082802167722251e-05,6.368281055923096e-05,0.009628412962053903,34,30.0,5.0,1000.0,0,single_fault
2025-11-25T14:34:05.484148+00:00,31.944717360011747,4.985548596096265,997.5243138360546,0.23135259968943184,0.8498917662364858,1.800416995379761e-05,5.248152217137195e-05,0.009568791009998787,37,30.0,5.0,1000.0,0,single_fault
2025-11-25T14:34:06.465155+00:00,31.892727398739737,5.028147421656553,1001.1334983541768,0.23385896536145562,0.8470477187707092,4.080299292240304e-05,5.413356729357147e-05,0.00834815474548933,35,30.0,5.0,1000.0,0,single_fault
2025-11-25T14:34:07.564783+00:00,31.839901782135247,5.0226987346662835,996.6493666687089,0.23382087302934434,0.8520279335068062,2.183555385712318e-05,1.4842971629620002e-05,0.009002661039125923,38,30.0,5.0,1000.0,0,single_fault
2025-11-25T14:34:08.732461+00:00,31.773660023814443,4.98926360995327,1003.707550470707,0.23003826265731442,0.846531566196601,5.779932363078516e-05,2.111052823540302e-05,0.008902645434552603,39,30.0,5.0,1000.0,0,single_fault
2025-11-25T14:34:09.776944+00:00,31.703210174546783,4.9211550225749034,1000.7566057148243,0.23521943575132276,0.8500548002436041,3.687772479429817e-05,8.973388149412678e-06,0.009693281847529751,38,30.0,5.0,1000.0,0,single_fault
2025-11-25T14:34:10.828917+00:00,31.67419192888832,4.889205903404689,995.153930112149,0.2295449819065209,0.8472753430227528,1.9703450999285465e-05,1.5011294867148306e-05,0.008089288374943205,32,30.0,5.0,1000.0,0,single_fault
2025-11-25T14:34:11.880719+00:00,31.609387164763163,4.905056629194565,996.9516908653343,0.23031939207260288,0.851408397398297,4.423922132473409e-05,8.36328161572054e-05,0.00904593312718292,34,30.0,5.0,1000.0,0,single_fault
2025-11-25T14:34:12.925579+00:00,31.58976446042688,4.955952319035487,1000.8980468252615,0.2277400576094847,0.8489693957997249,4.065111513938699e-05,2.805397486912024e-05,0.008240230538445678,34,30.0,5.0,1000.0,0,single_fault
2025-11-25T14:34:13.863395+00:00,31.531191665366475,4.911000651365766,1000.3228093906798,0.23114015486045378,0.8489095386423807,2.647243174486846e-05,2.0359765314511985e-05,0.008225724063131637,33,30.0,5.0,1000.0,0,single_fault
2025-11-25T14:34:15.022837+00:00,31.490103237335873,4.960781837049589,990.0253885076683,0.22665345550880395,0.8538413569623373,7.023068217349376e-05,4.384777357050806e-05,0.008979018581895013,36,30.0,5.0,1000.0,0,single_fault
2025-11-25T14:34:16.068911+00:00,31.422038024757477,4.865429814719881,999.6381753807611,0.22781763278973,0.8500116450338667,3.143437035127301e-05,4.658129475140755e-05,0.008955109923344827,36,30.0,5.0,1000.0,0,single_fault
2025-11-25T14:34:17.164164+00:00,31.356154862367042,4.953351809335585,997.3543269439161,0.23223166409827894,0.8513951794290352,1.4151476819894343e-05,5.968002484187087e-05,0.009018666459509632,36,30.0,5.0,1000.0,0,single_fault
2025-11-25T14:34:18.196526+00:00,31.301979428855326,4.958676662530623,1000.670607646059,0.22561539805905362,0.8524536691130946,3.938810259662747e-05,1.5517679881042748e-05,0.008157811538062072,35,30.0,5.0,1000.0,0,single_fault
2025-11-25T14:34:19.265194+00:00,31.27121757109544,4.947160119573915,994.4951042268447,0.2302305443727179,0.8526841787729494,2.873419284894098e-05,3.2795052128186676e-05,0.00939329174648875,36,30.0,5.0,1000.0,0,single_fault
2025-11-25T14:34:20.266652+00:00,31.24362133360024,4.99409312796737,1001.5286289525209,0.2227478865922758,0.8502752339065607,1.915282573242222e-05,5.398315977845597e-05,0.008189523982145406,33,30.0,5.0,1000.0,0,single_fault
2025-11-25T14:34:21.314043+00:00,31.199285809893137,5.007714845443043,999.252510003675,0.22851137373941674,0.8531907990934124,3.844294339486622e-05,1.536624809938134e-05,0.008365546749313741,34,30.0,5.0,1000.0,0,single_fault
2025-11-25T14:34:22.365948+00:00,31.152437187572797,4.991740285857936,999.895111105187,0.22253459045938181,0.851674410714784,3.6982612401046147e-05,5.411471369540692e-05,0.008733271779621967,33,30.0,5.0,1000.0,0,single_fault
2025-11-25T14:34:23.465163+00:00,31.080407334168708,4.997931975619605,998.2330539600799,0.22647123230374733,0.8545059972765223,9.455363628029172e-05,7.143032700584823e-05,0.008985452091843987,34,30.0,5.0,1000.0,0,single_fault
2025-11-25T14:34:24.524260+00:00,31.054806347908215,4.984557925734399,998.5614470109649,0.2283869522927034,0.8525339748215016,2.499469944375285e-05,4.71948560409469e-05,0.00830239777557487,32,30.0,5.0,1000.0,0,single_fault
2025-11-25T14:34:25.542946+00:00,31.012893475181578,4.999541814957641,997.4596269637883,0.2200528719201434,0.8524826964407712,5.624977955049731e-05,3.50890822142055e-05,0.008009617060767207,33,30.0,5.0,1000.0,0,single_fault
2025-11-25T14:34:26.669372+00:00,30.96403270013049,5.002885327428941,1001.709299146427,0.23138625133283686,0.8514422522268039,3.990802210844034e-05,6.342917596157747e-05,0.009340848724397013,40,30.0,5.0,1000.0,0,single_fault
2025-11-25T14:34:27.682233+00:00,30.910559078130706,5.040406967384657,1003.7686040393573,0.22422758417734298,0.851536157551821,2.1348567893928226e-05,3.383214430232223e-05,0.008484680907215832,32,30.0,5.0,1000.0,0,single_fault
2025-11-25T14:34:28.717856+00:00,30.854158716966186,5.040035465998958,999.9228943851904,0.2291423005499159,0.8515376334614224,5.468634644000505e-05,4.449268724468228e-05,0.009054389220026285,41,30.0,5.0,1000.0,0,single_fault
2025-11-25T14:34:29.703421+00:00,30.831565744085616,5.00907701719061,1005.9720773308269,0.22080842899764802,0.8489484826334526,4.249294684425504e-05,4.723381366971438e-05,0.008168197993439284,32,30.0,5.0,1000.0,0,single_fault
2025-11-25T14:34:30.764650+00:00,30.78871614847534,4.995455299714937,1000.104040052669,0.2289371348477189,0.8525613072202346,6.120005037776864e-05,1.683553368092618e-05,0.009076256461324202,36,30.0,5.0,1000.0,0,single_fault
2025-11-25T14:34:31.799362+00:00,30.741049287217937,4.882395044666852,998.1975056758408,0.2262815878248418,0.8521212218350694,7.607354325681954e-05,2.8787531831100396e-05,0.00813906449080023,33,30.0,5.0,1000.0,0,single_fault
2025-11-25T14:34:32.849079+00:00,30.706256262704294,4.84970292272524,1011.1625627078225,0.22525453206284687,0.8460796437207232,6.717456530024436e-05,3.575308883163506e-05,0.008042218539348528,32,30.0,5.0,1000.0,0,single_fault
2025-11-25T14:34:33.896536+00:00,30.65801138177874,4.8233263243405275,997.9578247125868,0.23339184804343824,0.8494871704316345,3.507231908577513e-05,4.304428783678532e-05,0.008902419732518848,38,30.0,5.0,1000.0,0,single_fault
2025-11-25T14:34:34.965011+00:00,30.60955915320203,4.823326324340527,997.4333298343562,0.2254132826752575,0.8507384250801908,2.322529820648017e-05,3.095676141829288e-05,0.009112169051103977,35,30.0,5.0,1000.0,0,single_fault
2025-11-25T14:34:35.992578+00:00,30.54873686910962,4.876946357676585,1002.7229198892779,0.2347405467734013,0.8503243240086572,1.6758995194523132e-05,8.995951180001006e-05,0.008181299841958643,34,30.0,5.0,1000.0,0,single_fault
2025-11-25T14:34:37.064738+00:00,30.512772532844508,4.944683443669248,1005.9472345858528,0.2248381268092527,0.8494185374044647,6.61743017279433e-05,4.2075707877735324e-05,0.008773232532302585,37,30.0,5.0,1000.0,0,single_fault
2025-11-25T14:34:38.164077+00:00,30.468611933755685,4.919916684622571,999.9251280144849,0.2330682208746605,0.8484168795823884,3.45589881653865e-05,4.3461404790444825e-05,0.009011597655266336,38,30.0,5.0,1000.0,0,single_fault
2025-11-25T14:34:39.264280+00:00,30.43540532691826,4.947779288550083,996.6705804812782,0.23393602375042638,0.8523809123010274,1.1374255565420683e-05,3.522370715690238e-05,0.00834011259881806,33,30.0,5.0,1000.0,0,single_fault
2025-11-25T14:34:40.189709+00:00,30.386871792498347,4.981833582239265,1000.4809557377142,0.22905439134637748,0.8491436458676531,2.959667412320531e-05,2.608017684053339e-05,0.00799519668388932,34,30.0,5.0,1000.0,0,single_fault
2025-11-25T14:34:41.263896+00:00,30.355187830599583,4.9706885406682595,990.4931234483593,0.22751246422737526,0.854530541616532,5.5079271130271526e-05,3.429020657073075e-05,0.009043441148263455,37,30.0,5.0,1000.0,0,single_fault
2025-11-25T14:34:42.287597+00:00,30.31529904257662,4.970936208258728,995.3523778726482,0.2362911824492016,0.8499622787765009,2.9238424282535104e-05,6.653971722489484e-05,0.00830621437193437,35,30.0,5.0,1000.0,0,single_fault
2025-11-25T14:34:43.463335+00:00,30.28383144803359,4.963258512954256,1006.9234401447059,0.2353701156422743,0.8506862760899654,3.793396122760091e-05,1.7877735539557008e-05,0.009295659718016151,35,30.0,5.0,1000.0,0,single_fault
2025-11-25T14:34:44.383824+00:00,30.225327552789803,4.973660551753862,995.6024990752401,0.23722640167431855,0.853719513262028,5.5338076110379946e-05,5.020505232682089e-05,0.0082399657874587,31,30.0,5.0,1000.0,0,single_fault
2025-11-25T14:34:45.465252+00:00,30.18948884004004,4.952113471383253,1000.444001721402,0.23561981530358364,0.849193358719253,5.3166781474084925e-05,7.241089489349487e-05,0.00909232641880427,37,30.0,5.0,1000.0,0,single_fault
2025-11-25T14:34:46.481529+00:00,30.16308660972186,4.980471410491697,995.7634368682263,0.23633843949882394,0.8533756196304252,4.7317906421434486e-05,1.746529051293192e-05,0.008707605703478213,33,30.0,5.0,1000.0,0,single_fault
2025-11-25T14:34:47.564898+00:00,30.122480620441557,4.9422067677645805,997.8578807941062,0.23841417440667476,0.8520936249248393,1.9560249313395743e-05,4.3343378320761154e-05,0.009307448569949995,36,30.0,5.0,1000.0,0,single_fault
2025-11-25T14:34:48.579802+00:00,30.07098048244701,4.995455299714938,999.4514299259178,0.24250526782007936,0.8540268589208221,4.012685455860203e-05,4.5535228953517254e-05,0.008881505506551392,32,30.0,5.0,1000.0,0,single_fault
2025-11-25T14:34:49.664550+00:00,30.036667792618005,5.079662280473642,998.0990570247633,0.24097144246873975,0.8525799727475618,3.3686626275591624e-05,8.10672939096393e-05,0.009344075495808894,36,30.0,5.0,1000.0,0,single_fault
2025-11-25T14:34:50.719721+00:00,30.01114878377745,5.098980352530053,997.695610090985,0.23961418129616074,0.8529587623404812,4.569310815479116e-05,5.179661208918276e-05,0.008796442839873887,31,30.0,5.0,1000.0,0,single_fault
2025-11-25T14:34:51.764123+00:00,29.948872400215098,5.114335743138993,1002.1814643372016,0.2416590862298509,0.8504573691163313,4.9129504440688287e-05,3.404385268974548e-05,0.010017849764827723,36,30.0,5.0,1000.0,0,single_fault
2025-11-25T14:34:52.773270+00:00,29.93758241552232,5.090807322044648,1004.6519248907686,0.24327777584851887,0.8524472456154459,4.745502488629394e-05,4.2467947327639055e-05,0.008645990790141212,33,30.0,5.0,1000.0,0,single_fault
2025-11-25T14:34:53.907539+00:00,29.89164619718465,5.070374745831138,988.0162059989049,0.2483789419055618,0.8547153433560091,1.7159838583795712e-05,2.9482773693266233e-05,0.0088289576201294,31,30.0,5.0,1000.0,0,single_fault
2025-11-25T14:34:54.871662+00:00,29.869495562082022,5.105667377472655,1000.1183654883248,0.24458935430144335,0.854589324001033,2.9627941893972694e-05,1.3419320852742048e-05,0.010074774360393321,36,30.0,5.0,1000.0,0,single_fault
2025-11-25T14:34:55.965284+00:00,29.81940299105584,5.036320452141957,1005.8196885454665,0.2496252165627517,0.8504551174344557,3.314942119810077e-05,2.0326005382138286e-05,0.010628518888332612,38,30.0,5.0,1000.0,0,single_fault
2025-11-25T14:34:56.968513+00:00,29.806672267896452,5.067650402336005,1007.5118531450887,0.24944286097693458,0.84984304324078,4.75528983419543e-05,7.271193259444927e-05,0.008843092168400936,33,30.0,5.0,1000.0,0,single_fault
2025-11-25T14:34:58.064778+00:00,29.775593583798653,5.092045659996981,1000.118549023657,0.2505185905606584,0.8507312658856935,3.233384203223073e-05,3.27540024584677e-05,0.010151838111373762,37,30.0,5.0,1000.0,0,single_fault
2025-11-25T14:34:59.066646+00:00,29.735565870567996,5.081272119811677,1005.2949339482278,0.24884982911799222,0.8494210190751916,2.1427992977313306e-05,1.2563349650556697e-05,0.008623867988965677,31,30.0,5.0,1000.0,0,single_fault
2025-11-25T14:35:00.164603+00:00,29.702634755877924,5.052418845522297,1001.9052094549304,0.25574590833920746,0.849836790254069,4.963517827783718e-05,5.323258708499902e-05,0.01013007732222581,35,30.0,5.0,1000.0,0,single_fault
2025-11-25T14:35:01.164483+00:00,29.68512918891928,5.090807322044648,1004.1510001009922,0.2489549504044919,0.8496873146226477,4.4594920061909906e-05,4.321628052036722e-05,0.008893386386129513,34,30.0,5.0,1000.0,0,single_fault
2025-11-25T14:35:02.208600+00:00,29.662212443236864,5.096256009034916,1002.2210891796519,0.25482257155345844,0.8480566919082604,7.706188641338537e-05,8.135056121233217e-05,0.009019487595493534,32,30.0,5.0,1000.0,0,single_fault
2025-11-25T14:35:03.164380+00:00,29.62556027655595,5.079909948064109,997.194851317221,0.2588245048758512,0.8523493401514608,4.6778189033223826e-05,6.004994646940359e-05,0.00960975167110903,34,30.0,5.0,1000.0,0,single_fault
2025-11-25T14:35:04.308818+00:00,29.5568782017286,5.118050756995994,1000.0359012957208,0.26553300455002,0.8498701530301461,1.7738932141929682e-05,2.1073142469934626e-05,0.010788590906793325,39,30.0,5.0,1000.0,0,single_fault
2025-11-25T14:35:05.376839+00:00,29.57145044866098,5.156439233518343,1002.1074255362245,0.2540090690203284,0.8504548651061079,5.0467521551857735e-05,4.457345518146218e-05,0.010032686639098003,39,30.0,5.0,1000.0,0,single_fault
2025-11-25T14:35:06.463240+00:00,29.51112221164524,5.201019399802363,991.5016621113135,0.26619921876195773,0.8501737035889481,2.0877845697124102e-05,5.977263003933029e-05,0.010685197883034632,36,30.0,5.0,1000.0,0,single_fault
2025-11-25T14:35:07.527088+00:00,29.501974791754442,5.297857427674875,1007.2599164600524,0.261865340234265,0.8497554840803586,3.6011924149068765e-05,5.4403597887547516e-05,0.009736964476569618,34,30.0,5.0,1000.0,0,single_fault
2025-11-25T14:35:08.503001+00:00,29.460811097547,5.417728541460795,1002.4431788865071,0.2603869681248844,0.8496223330255266,8.110121354287968e-05,9.551243209582044e-05,0.009274993000517484,34,30.0,5.0,1000.0,0,single_fault
2025-11-25T14:35:09.575622+00:00,29.448754548209365,5.254267931752722,1000.4285831057194,0.2692820275020674,0.8494426953907452,7.280836939593388e-05,2.9695427998906318e-05,0.011198809753651796,35,30.0,5.0,1000.0,0,single_fault
2025-11-25T14:35:10.597084+00:00,29.410524800235514,5.356430812820267,994.9569150155934,0.2670673981866847,0.8509410818051849,6.0240694223330954e-05,7.850985689267897e-05,0.009825264026564112,31,30.0,5.0,1000.0,0,single_fault
2025-11-25T14:35:11.664478+00:00,29.34698652926371,5.26045962151439,1005.0066711255123,0.27740674591362297,0.8493447688171956,5.1394883695065436e-05,4.6111964713136123e-05,0.011081001788503717,36,30.0,5.0,1000.0,0,single_fault
2025-11-25T14:35:12.695589+00:00,29.36941349926221,5.192970203112194,991.4947429107515,0.2608259674808832,0.8514191259648436,5.771588608442609e-05,1.8394576053956567e-05,0.009069919445430836,35,30.0,5.0,1000.0,0,single_fault
2025-11-25T14:35:13.746256+00:00,29.326022868823692,5.112602070005724,996.2019497217525,0.27593613261201533,0.8544471513727772,5.027245680303963e-05,4.5407309771086224e-05,0.009841350757941169,34,30.0,5.0,1000.0,0,single_fault
2025-11-25T14:35:14.793354+00:00,29.336610306994565,5.1576775714706775,987.5551946455416,0.2762174392558386,0.8555634413241865,3.789152257851924e-05,5.7384377184395484e-05,0.010845474877836221,36,30.0,5.0,1000.0,0,single_fault
2025-11-25T14:35:15.844717+00:00,29.294072854729126,5.256992275247855,1006.4095271062655,0.28118073594694976,0.8523090713168383,5.502214847966531e-05,8.582383344475384e-05,0.009972080297031413,32,30.0,5.0,1000.0,0,single_fault
2025-11-25T14:35:16.763555+00:00,29.273528922958928,5.378225560781345,993.7077219953208,0.27230919148932786,0.852788209072574,4.6185273250821525e-05,5.047236343462604e-05,0.0100147143160815,33,30.0,5.0,1000.0,0,single_fault
2025-11-25T14:35:17.940085+00:00,29.220447551067185,5.282749704656399,1001.3991758445453,0.28396658292691707,0.8523078275505881,0.0001014271663500889,6.365858738561197e-05,0.011208169578804184,39,30.0,5.0,1000.0,0,single_fault
2025-11-25T14:35:18.988708+00:00,29.237029090819075,5.2121644413733685,999.0102052151689,0.2792766168041631,0.8534099217036268,1.3566156000966741e-05,3.815544883961089e-05,0.010781741265030216,39,30.0,5.0,1000.0,0,single_fault
2025-11-25T14:35:20.122369+00:00,29.20593464230402,5.261697959466726,998.1570399488403,0.2814103072237612,0.8524266109437965,8.132045180318468e-05,7.980584067878834e-05,0.011694125408475824,34,30.0,5.0,1000.0,0,single_fault
2025-11-25T14:35:21.085621+00:00,29.159516092068053,5.191608031364627,1007.337338943699,0.28977591051707596,0.8525314275602687,5.960381004890289e-05,1.4751537446096816e-05,0.01034068745518222,36,30.0,5.0,1000.0,0,single_fault
2025-11-25T14:35:22.135400+00:00,29.148124308519225,5.045855654374927,1000.0538263400842,0.2866032249222181,0.8525003763461122,5.226420482641494e-05,4.97898440542964e-06,0.010285293342688665,30,30.0,5.0,1000.0,0,single_fault
2025-11-25T14:35:23.182971+00:00,29.137556851548553,5.002885327428941,995.6928310067499,0.2870927535003714,0.8554112879751581,6.315565655337726e-05,6.229563685630565e-05,0.011405008464064793,35,30.0,5.0,1000.0,0,single_fault
2025-11-25T14:35:24.231762+00:00,29.098006679494638,4.9423306015598145,1017.314870967235,0.29530851187385887,0.8433194511001713,4.637359053640861e-05,3.38204259136385e-05,0.010334521410632515,34,30.0,5.0,1000.0,0,single_fault
2025-11-25T14:35:25.162998+00:00,29.088900207661293,4.943692773307382,1002.2685498165214,0.2956472543105203,0.8504855532146074,4.52914730783624e-05,3.111598508557108e-05,0.010927687106486937,33,30.0,5.0,1000.0,0,single_fault
2025-11-25T14:35:26.164059+00:00,29.057022178617906,4.921898025346304,994.0686672991158,0.2944210157150626,0.8524270676520223,2.880120231766322e-05,2.2812324553081212e-05,0.010768716897543567,33,30.0,5.0,1000.0,0,single_fault
2025-11-25T14:35:27.164260+00:00,29.066136236668644,4.919173681851171,987.7225508040904,0.28839929281245086,0.8563014854919635,3.773447347825794e-05,4.22631835200977e-05,0.010282256658211694,33,30.0,5.0,1000.0,0,single_fault
2025-11-25T14:35:28.263598+00:00,29.034056549489033,4.931061726193577,1003.793750470199,0.30408879683135165,0.8514772286388563,2.7765805518680135e-05,4.767010234574341e-05,0.012317300143065523,37,30.0,5.0,1000.0,0,single_fault
2025-11-25T14:35:29.264326+00:00,28.991027938051964,4.983195753986832,1004.6903631992978,0.29935257339782256,0.8500595573260755,0.0,2.7204535252354902e-05,0.010924282078965931,34,30.0,5.0,1000.0,0,single_fault
2025-11-25T14:35:30.263794+00:00,28.986479026499598,5.025423078161418,1000.908835936351,0.3043256923675105,0.851771568178765,3.2178072110385645e-05,1.653630853958528e-05,0.011021781041509039,32,30.0,5.0,1000.0,0,single_fault
2025-11-25T14:35:31.263656+00:00,28.98193494659795,4.9573144907830535,1006.5156502513694,0.30117225646746537,0.849862776314702,3.9595897230124916e-05,2.7647226622039193e-05,0.010891047333900169,31,30.0,5.0,1000.0,0,single_fault
2025-11-25T14:35:32.363218+00:00,28.9472023719459,4.975641892477597,998.0706202866227,0.3060715400269313,0.8508030978121773,4.507894696292822e-05,3.909480676027393e-05,0.012304842111547361,34,30.0,5.0,1000.0,0,single_fault
2025-11-25T14:35:33.363824+00:00,28.94327240078665,4.945054945054949,1002.6691649331693,0.31347666164178256,0.8498719884025882,5.1398878989486786e-05,1.4759110091570116e-05,0.011276862811135099,35,30.0,5.0,1000.0,0,single_fault
2025-11-25T14:35:34.363635+00:00,28.927357101290404,4.891930246899826,997.2428076334214,0.30843634837717127,0.8503858549182285,3.627006311299435e-05,2.6358621369173285e-05,0.011018832110246023,30,30.0,5.0,1000.0,0,single_fault
2025-11-25T14:35:35.482784+00:00,28.907937712856253,4.92239336052724,1001.8796985055836,0.312789322367565,0.8493534689695487,6.550473619632706e-06,7.226432132771281e-05,0.012381026265888212,37,30.0,5.0,1000.0,0,single_fault
2025-11-25T14:35:36.463964+00:00,28.87964475499151,5.0513043413651975,1013.9844650165893,0.3142038953907894,0.8467765366878031,1.2210215261317338e-05,6.571763179606153e-05,0.010927283651981319,34,30.0,5.0,1000.0,0,single_fault
2025-11-25T14:35:37.565154+00:00,28.87694282088204,5.096999011806319,987.0003251711464,0.31796179825762344,0.8510156770829553,5.767883866791925e-05,1.54005851330606e-05,0.012835465883005399,35,30.0,5.0,1000.0,0,single_fault
2025-11-25T14:35:38.664615+00:00,28.84390826291001,5.015268706952279,999.6832753601549,0.3249107014650152,0.8520683616777308,4.1556623189050365e-05,2.231226101383386e-05,0.01296691638667714,38,30.0,5.0,1000.0,0,single_fault
2025-11-25T14:35:39.681007+00:00,28.831921284224894,4.930071055831709,1005.5330154115342,0.31479388123630125,0.8476621518817113,7.102914210815467e-05,2.6255585664838412e-05,0.011405769431372004,33,30.0,5.0,1000.0,0,single_fault
2025-11-25T14:35:40.777713+00:00,28.80880653412078,4.917440008717903,998.5884780685205,0.3251050911306002,0.852448897346004,1.2733932477239023e-05,5.572506988487035e-05,0.012821530791151146,40,30.0,5.0,1000.0,0,single_fault
2025-11-25T14:35:41.763776+00:00,28.82511545324121,4.969574036511158,1005.8439206402114,0.32064076352262527,0.8468197186553075,1.6989684130791774e-05,2.9044516730701493e-05,0.011473073922998876,34,30.0,5.0,1000.0,0,single_fault
2025-11-25T14:35:42.763817+00:00,23.32654832168587,5.037682623889525,1000.6510849493454,0.5529850099225426,0.8477370116847288,6.109679404714264e-05,3.593017889194968e-05,0.019913532746728496,36,30.0,5.0,1000.0,1,single_fault
2025-11-25T14:35:43.879167+00:00,22.001303103802048,4.978118568382263,992.5984807403336,0.5588363287751474,0.8531978745951492,9.264026778197786e-05,8.734007806363807e-05,0.02181353879861034,37,30.0,5.0,1000.0,1,single_fault
2025-11-25T14:35:44.965155+00:00,21.993433647362462,4.943445105716914,1000.1130358425961,0.5687999176511024,0.8516902603946939,5.715510458217294e-05,4.761685696509258e-05,0.022486512382539903,39,30.0,5.0,1000.0,1,single_fault
2025-11-25T14:35:45.963102+00:00,22.03789367929258,4.962763177773325,1004.8303601161582,0.5783226175346072,0.8480854433274821,1.2238283882028877e-05,2.7653126170386768e-05,0.020492307774600024,32,30.0,5.0,1000.0,1,single_fault
2025-11-25T14:35:47.064608+00:00,22.060325222256264,5.03136710033262,1000.6241368600774,0.592933540827951,0.8487008697428556,3.0471705906905006e-05,7.135262904934112e-05,0.02375649559579708,36,30.0,5.0,1000.0,1,single_fault
2025-11-25T14:35:48.163265+00:00,22.101652833468805,5.036320452141955,1004.3356017702648,0.5981601480681158,0.8472536256480626,7.088871907864841e-05,4.8262709308839115e-05,0.023781724530486107,36,30.0,5.0,1000.0,1,single_fault
2025-11-25T14:35:49.307201+00:00,22.142985017212666,4.933538402098244,995.5518152639448,0.6083662890602506,0.8516452041999074,6.543942639358935e-05,3.760611892371858e-05,0.024316357796787556,38,30.0,5.0,1000.0,1,single_fault
2025-11-25T14:35:50.267863+00:00,22.152630876261764,4.954590147287919,996.2025215903326,0.6220484274419622,0.8512238751468356,1.0314146190043167e-05,2.3239872268407513e-05,0.022438101784103888,34,30.0,5.0,1000.0,1,single_fault
2025-11-25T14:35:51.263877+00:00,22.18727511157244,4.984557925734398,998.6121245345319,0.6291381968001765,0.8487760832991477,1.5307580593528577e-05,2.3478960821381263e-05,0.023034172588570503,34,30.0,5.0,1000.0,1,single_fault
2025-11-25T14:35:52.377245+00:00,22.211887870857502,4.975641892477596,1001.7383630664302,0.6384428533182681,0.8522338744538502,6.863745529520597e-05,5.721577980363857e-05,0.025345675964331012,37,30.0,5.0,1000.0,1,single_fault
2025-11-25T14:35:53.606834+00:00,22.24535969639029,4.974403554525261,1005.0588438820021,0.6517637207943313,0.8478975347972623,3.427439028754488e-05,3.278091155775725e-05,0.026160433817652266,36,30.0,5.0,1000.0,1,single_fault
2025-11-25T14:35:54.529127+00:00,22.30857907000426,4.981833582239265,1009.1864755477179,0.6594052701298111,0.8452763577211716,1.6632419695088984e-05,6.977879913183436e-05,0.02368411181919478,34,30.0,5.0,1000.0,1,single_fault
2025-11-25T14:35:55.689756+00:00,22.31429024801324,5.095760673853985,991.5519514499778,0.6660410498946712,0.8507611782681503,2.038184686755081e-05,2.913033231854753e-05,0.026301209713301667,35,30.0,5.0,1000.0,1,single_fault
2025-11-25T14:35:56.758421+00:00,22.365509873108476,5.103190701567986,991.6625346746259,0.6806463294020764,0.852015534835591,6.287176922601028e-05,8.51925776349899e-05,0.026837750424568655,36,30.0,5.0,1000.0,1,single_fault
2025-11-25T14:35:57.787307+00:00,22.419102892942185,5.1166885852484265,994.2695284944266,0.6851188439004496,0.8527788188757415,5.407944650293358e-05,2.812265254090384e-05,0.024772329598745365,33,30.0,5.0,1000.0,1,single_fault
2025-11-25T14:35:58.932759+00:00,22.456151350982637,5.084615632282977,996.778318248495,0.6999304246443251,0.851701589687819,8.861364396291092e-05,6.621892061065327e-05,0.027651323262258228,35,30.0,5.0,1000.0,1,single_fault
2025-11-25T14:35:59.882539+00:00,22.495571438402866,5.067278900950304,1006.1472181677993,0.7066454074931543,0.85245187801309,5.046990443173641e-05,4.775128211323104e-05,0.027784556632121062,39,30.0,5.0,1000.0,1,single_fault
2025-11-25T14:36:00.963250+00:00,22.54091434357372,5.064802225045636,1005.872919532858,0.7161367299305437,0.8457252897989004,4.155834473777422e-05,7.40073819155258e-05,0.027628944382080762,37,30.0,5.0,1000.0,1,single_fault
2025-11-25T14:36:01.980261+00:00,22.5708813222586,5.105791211267888,1001.3831587609595,0.7264806861013093,0.8515121154410294,3.525425855645621e-05,2.0039503758612908e-05,0.026215623393750675,34,30.0,5.0,1000.0,1,single_fault
2025-11-25T14:36:03.027174+00:00,22.603419795295174,5.067650402336004,996.4865748653056,0.7341898822465514,0.8506071193766692,5.870319723283646e-05,4.992391715723109e-05,0.026752418178743062,34,30.0,5.0,1000.0,1,single_fault
2025-11-25T14:36:04.077271+00:00,22.65331911316952,5.052418845522296,992.0913538744054,0.7400576331322452,0.8538338922555265,4.19499534836071e-05,6.901843259047273e-05,0.029322758472787917,34,30.0,5.0,1000.0,1,single_fault
2025-11-25T14:36:05.178636+00:00,22.714474528162803,5.123004108805327,996.0362539368326,0.753837593600571,0.851933655933932,5.823010691321588e-05,2.2665113795470057e-05,0.029856759013473455,39,30.0,5.0,1000.0,1,single_fault
2025-11-25T14:36:06.264142+00:00,22.79143562539488,5.056133859379298,996.4998389030076,0.7569153109133722,0.8540950624735317,1.8916307182952306e-05,4.586405590072802e-05,0.029538876627823535,36,30.0,5.0,1000.0,1,single_fault
2025-11-25T14:36:07.263908+00:00,22.807423513025288,5.085358635054379,1008.5364158446031,0.7692947569020504,0.8485631438688219,3.8128649609366094e-05,3.2409247887262685e-05,0.027702107388244322,35,30.0,5.0,1000.0,1,single_fault
2025-11-25T14:36:08.270939+00:00,22.818283916871348,5.0839964633068115,993.5869124386454,0.7818486819165676,0.8553066020943081,1.9466219581732926e-05,3.786854643989467e-05,0.028086459722356894,36,30.0,5.0,1000.0,1,single_fault
2025-11-25T14:36:09.377734+00:00,22.894098559632425,5.19358937208836,999.5292549124224,0.7842269882903369,0.8502872246428285,4.468233853552153e-05,0.000102876921447023,0.030924627579329973,34,30.0,5.0,1000.0,1,single_fault
2025-11-25T14:36:10.369597+00:00,22.95729353084574,5.37550121728621,1009.8941210587484,0.7927704955810556,0.8486194021268061,2.6056625344169834e-05,4.743693659756291e-05,0.02842851159263307,35,30.0,5.0,1000.0,1,single_fault
2025-11-25T14:36:11.463112+00:00,23.016558935749277,5.366956685415105,1003.5885552646076,0.8019719910196731,0.8508169684526365,8.36989278472769e-05,4.943472101256327e-05,0.031888025898110926,39,30.0,5.0,1000.0,1,single_fault
2025-11-25T14:36:12.466963+00:00,23.05509139086729,5.254267931752721,998.4360719162266,0.8113820900211017,0.8510759551705617,5.9982072149206324e-05,2.0533506217470897e-05,0.029684049046857192,32,30.0,5.0,1000.0,1,single_fault
2025-11-25T14:36:13.562697+00:00,23.117348502746804,5.179967654612687,1003.409363036677,0.8150842455437506,0.8481021361767932,3.283875098024904e-05,4.8546361938480454e-05,0.03186872132645278,36,30.0,5.0,1000.0,1,single_fault
2025-11-25T14:36:14.664454+00:00,23.174687098449922,5.141579178090337,1009.1232395702592,0.8283211698219827,0.8480001950057698,5.603671542599803e-05,2.5967364714313828e-05,0.03277664539444465,35,30.0,5.0,1000.0,1,single_fault
2025-11-25T14:36:15.764286+00:00,23.23006032626657,5.173775964851018,1007.1988364725981,0.832455098945524,0.845258840311367,3.129319035863519e-05,6.42294569190114e-05,0.032887305944744386,34,30.0,5.0,1000.0,1,single_fault
2025-11-25T14:36:16.764276+00:00,23.294347231644387,5.145294191947339,997.8068315576093,0.8416117079502557,0.8468523144193639,7.724789409470465e-05,2.972727173687446e-05,0.029812977422663003,32,30.0,5.0,1000.0,1,single_fault
2025-11-25T14:36:17.764351+00:00,23.344408510382795,5.002266158452774,1002.0672503649901,0.8477800239682283,0.8484613560970509,5.8078885392533516e-05,1.9475950777231474e-05,0.030627813604410553,32,30.0,5.0,1000.0,1,single_fault
2025-11-25T14:36:18.863939+00:00,23.382410346172147,4.979356906334598,990.2842034598555,0.8551112768129446,0.852376019525359,7.280407328052212e-05,5.9500843018050044e-05,0.03403492625609753,35,30.0,5.0,1000.0,1,single_fault
2025-11-25T14:36:19.863784+00:00,23.50556229095671,4.965487521268458,1002.0696153891831,0.8610085404489297,0.848246066469661,3.606756869626815e-05,5.745784688432448e-05,0.031026821409846177,34,30.0,5.0,1000.0,1,single_fault
2025-11-25T14:36:20.949161+00:00,23.520819464778118,4.995455299714939,1000.2313264674228,0.8702663135644112,0.8486602568467777,7.568433031467405e-05,4.57797693270354e-05,0.030868117878401276,35,30.0,5.0,1000.0,1,single_fault
2025-11-25T14:36:21.963102+00:00,23.57054623668496,4.952113471383254,1001.1631937219353,0.875857722509637,0.849982451162963,4.1479714402577345e-05,3.311850232024595e-05,0.034997004433931306,36,30.0,5.0,1000.0,1,single_fault
2025-11-25T14:36:23.063002+00:00,23.6458462410272,4.901341615337562,1002.4770327174139,0.8848131602879465,0.8462700804019466,4.40023110722919e-05,8.2059342007928e-05,0.0355125510127104,37,30.0,5.0,1000.0,1,single_fault
2025-11-25T14:36:24.164146+00:00,23.69540627359336,4.979356906334598,1003.5079738983902,0.895515247514432,0.8467083916497483,3.31208712942272e-05,2.7146390292921013e-05,0.035186462869611884,36,30.0,5.0,1000.0,1,single_fault
2025-11-25T14:36:25.164114+00:00,23.756283726309782,5.032233936899254,998.2001971401642,0.8968483285762151,0.8479403006799195,2.6439100657494996e-05,3.882406381817764e-05,0.03253955611866145,33,30.0,5.0,1000.0,1,single_fault
2025-11-25T14:36:26.264266+00:00,23.834244969771646,4.9298233882412426,1001.6274665492197,0.9023989384839964,0.8485457502876836,0.00013131756575481226,5.801003155575984e-08,0.0359243125300668,35,30.0,5.0,1000.0,1,single_fault
2025-11-25T14:36:27.264659+00:00,23.8763113992576,4.78023216359931,997.3291146062122,0.9146949941689101,0.8492977518393733,3.637684018807994e-05,2.696866913489632e-05,0.033012700963729186,35,30.0,5.0,1000.0,1,single_fault
2025-11-25T14:36:28.264244+00:00,23.928715026182157,4.747540041657694,993.766350622762,0.9199985583274941,0.8511716084283043,3.9170636379246296e-05,2.378276044399138e-05,0.03305360513372231,34,30.0,5.0,1000.0,1,single_fault
2025-11-25T14:36:29.363962+00:00,24.006953397645418,4.772554468294837,1002.1293081018731,0.9199245445525993,0.8469867413071671,6.281741573036655e-05,6.702480126827707e-05,0.036574063730659495,34,30.0,5.0,1000.0,1,single_fault
2025-11-25T14:36:30.471904+00:00,24.072909995962544,4.759799587385798,1015.9378113263247,0.9265356376272871,0.8449413669323229,4.250234817610571e-05,3.944493128192419e-05,0.03318780308691299,33,30.0,5.0,1000.0,1,single_fault
2025-11-25T14:36:31.463208+00:00,24.15796072973094,4.766362778533168,994.9158377054667,0.9387048792802336,0.8476411771089724,6.0442187447702056e-05,3.740715451593642e-05,0.03708023036434945,36,30.0,5.0,1000.0,1,single_fault
2025-11-25T14:36:32.564570+00:00,24.23351467169896,4.731689315867819,990.539342257805,0.9390320953970044,0.8510163670652933,4.3709996326918386e-05,7.35419893535982e-05,0.03702587202788934,37,30.0,5.0,1000.0,1,single_fault
2025-11-25T14:36:33.562836+00:00,24.27627810455682,4.772059133113904,988.9286155881048,0.9470747779089109,0.8532075950064779,3.747706621658241e-05,5.272565009181527e-05,0.03416454170387011,31,30.0,5.0,1000.0,1,single_fault
2025-11-25T14:36:34.772364+00:00,28.77956816781734,4.797321227341516,1003.0633145725468,0.7460191036857775,0.8494664738762964,1.2925784128248486e-05,2.6856305981531462e-05,0.029495290415271835,37,30.0,5.0,1000.0,1,single_fault
2025-11-25T14:36:35.763787+00:00,31.3434051217989,4.81465795867419,1007.8255207596209,0.7235948871882115,0.8472854172966368,1.4969993380636921e-05,2.962132933637213e-05,0.02870561748852507,38,30.0,5.0,1000.0,0,single_fault
2025-11-25T14:36:36.764605+00:00,31.37208204056977,4.826546003016594,999.8162225673625,0.7205538183172702,0.8478865103874614,4.813756689479959e-05,7.9159962673942e-05,0.0256055465176439,34,30.0,5.0,1000.0,0,single_fault
2025-11-25T14:36:37.865692+00:00,31.430541382637593,4.911248318956233,997.3280392006828,0.7169219683694084,0.8483281481798858,4.438043269378304e-05,9.352827093184733e-05,0.027974304305628684,37,30.0,5.0,1000.0,0,single_fault
2025-11-25T14:36:39.070009+00:00,31.43479273449651,4.905056629194564,1002.5310575365762,0.7157679246901375,0.8496182247631957,7.468021780969396e-05,2.9213521297026128e-05,0.02826631055378945,37,30.0,5.0,1000.0,0,single_fault
2025-11-25T14:36:40.096476+00:00,31.48584878191474,4.897626601480559,995.5948971211596,0.7098070202093161,0.8508961632374823,3.3793009047052664e-05,3.383285277627511e-05,0.028020070374094347,34,30.0,5.0,1000.0,0,single_fault
2025-11-25T14:36:41.326991+00:00,31.490111977581023,4.91620167076557,1008.2535387746938,0.7107537312952051,0.8433850425229451,3.295333300870527e-05,6.214927498022767e-05,0.028059982631187273,36,30.0,5.0,1000.0,0,single_fault
2025-11-25T14:36:42.348690+00:00,31.524164531044605,4.940968429812247,992.9082061701888,0.7052784090285275,0.8525055786257139,4.320085239996751e-05,3.939163277321464e-05,0.028053610885540065,38,30.0,5.0,1000.0,0,single_fault
2025-11-25T14:36:43.263836+00:00,31.566335356512003,4.945054945054951,992.3021743420513,0.7051344480042301,0.8527281115555988,3.4589943772977226e-05,4.486198606368419e-05,0.025274367071679918,34,30.0,5.0,1000.0,0,single_fault
2025-11-25T14:36:44.450053+00:00,31.59232914479926,4.942206767764581,989.2383806127838,0.6965254703722014,0.8537055535982535,4.427719666368312e-05,2.733134160924315e-05,0.027706320431806396,34,30.0,5.0,1000.0,0,single_fault
2025-11-25T14:36:45.496851+00:00,31.592336092946322,4.943445105716913,1004.5236705795647,0.7029161589093321,0.8499950448498439,3.072743170766316e-05,6.306167987678373e-05,0.02793032760087852,36,30.0,5.0,1000.0,0,single_fault
2025-11-25T14:36:46.548475+00:00,31.63667055454072,4.987282269229533,1001.0217901503134,0.6876669938566552,0.8495284202046356,3.4530097716288135e-05,2.7285836009158758e-05,0.02452006479920273,31,30.0,5.0,1000.0,0,single_fault
2025-11-25T14:36:47.462944+00:00,31.66950587182667,4.960038834278189,997.8551465069964,0.6880110899048952,0.8522711525427271,2.4835759226689864e-05,3.131303079314943e-05,0.024967110296611746,32,30.0,5.0,1000.0,0,single_fault
2025-11-25T14:36:48.463372+00:00,31.662469754598753,4.977747066996565,991.7916269950368,0.6944195862352419,0.8552974977667092,1.3949454792147387e-05,3.4724909984261936e-05,0.025057668253510038,32,30.0,5.0,1000.0,0,single_fault
2025-11-25T14:36:49.691613+00:00,31.728831552814164,5.059848873236301,992.0474553859658,0.6807390435555148,0.855201742161896,1.948192353194691e-05,6.044399574525836e-05,0.027517360792908875,35,30.0,5.0,1000.0,0,single_fault
2025-11-25T14:36:50.643895+00:00,31.716445454456135,5.112602070005725,1001.4999681694392,0.6842924551231088,0.8519624070503525,5.6390540042905855e-05,3.982051534106592e-05,0.024566566841849928,34,30.0,5.0,1000.0,0,single_fault
2025-11-25T14:36:51.662175+00:00,31.762985084416684,5.1081440533773215,1002.9804332596991,0.6769780394493397,0.8527382180328037,3.8221175477755914e-05,5.094499312551497e-05,0.026885300329235536,36,30.0,5.0,1000.0,0,single_fault
2025-11-25T14:36:52.662233+00:00,31.777506939127072,5.154829394180311,1006.5812534649189,0.6798098845566107,0.8495216518365533,2.8417546687681536e-05,4.852358728065623e-05,0.024300459674176864,36,30.0,5.0,1000.0,0,single_fault
2025-11-25T14:36:53.764011+00:00,31.792883731844146,5.134149150376334,993.4868590621292,0.6710326659292704,0.8543536695748599,7.405790936548836e-05,4.250562500360637e-05,0.02637315485098994,37,30.0,5.0,1000.0,0,single_fault
2025-11-25T14:36:54.764369+00:00,31.808059522861367,5.0948938372873505,1001.2019357299066,0.6690119324408446,0.8521043431005733,3.249170593810452e-05,3.387291612811038e-05,0.024505327117260008,32,30.0,5.0,1000.0,0,single_fault
2025-11-25T14:36:56.071456+00:00,31.848463475238614,5.073470590711974,1000.7170408110327,0.6663537136990271,0.8541048845039797,5.157970777232139e-05,3.333667086419279e-05,0.026632537918445203,36,30.0,5.0,1000.0,0,single_fault
2025-11-25T14:36:57.031213+00:00,31.87411048841673,5.023937072618619,1005.0063274239099,0.6562431936561789,0.8511811048414263,7.02040110721581e-05,2.4698614734340627e-05,0.02633229189646652,38,30.0,5.0,1000.0,0,single_fault
2025-11-25T14:36:57.964816+00:00,31.87626085628718,4.947779288550082,998.8761228732055,0.6649249986806629,0.85151200660261,5.944124283996177e-05,4.260619060285922e-05,0.02376637771811688,33,30.0,5.0,1000.0,0,single_fault
2025-11-25T14:36:59.128398+00:00,31.91689384909627,4.94839845752625,1001.1854788585682,0.6506840148588813,0.852900735251162,2.9902107232499057e-05,6.62146062603961e-05,0.025622693005977224,36,30.0,5.0,1000.0,0,single_fault
2025-11-25T14:37:00.175312+00:00,31.932730489265083,4.991368784472238,999.4772349867322,0.6529483829743122,0.8526987169859559,5.1357744034924264e-05,4.6756747044379276e-05,0.023442316008384038,32,30.0,5.0,1000.0,0,single_fault
2025-11-25T14:37:01.228681+00:00,31.94045373709132,4.959543499097254,1003.9534415101751,0.645621446959515,0.8479588416479831,6.85412211813135e-05,6.198771267452885e-05,0.02555607324139217,38,30.0,5.0,1000.0,0,single_fault
2025-11-25T14:37:02.318085+00:00,31.95970315697195,4.9892636099532695,1004.1559281151906,0.6497966674413305,0.8509203023822021,1.8021856688654893e-05,6.354700013965582e-05,0.025915496537489438,36,30.0,5.0,1000.0,0,single_fault
2025-11-25T14:37:03.363162+00:00,31.951142092770603,5.057372197331632,1005.3206806305632,0.6461185769870222,0.8490801081309562,4.483338639458263e-05,7.117356575527315e-05,0.025432558523850454,39,30.0,5.0,1000.0,0,single_fault
2025-11-25T14:37:04.368951+00:00,31.961007835151026,5.146656363694907,1000.2352952908275,0.6396707155194152,0.8489933566865867,6.817414798406949e-05,3.95615263718395e-05,0.02333565949357471,32,30.0,5.0,1000.0,0,single_fault
2025-11-25T14:37:05.463211+00:00,31.98111824082231,5.037558790094291,994.5728010771237,0.6363762193793159,0.8525579427932773,5.1854941167639966e-05,5.8661772413046e-05,0.025687116493466656,36,30.0,5.0,1000.0,0,single_fault
2025-11-25T14:37:06.618705+00:00,32.03038422728826,5.06604056299797,1009.8768034153233,0.6329324065085443,0.8454255858160601,3.6757258387494466e-05,3.347256038905461e-05,0.025525154395107174,38,30.0,5.0,1000.0,0,single_fault
2025-11-25T14:37:07.745544+00:00,32.004675549666985,5.03755879009429,1004.5678120374404,0.6286335326308357,0.8493379576674175,5.669502865397853e-05,1.94069048403026e-05,0.024803247792049763,39,30.0,5.0,1000.0,0,single_fault
2025-11-25T14:37:08.662166+00:00,32.0269597509408,4.983195753986832,997.7809399796076,0.6296834753282488,0.8500194279709465,3.787948660903814e-05,5.1475157571994655e-05,0.022617983637232802,36,30.0,5.0,1000.0,0,single_fault
2025-11-25T14:37:09.691352+00:00,32.03403415263645,5.059477371850599,994.1717774765897,0.6195417368132909,0.8509097927449825,2.5127170352021957e-05,4.127509007828878e-05,0.022373851861348607,33,30.0,5.0,1000.0,0,single_fault
2025-11-25T14:37:10.665635+00:00,32.03402909943678,4.996817471462504,1007.5459474491354,0.6240588952642494,0.8458819704994764,5.8986977678636326e-05,3.746596061814299e-05,0.02258291070789586,34,30.0,5.0,1000.0,0,single_fault
2025-11-25T14:37:11.739004+00:00,32.0411020426951,5.024060906413851,997.3305046157445,0.618701434000498,0.8507520320405726,3.9301298505359776e-05,4.3330057690401854e-05,0.02237137934466682,34,30.0,5.0,1000.0,0,single_fault
2025-11-25T14:37:12.765617+00:00,32.09042235552214,4.978118568382264,1004.1669677436404,0.6065433623322892,0.8471665847556065,5.8321078033415856e-05,7.398063648274606e-05,0.02432321725126453,36,30.0,5.0,1000.0,0,single_fault
2025-11-25T14:37:13.890555+00:00,32.08826498884327,5.014030368999945,1002.6364414099459,0.6167219169438269,0.8465253869212791,3.4062804566559135e-05,3.079675043767501e-05,0.024198407358347475,37,30.0,5.0,1000.0,0,single_fault
2025-11-25T14:37:14.964238+00:00,32.09041247332551,5.080900618425977,993.9139602598593,0.6070190911663382,0.8515648418196501,1.8136608367722085e-05,6.771034570575061e-05,0.024280802282907736,36,30.0,5.0,1000.0,0,single_fault
2025-11-25T14:37:15.963379+00:00,32.1024405856205,5.207954092335434,995.9750089820706,0.6059804860262503,0.8498424749486521,1.4235653575529507e-05,2.811309120083247e-05,0.021488231016792318,34,30.0,5.0,1000.0,0,single_fault
2025-11-25T14:37:16.963556+00:00,32.08826202419361,5.312841316898115,1003.0122682932579,0.6036577922780684,0.8482872221454787,1.0957786161837708e-05,3.1757425038121745e-05,0.021973772293441846,32,30.0,5.0,1000.0,0,single_fault
2025-11-25T14:37:18.062861+00:00,32.09684901398163,5.525463943313844,999.8024931544514,0.5937805671024851,0.8496865988958877,1.1584351157105489e-05,7.370857467119311e-05,0.023218944466478417,36,30.0,5.0,1000.0,0,single_fault
2025-11-25T14:37:19.162440+00:00,32.10542117775022,5.5192722535521765,998.922661751525,0.5991864244042238,0.8498521403778935,9.1648521919549e-05,5.013992418625807e-05,0.02377436770011285,36,30.0,5.0,1000.0,0,single_fault
2025-11-25T14:37:20.264215+00:00,32.11400124588268,5.255506269705055,1005.4245327826557,0.5914409769158451,0.8471949286845208,0.00011140483729645085,3.234401472230581e-05,0.023624891599295983,39,30.0,5.0,1000.0,0,single_fault
2025-11-25T14:37:21.369517+00:00,32.13117063581057,5.181205992565019,997.3120460278703,0.588865275250757,0.8502569230705348,2.8051404513257566e-05,7.939816109619595e-05,0.023435734094425315,35,30.0,5.0,1000.0,0,single_fault
2025-11-25T14:37:22.363784+00:00,32.11894141557772,5.282873538451634,1002.2989327775451,0.587496103077678,0.8463605638117159,4.1830720329133605e-05,4.007724047354947e-05,0.02090791725617658,33,30.0,5.0,1000.0,0,single_fault
2025-11-25T14:37:23.463301+00:00,32.12688423692752,5.208449427516366,1005.875317880158,0.5786862013212736,0.8468414775655646,6.867251227348223e-05,3.231255777064034e-05,0.023208225898760905,37,30.0,5.0,1000.0,0,single_fault
2025-11-25T14:37:24.463543+00:00,32.13074172799187,5.1030668677727515,998.8455765632258,0.5811912105597492,0.8484594028413559,6.932679021971901e-05,1.2140437070768506e-05,0.02101848772728403,35,30.0,5.0,1000.0,0,single_fault
2025-11-25T14:37:25.563036+00:00,32.13117063582161,5.016507044904613,995.3745552803284,0.5780772716924468,0.8500546937649396,6.107625538330174e-05,7.872915803247683e-05,0.022830604263340097,37,30.0,5.0,1000.0,0,single_fault
2025-11-25T14:37:26.587073+00:00,32.15434820948286,5.03495828039439,994.3820659479952,0.5744441536253118,0.8496818137138493,6.24876470299731e-05,5.0983353114876846e-05,0.021078329706133526,31,30.0,5.0,1000.0,0,single_fault
2025-11-25T14:37:27.563462+00:00,32.15434602631154,5.021336562918716,989.1702459358406,0.5703632738223369,0.8545493150405127,5.264525740507117e-05,5.5119691786486e-05,0.020628252839236774,31,30.0,5.0,1000.0,0,single_fault
2025-11-25T14:37:28.662186+00:00,32.16337057301559,4.984310258143932,995.8617150029975,0.564868574034988,0.8517478245718965,3.9480131732761114e-05,1.2866118303161775e-05,0.022036081215063345,36,30.0,5.0,1000.0,0,single_fault
2025-11-25T14:37:29.862539+00:00,32.12902646609514,4.957066823192587,998.6953731024034,0.5672208822775154,0.8522469543584424,1.7593127301534056e-05,1.7499912526528725e-05,0.022667198014524655,39,30.0,5.0,1000.0,0,single_fault
2025-11-25T14:37:30.865319+00:00,32.12901917504653,4.974403554525264,1001.0564199436211,0.5597161977902441,0.8507147398888771,7.147227271390252e-05,5.6237735727762544e-05,0.02216945420682646,36,30.0,5.0,1000.0,0,single_fault
2025-11-25T14:37:31.912499+00:00,32.14962225331998,4.8960167621425255,1005.737686701488,0.5582603402913738,0.8496599795174408,4.1722491004121054e-05,1.3920997657961058e-05,0.01993896243105703,35,30.0,5.0,1000.0,0,single_fault
2025-11-25T14:37:32.863923+00:00,32.13310179138309,4.875584185929017,1004.4262902065295,0.557146419321171,0.8491361133796363,4.3682683262374874e-05,3.143178871194064e-05,0.01988536839078919,31,30.0,5.0,1000.0,0,single_fault
2025-11-25T14:37:33.963147+00:00,32.13546034943835,4.88152820810022,1002.7342031376197,0.5517802939821385,0.8479339130045104,2.7519426819036188e-05,3.0408742407817782e-05,0.02216078525238713,36,30.0,5.0,1000.0,0,single_fault
2025-11-25T14:37:35.086795+00:00,32.144047037382826,4.860476462910544,1008.8856357542579,0.5516598254406339,0.8470861896299383,4.0861413294170386e-05,3.220675223796215e-05,0.0221958798229414,36,30.0,5.0,1000.0,0,single_fault
2025-11-25T14:37:36.162702+00:00,32.13546630355485,4.840663055673201,991.7499443193541,0.5444141670230876,0.8528138650191571,4.085886647945936e-05,6.546763119223513e-05,0.021736560989403363,36,30.0,5.0,1000.0,0,single_fault
2025-11-25T14:37:37.262298+00:00,32.17195926088365,4.8827665460525544,1004.3188345413986,0.5400882450459688,0.8461098150894668,6.416165371269229e-05,7.355830267387964e-05,0.0216022565355786,39,30.0,5.0,1000.0,0,single_fault
2025-11-25T14:37:38.262789+00:00,32.1425449786111,4.943692773307381,998.8428237747814,0.543831683008018,0.8505660807081276,2.0002647066339254e-05,3.1767676157537014e-05,0.019388470432312906,32,30.0,5.0,1000.0,0,single_fault
2025-11-25T14:37:39.363307+00:00,32.11400653842535,4.952113471383252,994.5019850586399,0.5348758680795435,0.8504412270799279,4.6765591798918644e-05,4.4994817132434494e-05,0.021540253441563583,38,30.0,5.0,1000.0,0,single_fault
2025-11-25T14:37:40.411252+00:00,32.15199761715946,4.9532279755403525,996.8129702088556,0.5363731532321835,0.8520774886509159,3.137644376113378e-05,5.426305227129884e-05,0.01940966193274942,34,30.0,5.0,1000.0,0,single_fault
2025-11-25T14:37:41.466144+00:00,32.120441081970945,4.950875133430919,998.2928217292342,0.5341902215573084,0.8494076300424113,5.216536892400186e-05,4.8086416719866066e-05,0.02103321569432475,38,30.0,5.0,1000.0,0,single_fault
2025-11-25T14:37:42.643071+00:00,32.09898727509439,4.945921781621582,999.8166660288891,0.5306871400921144,0.8512826623491553,5.8475139656141515e-05,5.063639272770429e-05,0.020897787349778423,38,30.0,5.0,1000.0,0,single_fault
2025-11-25T14:37:43.563002+00:00,32.11185612982161,4.958676662530621,999.0075101495049,0.5238229078621549,0.8527437961022553,3.576281082132765e-05,2.3207702297120764e-05,0.018820314277283357,31,30.0,5.0,1000.0,0,single_fault
2025-11-25T14:37:44.562521+00:00,32.12129783125732,4.923260197093873,1003.1785256674335,0.5243215093842608,0.8492483739852593,2.984568599524326e-05,3.899456179266008e-05,0.018727708472623446,32,30.0,5.0,1000.0,0,single_fault
2025-11-25T14:37:45.563161+00:00,32.121314537120824,4.962763177773324,1001.0641915223347,0.5214985107043946,0.8472470751956607,1.6336723096161562e-05,3.491499276452122e-05,0.018331909763589335,32,30.0,5.0,1000.0,0,single_fault
2025-11-25T14:37:46.662600+00:00,32.07754204378148,4.898864939432895,1005.2323076953415,0.5187701030993478,0.8492157628636368,0.0001504427042937125,3.981692453065587e-05,0.020668278150823186,39,30.0,5.0,1000.0,0,single_fault
2025-11-25T14:37:47.663010+00:00,32.085904130341625,4.792491709327413,1000.4654709512688,0.5155939335719626,0.8495288790850651,3.190950844392006e-05,1.5026346784847622e-05,0.018623781689216096,35,30.0,5.0,1000.0,0,single_fault
2025-11-25T14:37:48.664785+00:00,32.10715051355942,4.7788699918517406,1002.3691754522675,0.5121116450760905,0.8473719841375764,1.7317612865825167e-05,3.656020636460794e-05,0.01853678811068745,32,30.0,5.0,1000.0,0,single_fault
2025-11-25T14:37:49.830116+00:00,32.08613001216879,4.814657958674189,993.1909366850675,0.509871032978878,0.8531971360692437,6.293076527717692e-05,7.840309832665465e-05,0.02031680580637769,38,30.0,5.0,1000.0,0,single_fault
2025-11-25T14:37:50.871829+00:00,32.07539981741376,4.796082889389182,997.8530422519707,0.5104479165927372,0.8500225144450048,0.00010558212333741482,7.061472209071736e-05,0.020311167720833266,35,30.0,5.0,1000.0,0,single_fault
2025-11-25T14:37:51.981408+00:00,32.051818936866056,4.803512917103185,1006.5717634631709,0.5038044258762598,0.8481296434565219,4.144750875621947e-05,9.549916771156428e-05,0.019541781032620095,36,30.0,5.0,1000.0,0,single_fault
2025-11-25T14:37:52.963194+00:00,32.055247221119124,4.827908174764163,1001.905777872977,0.5007220457582638,0.8474525303641756,7.059972551763064e-05,3.6564507715574645e-05,0.0179753486319977,36,30.0,5.0,1000.0,0,single_fault
2025-11-25T14:37:54.025238+00:00,32.05997167488281,4.806113426803087,1003.167321325159,0.5026451007099733,0.8467364357661109,2.434193041307783e-05,5.773019407025381e-05,0.01763955283094435,34,30.0,5.0,1000.0,0,single_fault
2025-11-25T14:37:55.228580+00:00,32.01324118300834,4.848093083387204,996.0170390067934,0.49878402229882757,0.8518658343287481,5.330099441746848e-05,5.9909439822622236e-05,0.019637506961105396,33,30.0,5.0,1000.0,0,single_fault
2025-11-25T14:37:56.077257+00:00,32.01988969134694,4.867411155443614,1000.9783609467411,0.4934503864590976,0.847183434939808,6.226344828875357e-05,7.723856352935969e-05,0.01786990944252524,36,30.0,5.0,1000.0,0,single_fault
2025-11-25T14:37:57.205247+00:00,31.99610665657248,4.913724994860903,1003.1891349600185,0.4937134904112991,0.8495125628214528,2.5499519880218716e-05,4.8698262966779794e-05,0.019522050868490022,37,30.0,5.0,1000.0,0,single_fault
2025-11-25T14:37:58.219434+00:00,31.989256545966562,4.946417116802517,1005.5450830736548,0.49005696591781966,0.8465532898678706,4.674236216032054e-05,5.3242591926536164e-05,0.0175123362810414,33,30.0,5.0,1000.0,0,single_fault
2025-11-25T14:37:59.251020+00:00,32.00103951710323,4.949141460297652,1002.5554179065505,0.488226761457773,0.8469360237805267,5.461813601825862e-05,4.2435415628484215e-05,0.01770924866122224,34,30.0,5.0,1000.0,0,single_fault
2025-11-25T14:38:00.262115+00:00,31.98111629316643,4.921155022574904,998.3808676678501,0.482688663149445,0.8491432225259067,1.5075765216198622e-05,1.2769091474667345e-05,0.01910744998559897,36,30.0,5.0,1000.0,0,single_fault
2025-11-25T14:38:01.363518+00:00,31.970412324681842,4.881528208100219,992.0087361918304,0.4823372059457723,0.8507085845551902,3.9756109396841856e-05,2.3017963420422412e-05,0.0192183637775667,35,30.0,5.0,1000.0,0,single_fault
2025-11-25T14:38:02.631758+00:00,31.95543042169791,4.924870036431907,1002.6145722102175,0.4821500461034138,0.8462604532494449,2.504009847980701e-05,0.00010064767390926226,0.019259132497755765,37,30.0,5.0,1000.0,0,single_fault
2025-11-25T14:38:03.616542+00:00,31.944719951451386,5.021460396713949,1000.1066916415516,0.47634301892442,0.8485948821735885,4.260662120172148e-05,5.3708804726997016e-05,0.01923146288594313,37,30.0,5.0,1000.0,0,single_fault
2025-11-25T14:38:04.562717+00:00,31.928033308536776,5.111239898258158,985.6407823660284,0.4752716997802682,0.8541385459718148,2.5658838192835836e-05,5.1392652853933354e-05,0.017218483736864146,31,30.0,5.0,1000.0,0,single_fault
2025-11-25T14:38:05.710518+00:00,31.89978206186463,5.095760673853983,1005.8557101650418,0.47788027035443414,0.8482499688945285,4.715648680649468e-05,3.511955103604153e-05,0.018993190690365567,37,30.0,5.0,1000.0,0,single_fault
2025-11-25T14:38:06.662653+00:00,31.902141709862143,5.069012574083572,994.8726224187797,0.4683625170610003,0.851392049633065,1.605874999784366e-05,1.5263052964296197e-05,0.01719163300512889,33,30.0,5.0,1000.0,0,single_fault
2025-11-25T14:38:07.662650+00:00,31.883315207620974,5.074461261073839,995.5782327167474,0.4700716373679309,0.8522565576068997,6.391824758130926e-05,2.715971777091621e-05,0.016604967323708964,34,30.0,5.0,1000.0,0,single_fault
2025-11-25T14:38:08.860180+00:00,31.880528708424013,5.021460396713949,1001.7401116918417,0.4696027288474204,0.850535895899942,3.638740193244529e-05,4.273001383676338e-05,0.01849999930072936,37,30.0,5.0,1000.0,0,single_fault
2025-11-25T14:38:09.906505+00:00,31.859148013176103,5.03136710033262,997.8371197611065,0.46427018739915876,0.8510587154559371,2.037043913380722e-05,2.917077154423348e-05,0.018293199265099848,37,30.0,5.0,1000.0,0,single_fault
2025-11-25T14:38:10.963982+00:00,31.871974746158266,5.009077017190611,999.4278609933313,0.4589368212773773,0.8518954309774529,6.817817569685647e-05,3.26208023429207e-05,0.017991680839201024,35,30.0,5.0,1000.0,0,single_fault
2025-11-25T14:38:12.002501+00:00,24.85059632063846,4.9682118647635924,1002.8053010534919,0.7216831029694867,0.8477444744785043,2.943008626589657e-05,4.592143379035021e-05,0.02620183480482369,35,30.0,5.0,1000.0,1,single_fault
2025-11-25T14:38:13.051611+00:00,24.8659719473307,4.991368784472237,997.8348320912368,0.6932395858801812,0.8535694899196477,1.5478422556145164e-05,1.4626611197458425e-05,0.024753862949442304,33,30.0,5.0,1000.0,1,single_fault
2025-11-25T14:38:14.203214+00:00,24.885142065340144,5.014030368999946,993.0301078373769,0.6979599851753927,0.8537940286686876,4.884273654246706e-05,7.464018638142047e-05,0.027505888060594258,35,30.0,5.0,1000.0,1,single_fault
2025-11-25T14:38:15.227079+00:00,24.89512279140425,5.031367100332621,998.5466806057798,0.7102207395829218,0.85158511763583,6.967191367345496e-05,5.2232876786040294e-05,0.028141487087161122,35,30.0,5.0,1000.0,1,single_fault
2025-11-25T14:38:16.262307+00:00,24.919091495454406,5.012792031047612,1009.3428548836581,0.7148557400720699,0.84884562343654,5.757803069722114e-05,5.022536025164614e-05,0.028080515274845775,39,30.0,5.0,1000.0,1,single_fault
2025-11-25T14:38:17.377571+00:00,24.947057911376756,5.010315355142944,995.2363178000509,0.7254607730603099,0.8541361054890083,5.571051561089443e-05,5.670499055389818e-05,0.028934096063390008,39,30.0,5.0,1000.0,1,single_fault
2025-11-25T14:38:18.363980+00:00,24.958243512356358,5.062201715345735,987.4416795261128,0.7234713649084533,0.8559272785899878,7.53927828866491e-06,5.979122621298165e-05,0.025946452413637397,33,30.0,5.0,1000.0,1,single_fault
2025-11-25T14:38:19.463432+00:00,24.98901678101993,5.121765770852995,1016.9857963111492,0.7381768084219575,0.84576122337537,4.8333079844052823e-05,2.271193071924883e-05,0.029237960629549455,38,30.0,5.0,1000.0,1,single_fault
2025-11-25T14:38:20.463539+00:00,25.030783169577166,5.039044795637091,1006.2882424630546,0.7340060516209788,0.8489779900100471,4.407708522882968e-05,3.379658116089818e-05,0.026473696732778704,34,30.0,5.0,1000.0,1,single_fault
2025-11-25T14:38:21.464053+00:00,25.05057366961309,5.1126020700057255,1007.1632619044082,0.7478305750796856,0.8485998967738612,1.6285771391931353e-05,7.849824732792545e-05,0.026899350281300735,34,30.0,5.0,1000.0,1,single_fault
2025-11-25T14:38:22.563116+00:00,25.080962935840805,5.176252640755688,996.7377799047307,0.7526221524289064,0.8495923555570151,6.758685061599706e-05,2.561624263977485e-05,0.029821204312105346,38,30.0,5.0,1000.0,1,single_fault
2025-11-25T14:38:23.726923+00:00,25.11096029475489,5.0462271557606275,1004.7397692428075,0.7547425409202577,0.848519624292665,7.830878672083293e-05,3.306066612983962e-05,0.029659019115868053,37,30.0,5.0,1000.0,1,single_fault
2025-11-25T14:38:24.662578+00:00,25.1517612815151,4.992730956219804,1010.8790367663248,0.760952671077556,0.8431576477530861,3.218141039847981e-05,3.43434834579252e-05,0.02730993627373656,34,30.0,5.0,1000.0,1,single_fault
2025-11-25T14:38:25.662687+00:00,25.162767383720677,4.988644440977103,996.5458989143815,0.7726684488158021,0.8491520011827023,4.3504487472451716e-05,4.415523924035977e-05,0.02780044463660687,32,30.0,5.0,1000.0,1,single_fault
2025-11-25T14:38:26.764637+00:00,25.220996935489563,4.9706885406682595,994.5632250836755,0.7711647265392191,0.8507267193285319,6.678856074744495e-05,4.812707140532048e-05,0.030469890021468084,39,30.0,5.0,1000.0,1,single_fault
2025-11-25T14:38:27.762106+00:00,25.22880073650374,4.970936208258728,994.5784270396331,0.7839296202730799,0.8495070071634443,3.82833995704346e-05,3.9989794646966345e-05,0.02813711369854046,31,30.0,5.0,1000.0,1,single_fault
2025-11-25T14:38:28.863930+00:00,25.257028239038565,4.980595244286931,1000.7790415543434,0.784349104251034,0.8489084111594994,5.5182601182267794e-05,6.412375658053212e-05,0.031067130696141462,38,30.0,5.0,1000.0,1,single_fault
2025-11-25T14:38:29.973246+00:00,25.301075625080134,4.989263609953268,994.2401964503763,0.7888081561845263,0.8513893853297297,5.147621138315335e-05,6.532357148238726e-05,0.031623625261919246,37,30.0,5.0,1000.0,1,single_fault
2025-11-25T14:38:31.063351+00:00,25.33712631442202,4.995455299714939,1006.3762937215379,0.7965544542685262,0.8483403001239931,1.9207825395992353e-05,9.836203898242539e-06,0.031388130999378115,37,30.0,5.0,1000.0,1,single_fault
2025-11-25T14:38:32.162578+00:00,25.363170594470297,4.978118568382263,998.415710109923,0.8045711322996635,0.8483539558446567,5.393321499101703e-05,7.041991961095307e-05,0.0317964514568039,38,30.0,5.0,1000.0,1,single_fault
2025-11-25T14:38:33.162731+00:00,25.400633840016646,5.015887875928446,996.0619079984142,0.8109327504663592,0.8519907765292094,1.8858245911793036e-05,3.887855688859834e-05,0.029012765733385466,37,30.0,5.0,1000.0,1,single_fault
2025-11-25T14:38:34.261914+00:00,25.451346115291553,5.021460396713949,999.3676404961243,0.8094314249037796,0.8501918914550807,5.652952924009555e-05,1.5028410710082186e-06,0.03198453538290477,39,30.0,5.0,1000.0,1,single_fault
2025-11-25T14:38:35.262415+00:00,25.48662825574261,4.954590147287919,1001.2164295453833,0.8197574538363644,0.8500008803752721,2.2081990669671525e-05,4.354145530130094e-05,0.029794688202539447,33,30.0,5.0,1000.0,1,single_fault
2025-11-25T14:38:36.302716+00:00,25.506485859752768,4.96003883427819,997.3064582274077,0.8217299483144418,0.850863752258298,6.95913231307445e-05,3.857863937472117e-05,0.029537024860640474,34,30.0,5.0,1000.0,1,single_fault
2025-11-25T14:38:37.262212+00:00,25.53737285639732,4.949141460297652,995.5827635143365,0.8312078402264362,0.8506308068871983,4.5093296986529055e-05,5.013370021596675e-05,0.02992686203977097,34,30.0,5.0,1000.0,1,single_fault
2025-11-25T14:38:38.361807+00:00,25.5776962858022,4.9607818370495895,997.5753392830767,0.8329310197151042,0.8528846502496261,2.7702405252900292e-05,5.007655953391482e-05,0.03269739226706431,37,30.0,5.0,1000.0,1,single_fault
2025-11-25T14:38:39.363961+00:00,25.63449737568659,4.976384895248996,1003.9207617365646,0.8359064986070903,0.8487116139842351,5.8901497878170715e-05,3.500042817054974e-05,0.03044749799236047,32,30.0,5.0,1000.0,1,single_fault
2025-11-25T14:38:40.363899+00:00,25.65657299534688,4.943692773307382,1000.3710161158848,0.8443746118422005,0.852118661371765,2.1113823573941455e-05,2.9129516776199895e-05,0.030648815775516897,35,30.0,5.0,1000.0,1,single_fault
2025-11-25T14:38:41.463601+00:00,25.696134903210293,4.939730091859913,1000.2176437536044,0.8460668874111067,0.8510541154179098,4.762471379481655e-05,3.519009522007001e-05,0.033508882355505226,35,30.0,5.0,1000.0,1,single_fault
2025-11-25T14:38:42.562950+00:00,25.720235090111206,4.936015078002911,994.9853501547403,0.8495106058341052,0.8502546841107678,5.4470249803213635e-05,5.3056909830105354e-05,0.033644943984532154,37,30.0,5.0,1000.0,1,single_fault
2025-11-25T14:38:43.562999+00:00,25.78251171787582,4.9205358535987385,1004.4653427001795,0.8630928289492381,0.8483405482995512,3.9197486245670075e-05,5.7662165588554266e-05,0.03176409283091376,36,30.0,5.0,1000.0,1,single_fault
2025-11-25T14:38:44.563010+00:00,25.80904475918348,4.9573144907830535,1006.4925471056088,0.8576699995688598,0.8496750132920207,3.950446789606615e-05,3.1647884621016444e-05,0.030652521196557682,35,30.0,5.0,1000.0,1,single_fault
2025-11-25T14:38:45.662320+00:00,25.854879568856802,4.964496850906591,999.2138469968185,0.86971359785074,0.8496733624951176,1.8217843147508895e-05,3.0655608114518746e-05,0.03435462351464585,37,30.0,5.0,1000.0,1,single_fault
2025-11-25T14:38:46.762622+00:00,25.895097788429634,4.99297862381027,1003.1463917072994,0.8672709555394157,0.8474585086541232,2.2140258849687935e-05,2.7049236650815624e-05,0.034829882351483515,40,30.0,5.0,1000.0,1,single_fault
2025-11-25T14:38:47.863870+00:00,25.943373540013223,4.980595244286931,1001.4132262562907,0.8737222738259786,0.8478534533486876,6.531946790796166e-05,7.566824626470333e-05,0.034742171573342806,38,30.0,5.0,1000.0,1,single_fault
2025-11-25T14:38:48.863807+00:00,25.96389846650076,5.030871765151688,1003.3740084491395,0.8840723628827597,0.85131213836938,5.628472814601014e-05,6.058120130697634e-05,0.03220784065424913,33,30.0,5.0,1000.0,1,single_fault
2025-11-25T14:38:49.963706+00:00,26.02387448908057,4.999170313571939,991.0969037396309,0.8813608307615955,0.8510926496538673,3.141718386982434e-05,4.13617827051928e-05,0.0352410258971966,38,30.0,5.0,1000.0,1,single_fault
2025-11-25T14:38:51.067496+00:00,26.05689437628097,5.022698734666283,994.6245281189589,0.8876794235695684,0.8506894210132936,4.960936223576815e-05,1.5573251576239633e-05,0.03126736203174607,31,30.0,5.0,1000.0,1,single_fault
2025-11-25T14:38:51.963486+00:00,26.092342777107415,4.961401006025755,1002.3810743620121,0.8894940517771674,0.8517878628835817,6.77288272107403e-05,4.203140147840329e-05,0.03191947861041115,34,30.0,5.0,1000.0,1,single_fault
2025-11-25T14:38:53.115415+00:00,26.146741830916937,4.950875133430919,998.6904995775099,0.8997437807873461,0.8501538764697031,4.8280115690859276e-05,4.992952119936938e-05,0.03587751852009353,35,30.0,5.0,1000.0,1,single_fault
2025-11-25T14:38:54.062914+00:00,26.20096198521286,4.928708884084141,1002.2536313424185,0.8933524351285547,0.851193977398234,4.0439920618333754e-05,3.234486564568537e-05,0.03175826502149521,37,30.0,5.0,1000.0,1,single_fault
2025-11-25T14:38:55.162748+00:00,26.229390661954344,4.916201670765569,1006.8269880235781,0.9025704347678605,0.8447510507373436,3.954953478931461e-05,5.406218703382674e-05,0.03528562768718543,37,30.0,5.0,1000.0,1,single_fault
2025-11-25T14:38:56.290302+00:00,26.295949097038612,4.938491753907579,992.0895558810388,0.9110567448505532,0.8525543174270358,3.7893457353557056e-05,3.971117757999431e-05,0.036775661607343815,38,30.0,5.0,1000.0,1,single_fault
2025-11-25T14:38:57.364130+00:00,26.332268387136377,4.966973526811259,997.0759099233408,0.9111396917135028,0.8512943420797295,4.376729272506835e-05,6.690349962729611e-05,0.0363593334207973,35,30.0,5.0,1000.0,1,single_fault
2025-11-25T14:38:58.463789+00:00,26.378688846770658,4.99545529971494,1003.4385442131417,0.9139539221377764,0.8498552530787674,5.018473110234641e-05,4.39605489444205e-05,0.03639628962717769,36,30.0,5.0,1000.0,1,single_fault
2025-11-25T14:38:59.463031+00:00,26.420688007113988,4.938244086317112,1004.3204401026696,0.9161851487871158,0.8496119247230649,5.950046609989858e-05,2.566245453226637e-05,0.03276236657775742,32,30.0,5.0,1000.0,1,single_fault
2025-11-25T14:39:00.563187+00:00,26.461490067689944,4.940968429812248,998.5328292064038,0.9254144376391212,0.8502917485745546,3.6515815176525625e-05,4.290824005861913e-05,0.036777544769169467,36,30.0,5.0,1000.0,1,single_fault
2025-11-25T14:39:01.661950+00:00,26.51402547820304,4.8369480418162,1008.1643955037684,0.9257561805087964,0.8468468562555566,8.964561047085716e-05,2.557188719985579e-05,0.0364559919492008,38,30.0,5.0,1000.0,1,single_fault
2025-11-25T14:39:02.741978+00:00,26.55850173149695,4.7938538810749804,1005.9267258421512,0.9307150180492572,0.8470921584071395,6.826018327933659e-05,2.5660556052488957e-05,0.033075080000780466,33,30.0,5.0,1000.0,1,single_fault
2025-11-25T14:39:03.762555+00:00,26.59286774591679,4.755217736962162,1002.621697704426,0.9313249605617586,0.8458899083908413,4.453800841592168e-05,1.5176258558039692e-05,0.03688233208727894,36,30.0,5.0,1000.0,1,single_fault
2025-11-25T14:39:04.861575+00:00,26.62522996594944,4.718067598392147,995.365330581817,0.9352455575560911,0.847846094682249,4.105970551390027e-05,5.6440509504735984e-05,0.037213697410588144,40,30.0,5.0,1000.0,1,single_fault
2025-11-25T14:39:05.862003+00:00,26.676417459712166,4.729831808939318,992.3434196478354,0.9402506456780969,0.8527007914700881,5.1233706961015495e-05,4.4416929388460596e-05,0.03402116904022178,32,30.0,5.0,1000.0,1,single_fault
2025-11-25T14:39:06.964138+00:00,26.71426944623561,4.755217736962163,995.9389194478626,0.9396118650294266,0.8503241180716433,5.692851308778805e-05,6.652444637075435e-05,0.037164159698342185,37,30.0,5.0,1000.0,1,single_fault
2025-11-25T14:39:07.962790+00:00,26.75881344062089,4.754350900395529,1006.2096809476468,0.9490484249155251,0.8491451986683248,1.898803634440601e-05,3.6028832103224514e-05,0.03407929564305144,36,30.0,5.0,1000.0,1,single_fault
2025-11-25T14:39:09.192474+00:00,26.80135241467799,4.782461171913508,999.7860380404654,0.9437783197928731,0.8505637702578372,3.9454439747774685e-05,7.164020631256664e-05,0.037452900090703824,37,30.0,5.0,1000.0,1,single_fault
2025-11-25T14:39:10.063017+00:00,26.847952812020065,4.849702922725239,998.1710729156478,0.9532808829787587,0.8484622433437343,1.7482858960652178e-05,7.990417821145327e-05,0.03378171224984044,32,30.0,5.0,1000.0,1,single_fault
2025-11-25T14:39:11.245729+00:00,26.884443274898146,4.89762660148056,998.7747987740283,0.9570130231788355,0.8486897739919943,5.845836109650953e-05,5.60896568730604e-05,0.03774315284555652,37,30.0,5.0,1000.0,1,single_fault
2025-11-25T14:39:12.359690+00:00,26.934928697123418,4.9423306015598145,995.5822696462603,0.9545003461675792,0.8498257478463662,3.719029645384914e-05,5.573244847963597e-05,0.03450384602354966,31,30.0,5.0,1000.0,1,single_fault
2025-11-25T14:39:13.184763+00:00,27.017498187192665,4.919173681851171,997.2510706329134,0.953831275593189,0.8524556532479874,4.8080202795065904e-05,3.4711565398995255e-05,0.03431355540839113,35,30.0,5.0,1000.0,1,single_fault
2025-11-25T14:39:14.396680+00:00,27.05282089204891,4.905056629194564,996.296088302326,0.9583910741277083,0.8534663820313649,4.261900174533446e-05,4.0605609176002693e-05,0.03794838348838945,38,30.0,5.0,1000.0,1,single_fault
2025-11-25T14:39:15.541574+00:00,27.087337827050025,4.914963332813235,1002.926995793468,0.9675032161392569,0.8493768064641607,4.564151020007681e-05,5.063254279265086e-05,0.03815871593400711,37,30.0,5.0,1000.0,1,single_fault
2025-11-25T14:39:16.490792+00:00,27.13202722404242,4.969450202715926,998.3320895659407,0.9613064076857178,0.8516151780985015,2.085699219205666e-05,6.704831968393893e-05,0.03814147724181358,37,30.0,5.0,1000.0,1,single_fault
2025-11-25T14:39:17.541182+00:00,27.171648593521002,4.990006612724667,1003.9016483569894,0.9649561504862302,0.8489837538824773,4.161393245947025e-05,2.5848558968407876e-05,0.034695072957388995,34,30.0,5.0,1000.0,1,single_fault
2025-11-25T14:39:18.617418+00:00,27.211898938863687,5.049942169617629,1001.2875176857415,0.9660618006769145,0.8496429546244443,4.798993553922785e-05,8.095447127170578e-05,0.03480645463777093,32,30.0,5.0,1000.0,1,single_fault
2025-11-25T14:39:19.641436+00:00,27.25398708653845,5.0177453828569485,1003.9417039658642,0.9699653747164881,0.8483932747658439,7.2760825133089e-05,4.713757172679295e-05,0.03802899038455536,39,30.0,5.0,1000.0,1,single_fault
2025-11-25T14:39:20.763349+00:00,27.310942879480056,4.999170313571939,1001.7758659595801,0.973923576484858,0.8489894635712869,4.5623337886979274e-05,4.849247541074257e-05,0.038327976482944934,35,30.0,5.0,1000.0,1,single_fault
2025-11-25T14:39:21.736290+00:00,27.36182924555012,5.011801360685746,1000.6621430535,0.9750184918202303,0.8495962330215582,3.518934832443913e-05,4.489208455470544e-05,0.03521188601003202,34,30.0,5.0,1000.0,1,single_fault
2025-11-25T14:39:22.801872+00:00,27.431277859616426,5.009077017190611,1002.9691575334273,0.9597837039433287,0.8491362059714469,2.8692542518784758e-05,8.119917055957148e-06,0.03438565031899279,31,30.0,5.0,1000.0,1,single_fault
2025-11-25T14:39:23.829527+00:00,27.445324422512204,4.9706885406682595,996.0528965331328,0.9787286346201634,0.849954582311566,2.3868152601270324e-05,4.257417471191922e-05,0.03842666871162647,38,30.0,5.0,1000.0,1,single_fault
2025-11-25T14:39:24.880874+00:00,27.496266181476223,5.014030368999945,987.2695255774601,0.9750919948598458,0.8542912612530469,6.833925858796254e-05,4.859987898293946e-05,0.038651212834871024,33,30.0,5.0,1000.0,1,single_fault
2025-11-25T14:39:25.965396+00:00,27.520725106420254,4.921155022574904,1001.7938428331793,0.9770263986367183,0.8512518844777621,7.105865946364771e-05,1.0985250116143599e-05,0.03871844984859245,38,30.0,5.0,1000.0,1,single_fault
2025-11-25T14:39:26.981201+00:00,27.612915854523898,4.9028276208803625,1003.5599964772758,0.9724176095068344,0.8487339998634049,3.076318418543715e-05,5.560112158707425e-05,0.03460153337437424,32,30.0,5.0,1000.0,1,single_fault
2025-11-25T14:39:28.062905+00:00,27.61454474364326,4.896388263528226,1004.0740717753198,0.9742882111414359,0.8477876217003967,2.6042027477990405e-05,3.488220343708124e-05,0.03849513829786992,37,30.0,5.0,1000.0,1,single_fault
2025-11-25T14:39:29.074280+00:00,27.66454104293303,4.943692773307381,995.3827629170806,0.981202138592149,0.8527141065220247,3.627084903897064e-05,4.812913749765646e-05,0.034863500837699665,33,30.0,5.0,1000.0,1,single_fault
2025-11-25T14:39:30.179262+00:00,27.69822912182663,4.903818291242231,992.8267164461745,0.9779836590510864,0.8537200103319479,4.859535636373555e-05,1.867183593203696e-05,0.03839720750381188,35,30.0,5.0,1000.0,1,single_fault
2025-11-25T14:39:31.172426+00:00,27.747654392304355,4.886481559909556,1005.2884255564197,0.9814145494546457,0.8494667939980746,5.3734660650264886e-05,3.611215315462369e-05,0.035062343865770534,32,30.0,5.0,1000.0,1,single_fault
2025-11-25T14:39:32.335732+00:00,27.753376642152464,4.884004884004887,995.996954170318,0.9810273969572036,0.8525109769911473,2.9883688616443847e-05,7.679200963546234e-05,0.03855118789067298,39,30.0,5.0,1000.0,1,single_fault
2025-11-25T14:39:33.269050+00:00,27.844331843363427,4.894654590394959,1005.901712722937,0.97624867846756,0.8496563664584642,7.639336436891724e-05,1.9075943641808786e-05,0.034987040963325076,33,30.0,5.0,1000.0,1,single_fault
2025-11-25T14:39:34.362262+00:00,27.853530555099155,4.866668152672214,999.2392954767046,0.9853063044574799,0.8510425192118654,2.3739790741365365e-05,3.589418552460126e-05,0.03862270695023771,38,30.0,5.0,1000.0,1,single_fault
2025-11-25T14:39:35.461388+00:00,27.89034198502958,4.9013416153375635,1005.7422048041485,0.9837390640908665,0.8471259579659942,2.959304393628898e-05,5.424123250165261e-05,0.03882585651936721,37,30.0,5.0,1000.0,1,single_fault
2025-11-25T14:39:36.463248+00:00,27.94559216128435,4.935519742821978,1006.6675663728493,0.9772544737324482,0.8470214284741451,2.7909706216947992e-05,5.154985851487768e-05,0.034946790401473575,33,30.0,5.0,1000.0,1,single_fault
2025-11-25T14:39:37.563243+00:00,27.970150155894995,5.000408651524274,1006.3561904180464,0.985376815952272,0.8494802963745585,4.0279758039440895e-05,7.60637255269934e-05,0.038722496852848065,37,30.0,5.0,1000.0,1,single_fault
2025-11-25T14:39:38.563134+00:00,28.019911068662765,5.066288230588436,1002.3631583057415,0.9832677626139805,0.8470442517665621,3.55701720881779e-05,4.8507073059751366e-05,0.03521279223869055,33,30.0,5.0,1000.0,1,single_fault
2025-11-25T14:39:39.562331+00:00,28.08301224961742,5.064926058840871,995.9764706667714,0.9850020454180528,0.85015287962221,2.9817493121371796e-05,3.1011940948429516e-05,0.03528724449814758,34,30.0,5.0,1000.0,1,single_fault
2025-11-25T14:39:40.663236+00:00,28.086904837378942,5.042512141903627,996.5136865035812,0.9822567449206264,0.8485718167898834,5.947350492207167e-05,3.0348362507796382e-05,0.03847254290336859,39,30.0,5.0,1000.0,1,single_fault
2025-11-25T14:39:41.763096+00:00,28.15661682222826,4.969450202715927,1000.4362171975692,0.9735962877085867,0.8485255160823598,5.992641500507004e-05,4.836294836797986e-05,0.03827635685569158,37,30.0,5.0,1000.0,1,single_fault
2025-11-25T14:39:42.861609+00:00,28.17506745162586,4.959543499097254,998.1247883124422,0.9849017670175505,0.8510379937038944,4.571779800739874e-05,4.000810880685593e-05,0.038767714374105255,38,30.0,5.0,1000.0,1,single_fault
2025-11-25T14:39:43.963193+00:00,28.2058393538136,4.9632585129542575,993.7995519083452,0.986195866201935,0.8515184233908414,4.2852309588398004e-05,3.557073090666782e-05,0.03869601691256165,36,30.0,5.0,1000.0,1,single_fault
2025-11-25T14:39:45.032552+00:00,28.283839393900045,4.904189792627931,1001.9314703991892,0.9814332950242548,0.8490508526810079,0.00010184370988537349,3.2996883441878714e-05,0.03513690853588918,36,30.0,5.0,1000.0,1,single_fault
2025-11-25T14:39:46.064400+00:00,28.28794393851226,4.823326324340527,1005.2233588452771,0.9855745716639516,0.8460206787399361,3.0785169186255145e-05,1.9903783923418444e-05,0.03841597702962738,37,30.0,5.0,1000.0,1,single_fault
2025-11-25T14:39:47.065983+00:00,28.313210861147212,4.78976736583228,1011.593179740441,0.9805943694519996,0.8456841923080795,4.568945657075966e-05,1.783016257412633e-05,0.03498518385857343,31,30.0,5.0,1000.0,1,single_fault
2025-11-25T14:39:48.162165+00:00,28.341353406312713,4.809704606864856,993.932018132191,0.9797817432059538,0.8504764941303709,2.2525912037231665e-05,6.898386965200079e-05,0.03868419079173391,36,30.0,5.0,1000.0,1,single_fault
2025-11-25T14:39:49.162516+00:00,28.405877188940035,4.833356861754433,989.7016828360223,0.983358948543108,0.8518723474954685,5.2484182944851225e-05,2.244763754099408e-05,0.03491642602660362,33,30.0,5.0,1000.0,1,single_fault
2025-11-25T14:39:50.221779+00:00,28.428497061548086,4.795216052822549,994.5603783860636,0.9824234942544404,0.8504514261368963,4.8489272458790544e-05,5.1505900189139175e-05,0.03522647130292822,35,30.0,5.0,1000.0,1,single_fault
2025-11-25T14:39:51.263264+00:00,28.497605718842614,4.803512917103185,1000.5402493892933,0.9826877105964479,0.8517554989924038,3.3756616081446905e-05,2.155607825209494e-05,0.03866660472771968,37,30.0,5.0,1000.0,1,single_fault
2025-11-25T14:39:52.364092+00:00,28.53878418905524,4.840663055673203,998.6339598360282,0.9683196899696608,0.8504547190057501,7.368840908873788e-06,9.474956999098182e-05,0.03818136768763969,33,30.0,5.0,1000.0,1,single_fault
2025-11-25T14:39:53.362037+00:00,28.566567331727686,4.911000651365766,1001.1554401161553,0.9830527472914706,0.8514146791398621,2.673479967895626e-05,1.8249761925428312e-05,0.03529969373657274,33,30.0,5.0,1000.0,1,single_fault
2025-11-25T14:39:54.361743+00:00,28.57336181011194,4.919173681851171,1010.7029851382406,0.9851981166864767,0.8449683509214838,4.661291394195008e-05,5.641199532350821e-05,0.0351329231260038,36,30.0,5.0,1000.0,1,single_fault
2025-11-25T14:39:55.462668+00:00,28.623203640457362,4.911248318956233,1002.1259813334271,0.9805853245086066,0.8490671549911298,9.06258532924892e-05,2.8966995705579985e-05,0.03872178635732265,35,30.0,5.0,1000.0,1,single_fault
2025-11-25T14:39:56.563481+00:00,28.66854632344644,4.799797903246184,1005.0079647260044,0.9815623420101172,0.8460276556121261,6.657949477114529e-05,4.6610129654960165e-05,0.038726947087644334,39,30.0,5.0,1000.0,1,single_fault
2025-11-25T14:39:57.663082+00:00,28.699465576234765,4.803512917103185,992.9529128175957,0.9810984566337695,0.850313037528685,3.324146490713593e-05,4.381058645450671e-05,0.038629383569683616,39,30.0,5.0,1000.0,1,single_fault
2025-11-25T14:39:58.858371+00:00,28.753088160213156,4.798559565293849,992.9872695347472,0.9768413267253816,0.8517786581177712,8.145259029883746e-05,3.515765242124993e-05,0.038701020304820095,37,30.0,5.0,1000.0,1,single_fault
2025-11-25T14:39:59.881832+00:00,28.76546964168567,4.767601116485502,991.7009319306607,0.9802102683454585,0.8523374970400429,3.220650220182574e-05,5.573781006737457e-05,0.03861929477664889,37,30.0,5.0,1000.0,1,single_fault
2025-11-25T14:40:00.862435+00:00,28.813760219332114,4.761161759133367,999.4931361164357,0.9804620366265226,0.8530857171815522,8.255713869405162e-05,1.4610869213622193e-05,0.03538235667385297,35,30.0,5.0,1000.0,1,single_fault
2025-11-25T14:40:01.862430+00:00,28.859179543188883,4.708037060978242,1001.1652738913675,0.9844107732257733,0.8524847406572883,5.028088773838026e-05,2.585480948365607e-05,0.03535290116320354,32,30.0,5.0,1000.0,1,single_fault
2025-11-25T14:40:02.961558+00:00,28.87488238245439,4.700730867059473,1007.1387430891954,0.978633707453605,0.8468140546599652,2.9799949691690774e-05,5.4940302726834905e-05,0.038716566671802836,35,30.0,5.0,1000.0,1,single_fault
2025-11-25T14:40:04.063720+00:00,28.893472148388938,4.7168292604398125,997.8152765171549,0.9794639297234995,0.8504670225709478,3.2677669385189794e-05,8.407224352696065e-05,0.03866828347760804,37,30.0,5.0,1000.0,1,single_fault
2025-11-25T14:40:05.308379+00:00,28.949271502629987,4.782461171913509,1003.3830072348132,0.9770698118058956,0.8494242736422971,5.0652702926117496e-05,9.195093031588962e-05,0.038591741044301936,38,30.0,5.0,1000.0,1,single_fault
2025-11-25T14:40:06.163304+00:00,28.966013224271222,4.8156486290360565,1008.5081121212845,0.9857725421307288,0.84703135852932,4.276407206394785e-05,5.331134873005895e-05,0.03512933505293446,33,30.0,5.0,1000.0,1,single_fault
2025-11-25T14:40:07.356196+00:00,29.000957383854413,4.888958235814225,1006.7227804729343,0.9791720085484034,0.8479859379633864,4.459605112816448e-05,7.784586503082507e-05,0.03855485480520314,39,30.0,5.0,1000.0,1,single_fault
2025-11-25T14:40:08.397521+00:00,29.034053598861647,4.876574856290883,996.7267613375632,0.9844930166844598,0.8481569723828478,5.4170070577649266e-05,4.6212736854548566e-05,0.03875937178440354,37,30.0,5.0,1000.0,1,single_fault
2025-11-25T14:40:09.463871+00:00,29.054749107391228,4.900103277385228,987.880784630524,0.9852038702838115,0.8516340535596125,1.6977111566489578e-05,3.120158305624427e-05,0.0389714032804634,38,30.0,5.0,1000.0,1,single_fault
2025-11-25T14:40:10.563797+00:00,29.0940853171777,4.92982338824124,996.7004824231949,0.9700683484835472,0.851469822179639,1.946495036148448e-05,7.950663661873319e-05,0.03845850672574044,36,30.0,5.0,1000.0,1,single_fault
2025-11-25T14:40:11.678938+00:00,29.11478876130445,4.983071920191598,1000.5348304978735,0.977919411148675,0.8510149049987897,5.1076764158056585e-05,3.0442234265787986e-05,0.0385851490062611,36,30.0,5.0,1000.0,1,single_fault
2025-11-25T14:40:12.762567+00:00,29.17692482629993,5.010315355142944,1004.6662316371716,0.9811300026651899,0.8471462275489884,4.0382606602285994e-05,7.550012946804782e-05,0.03862508021088282,36,30.0,5.0,1000.0,1,single_fault
2025-11-25T14:40:13.909504+00:00,29.181070089053357,5.0957606738539845,995.3396695443697,0.9814000864353681,0.8519111728130851,2.9274436883810532e-05,6.858360582976536e-05,0.03833175763171613,34,30.0,5.0,1000.0,1,single_fault
2025-11-25T14:40:14.862369+00:00,29.237025277049202,5.108515554763024,1006.5409744335657,0.9814553369594927,0.8472540167526802,6.615802452026692e-05,3.186410556562737e-05,0.035374150716532195,33,30.0,5.0,1000.0,1,single_fault
2025-11-25T14:40:15.961921+00:00,29.25777694993765,5.056133859379298,1000.3518178103178,0.9753517375890209,0.8515975291962732,2.9545106929888086e-05,1.7668903061102322e-05,0.038647948394143455,36,30.0,5.0,1000.0,1,single_fault
2025-11-25T14:40:17.083912+00:00,29.27436100837441,5.083377294330644,989.5776792446081,0.9808022785090983,0.8532965994226885,3.1757714766296675e-05,6.245851517594317e-05,0.038678980943207736,35,30.0,5.0,1000.0,1,single_fault
2025-11-25T14:40:18.065658+00:00,29.316903884638798,5.107153383015457,1005.0362516879707,0.9735407355436692,0.8487644079681486,3.6285415002214596e-05,2.34601656466606e-05,0.03511381262525865,32,30.0,5.0,1000.0,1,single_fault
2025-11-25T14:40:19.063154+00:00,29.32830218513367,5.100342524277617,1012.6068190079046,0.9810020861393449,0.8465620292029037,4.833677818181474e-05,6.87978648968189e-05,0.03492204000098795,35,30.0,5.0,1000.0,1,single_fault
2025-11-25T14:40:20.062960+00:00,29.35798343137468,5.157553737675444,1000.0281399999243,0.9832157829155921,0.8484428937343559,1.7544779865173345e-05,2.2886674588017097e-05,0.0353581405541614,33,30.0,5.0,1000.0,1,single_fault
2025-11-25T14:40:21.181116+00:00,29.411357159194974,5.197304385945363,998.756436804802,0.9762560942389734,0.8475772276554662,7.176260746273357e-05,7.73601030190601e-05,0.0387944613552586,38,30.0,5.0,1000.0,1,single_fault
2025-11-25T14:40:22.307029+00:00,29.427975084443645,5.194827710040695,1000.9436085564253,0.9796152202343815,0.8488201700947553,3.106251684692548e-05,7.065380529216181e-05,0.038743255640727864,40,30.0,5.0,1000.0,1,single_fault
2025-11-25T14:40:23.262786+00:00,29.46309711005091,5.243370557772183,998.7783946576681,0.977035789572731,0.8500863967961948,7.938224759119115e-05,1.6764136542465496e-05,0.03507861568990193,32,30.0,5.0,1000.0,1,single_fault
2025-11-25T14:40:24.369114+00:00,29.488249110125388,5.099475687710985,1002.7282652143426,0.9755562646148994,0.8475255468332861,6.527187490734303e-05,3.337255370672182e-05,0.03816294555342136,37,30.0,5.0,1000.0,1,single_fault
2025-11-25T14:40:25.462329+00:00,29.496558317637824,5.052418845522297,1003.6532424737629,0.9822714964178573,0.8459810085811125,2.494601633589084e-05,3.945327565596691e-05,0.038931820594073664,35,30.0,5.0,1000.0,1,single_fault
2025-11-25T14:40:26.461261+00:00,29.554602673359447,5.063563887093301,995.2170393192376,0.9703719179857689,0.8510989606925801,3.773583128734814e-05,4.526178098182769e-05,0.0347707749082685,34,30.0,5.0,1000.0,1,single_fault
2025-11-25T14:40:27.461892+00:00,29.556875564142757,5.06492605884087,1000.8041089558297,0.9785116599188546,0.8476489239304599,4.6011567395231416e-05,3.508792872243548e-05,0.035039956143364095,37,30.0,5.0,1000.0,1,single_fault
2025-11-25T14:40:28.461860+00:00,29.57290158120523,5.047217826122495,1003.594470108779,0.9752217171827399,0.849340408707971,3.609996855135553e-05,3.2025386364977906e-05,0.034777104103957526,34,30.0,5.0,1000.0,1,single_fault
2025-11-25T14:40:29.561301+00:00,29.62972225171152,5.068517238902637,997.0425855610313,0.9785766810796303,0.8492633635596017,5.302302249764319e-05,7.588807132422404e-05,0.03878605426521654,37,30.0,5.0,1000.0,1,single_fault
2025-11-25T14:40:30.701811+00:00,29.64221999367804,5.160154247375345,997.8753501045273,0.9789054928455599,0.8489101764279133,2.9269181511785644e-05,4.6224988101843995e-05,0.03882041349470542,38,30.0,5.0,1000.0,1,single_fault
2025-11-25T14:40:31.829451+00:00,29.667212851994826,5.170060950994016,999.4230914126645,0.9790229724359469,0.8495775828455682,4.505269888298526e-05,6.558777703065914e-05,0.03828707407814303,35,30.0,5.0,1000.0,1,single_fault
2025-11-25T14:40:32.861837+00:00,29.696374574190973,5.260459621514389,995.4473017287007,0.983620098666891,0.8489233963181456,4.589417827366425e-05,6.097669446995731e-05,0.03895811839963728,36,30.0,5.0,1000.0,1,single_fault
2025-11-25T14:40:33.980400+00:00,29.767256872607092,5.2926564082750716,1005.1276485122435,0.9674668713969404,0.8487096680892061,5.436147520405305e-05,4.796357609162584e-05,0.03845341201189913,36,30.0,5.0,1000.0,1,single_fault
2025-11-25T14:40:35.003881+00:00,29.75849883925079,5.2883222254419024,1003.117548922788,0.9753726267851913,0.8471682450369153,7.02700782661004e-05,4.819732634355967e-05,0.03476772774429479,37,30.0,5.0,1000.0,1,single_fault
2025-11-25T14:40:36.187005+00:00,29.773513376972605,5.236931200420046,1003.3011532870892,0.9777897853760666,0.8475026984034049,6.602039523215768e-05,8.353995974360549e-05,0.038428355466261346,36,30.0,5.0,1000.0,1,single_fault
2025-11-25T14:40:37.061583+00:00,29.786019356335835,5.169813283403551,992.8699894002096,0.9731024693996331,0.8502449539144523,6.344082228926787e-05,1.3390788478510704e-05,0.03463331182119568,34,30.0,5.0,1000.0,1,single_fault
2025-11-25T14:40:38.163048+00:00,29.819399799405275,5.057372197331634,985.0573238134771,0.9747900606992982,0.8541841880991669,7.609890920424606e-05,4.235125820235973e-05,0.03876846139403332,34,30.0,5.0,1000.0,1,single_fault
2025-11-25T14:40:39.163161+00:00,29.868656799591985,4.973660551753862,1003.9660339924973,0.9762612031839147,0.8506917020807906,3.295494888021551e-05,2.1483013446701808e-05,0.0349695323899924,32,30.0,5.0,1000.0,1,single_fault
2025-11-25T14:40:40.162840+00:00,29.884730996116826,4.970936208258727,1001.103287102664,0.9752069693185673,0.8497884509752227,5.566259419547715e-05,5.982644271645908e-05,0.03503451135755921,37,30.0,5.0,1000.0,1,single_fault
2025-11-25T14:40:41.262776+00:00,29.925876701881634,4.988025272000935,991.7929222384162,0.9741328846906171,0.8530503738669726,1.4086289698865366e-05,4.1438089180848536e-05,0.038350078441203646,35,30.0,5.0,1000.0,1,single_fault
2025-11-25T14:40:42.262717+00:00,29.93987701895267,4.998179643210074,999.4638741372734,0.9666105684551125,0.8510806224362408,7.390214619841017e-05,1.5723171247727985e-05,0.034833576803224416,33,30.0,5.0,1000.0,1,single_fault
2025-11-25T14:40:43.262564+00:00,29.955967168974876,4.9464171168025155,999.354354902139,0.9708948644459143,0.8537909644679823,3.536473768635116e-05,4.758457023164395e-05,0.03478268405885266,31,30.0,5.0,1000.0,1,single_fault
2025-11-25T14:40:44.370167+00:00,29.96558045024582,4.948398457526252,996.3699699717664,0.971009784381021,0.8518323485948399,8.417692251965096e-05,5.226250686752654e-05,0.03863398504218651,38,30.0,5.0,1000.0,1,single_fault
2025-11-25T14:40:45.363726+00:00,29.99275631171493,4.917811510103603,1002.2426579756002,0.9712203734782714,0.8522830780904981,1.3601074665720324e-05,3.497223959045146e-05,0.034605233680485174,33,30.0,5.0,1000.0,1,single_fault
2025-11-25T14:40:46.471741+00:00,30.026208562972702,4.945921781621581,992.7355968539407,0.9708357191863602,0.8546685323921518,2.8137967824460292e-05,3.4139040435540387e-05,0.038486581886095744,37,30.0,5.0,1000.0,1,single_fault
2025-11-25T14:40:47.560561+00:00,30.06386048063956,4.896388263528227,997.1366749114169,0.965067221186755,0.8533975464448279,7.246928990051592e-05,5.073692219410188e-05,0.038227234354332625,35,30.0,5.0,1000.0,1,single_fault
2025-11-25T14:40:48.562096+00:00,30.052561683690676,4.923260197093872,1002.0404300337228,0.9685740030147778,0.8535824337159175,5.7110361645639495e-05,6.788057907366636e-05,0.034641773648391994,35,30.0,5.0,1000.0,1,single_fault
2025-11-25T14:40:49.663138+00:00,30.10991187586542,4.926108374384239,1001.0984882148331,0.9593816629922962,0.8530074712169479,7.31064977832029e-05,3.207279750720395e-05,0.03783131157183376,36,30.0,5.0,1000.0,1,single_fault
2025-11-25T14:40:50.662695+00:00,30.10780908406873,4.848340750977672,996.1881962251986,0.972550516436195,0.8558289072576717,6.82059066520094e-05,4.2271381675513415e-05,0.0347896596807821,31,30.0,5.0,1000.0,1,single_fault
2025-11-25T14:40:51.662978+00:00,30.14926950796006,4.793853881074981,1005.6082307409986,0.9631193603330834,0.8504036728529446,5.561553129321758e-05,2.842382230136155e-05,0.034657781425387314,32,30.0,5.0,1000.0,1,single_fault
2025-11-25T14:40:52.762593+00:00,30.16853912997243,4.819611310483525,1007.9260047250226,0.9617242686400534,0.8491144761641046,3.81517755538165e-05,6.942733931281752e-05,0.0381202772802366,35,30.0,5.0,1000.0,1,single_fault
2025-11-25T14:40:53.762112+00:00,30.17922909101423,4.826546003016595,1009.321898214988,0.9601701582564338,0.8495637941144668,3.3959724942174194e-05,4.2201351898384345e-05,0.0346378147524723,32,30.0,5.0,1000.0,1,single_fault
2025-11-25T14:40:54.863283+00:00,30.17692234057338,4.823326324340527,994.812128958507,0.9620689606079967,0.8521114622939524,3.583263588198405e-05,3.921259363672072e-05,0.03786327960626954,37,30.0,5.0,1000.0,1,single_fault
2025-11-25T14:40:55.894128+00:00,30.225330019814606,4.8660489836960465,1006.7467394097663,0.9581282884466301,0.8470247887248611,2.3632387687837376e-05,5.3918332463551665e-05,0.034610633876850365,34,30.0,5.0,1000.0,1,single_fault
2025-11-25T14:40:56.961225+00:00,30.23769387495256,4.8877198978618885,1004.8083945722417,0.9652900281428995,0.8495843234782451,4.5793614785933316e-05,4.6309617856177137e-05,0.03771356955143624,38,30.0,5.0,1000.0,1,single_fault
2025-11-25T14:40:57.964048+00:00,30.248385605820538,4.905551964375499,989.2425387479612,0.9570089938294964,0.853575488978532,6.533508456720508e-05,5.931642063297189e-05,0.0344136145434464,34,30.0,5.0,1000.0,1,single_fault
2025-11-25T14:40:59.101170+00:00,30.273345787136247,4.8567614490535425,1001.6063003207954,0.9575178020549785,0.8504137590059219,5.66608678432589e-05,3.5055532026645337e-05,0.03787708530607142,37,30.0,5.0,1000.0,1,single_fault
2025-11-25T14:41:00.063699+00:00,30.289909908817798,4.857875953210643,996.7183776018408,0.9596616738903702,0.8519756649586446,4.7890197717841256e-05,4.021161460381919e-05,0.03438028690616263,34,30.0,5.0,1000.0,1,single_fault
2025-11-25T14:41:01.116772+00:00,30.33838716310501,4.856513781463076,1003.2338595436738,0.9534085880936377,0.8485898258658999,3.774162522030854e-05,4.70384474065147e-05,0.034224254984585645,32,30.0,5.0,1000.0,1,single_fault
2025-11-25T14:41:02.241379+00:00,30.325786885511945,4.872859842433883,995.9176876369663,0.9614534038370866,0.8518241736944742,4.579177105554755e-05,8.687928450003916e-05,0.03792283872294963,38,30.0,5.0,1000.0,1,single_fault
2025-11-25T14:41:03.471355+00:00,30.344678590515162,4.955828485240254,1004.72411749231,0.9556041917080904,0.850125615845051,4.129146178894338e-05,5.340266013034302e-05,0.03816053169268818,40,30.0,5.0,1000.0,1,single_fault
2025-11-25T14:41:04.262828+00:00,30.38457390706452,4.9355197428219775,1001.5953978905266,0.9493240677716074,0.8502971989272693,2.7375577236477975e-05,3.753197061934488e-05,0.034148845337715825,31,30.0,5.0,1000.0,1,single_fault
2025-11-25T14:41:05.314831+00:00,30.368404302915287,4.962763177773324,1009.0374934325437,0.9546997182830241,0.8464705048056619,4.163406447466172e-05,5.5302085433239e-05,0.034603187278580534,35,30.0,5.0,1000.0,1,single_fault
2025-11-25T14:41:06.442330+00:00,30.401363850226105,4.994216961762604,995.6459484121996,0.9544200546444372,0.8503863421109998,3.500000521646007e-05,2.4991131082001033e-05,0.03814723228216447,36,30.0,5.0,1000.0,1,single_fault
2025-11-25T14:41:07.669993+00:00,30.416072480406545,4.9397300918599125,999.0605020068055,0.9505829872835012,0.8487484717892609,4.593149227337752e-05,1.1925659348727548e-05,0.03712849968711895,37,30.0,5.0,1000.0,1,single_fault
2025-11-25T14:41:08.561610+00:00,30.43708871535412,4.918678346670237,1006.2615447571626,0.9520530452817192,0.8485040544523561,6.051252018539502e-05,6.52258512131603e-05,0.03709963471864209,37,30.0,5.0,1000.0,1,single_fault
2025-11-25T14:41:09.561216+00:00,30.46545404828696,4.913724994860901,1002.9761361886588,0.9527638717434387,0.8480244733588425,3.691815391837852e-05,3.657035963332374e-05,0.03414510919649867,33,30.0,5.0,1000.0,1,single_fault
2025-11-25T14:41:10.663155+00:00,30.464405161785734,4.90381829124223,1000.9808233296462,0.9487522156295516,0.8492238895139177,5.349495924388297e-05,4.4095162241795564e-05,0.03737101177008781,36,30.0,5.0,1000.0,1,single_fault
2025-11-25T14:41:11.663204+00:00,30.465462819479747,4.921898025346304,1009.9304114456451,0.9467251824341018,0.8445878992988408,5.5430434703089466e-05,7.802382514524135e-05,0.03419202936421486,35,30.0,5.0,1000.0,1,single_fault
2025-11-25T14:41:12.763226+00:00,30.500140240915787,4.9422067677645805,1010.0920704959885,0.948698776254232,0.8422068448220148,5.6470970867371076e-05,5.693995295637126e-05,0.03706674933502754,39,30.0,5.0,1000.0,1,single_fault
2025-11-25T14:41:13.762853+00:00,30.532533563857363,4.925984540589007,996.8051016311113,0.9502616862555937,0.8478450585776706,4.979214455728383e-05,4.1304244738100374e-05,0.03421341020321391,34,30.0,5.0,1000.0,1,single_fault
2025-11-25T14:41:14.862080+00:00,30.52328290247016,4.918678346670237,1002.4637623590421,0.9398166479166246,0.8460933637634322,4.6272163730390574e-05,5.9010871739061754e-05,0.03713644040639454,35,30.0,5.0,1000.0,1,single_fault
2025-11-25T14:41:15.861960+00:00,30.571875968344045,4.932795399326842,996.1127102116919,0.9474901871884445,0.8447018839832063,3.5412624675321716e-05,2.8441610090520086e-05,0.03393485591240119,37,30.0,5.0,1000.0,1,single_fault
2025-11-25T14:41:16.962082+00:00,30.565355165847414,4.948398457526249,1002.9773455901382,0.9401322605979505,0.8469640284546504,3.425103515899564e-05,5.6782867964316346e-05,0.03776477692288346,39,30.0,5.0,1000.0,1,single_fault
2025-11-25T14:41:17.961678+00:00,30.56956004468418,4.966849693016026,1005.6630747524399,0.9447950434999536,0.844546645881352,2.805180302630766e-05,3.274776170881578e-05,0.03397929228356333,35,30.0,5.0,1000.0,1,single_fault
2025-11-25T14:41:18.962036+00:00,30.59503082078897,5.002266158452775,986.1152606313733,0.9384629036417941,0.8496460616870852,2.2987143170343543e-05,2.6218576946469416e-05,0.03365237713652472,31,30.0,5.0,1000.0,1,single_fault
2025-11-25T14:41:20.062899+00:00,30.59272005636491,4.970688540668261,989.7502587527437,0.9443675686325257,0.8510451875455821,5.435860181657895e-05,4.6147337820712265e-05,0.03751575263126212,37,30.0,5.0,1000.0,1,single_fault
2025-11-25T14:41:21.061726+00:00,30.634408567947496,4.950503632045217,1007.2829043485023,0.9331367200135595,0.8454767030174949,4.041100885172795e-05,2.877804935761634e-05,0.03382601878498365,34,30.0,5.0,1000.0,1,single_fault
